FILE_IDENTIFIER_DATE,SOURCE_FILE,OBSERVATION_WEEK,OBSERVATION_START,OBSERVATION_END,PERIOD_TYPE,PERIOD_START,PERIOD_END,SECTION,SUBSECTION,CATEGORY,SIDE,AMOUNT,RATIO,BALANCE
2025-01-01,stock_val_1_250101.xls,2025-01-W1,2025-01-06,2025-01-10,PREVIOUS,12/30～12/30,12/30～12/30,委託内訳,,法人,SELL,197385043,5.4,-5273151
2025-01-01,stock_val_1_250101.xls,2025-01-W1,2025-01-06,2025-01-10,PREVIOUS,12/30～12/30,12/30～12/30,委託内訳,,法人,BUY,192111892,5.2,
2025-01-01,stock_val_1_250101.xls,2025-01-W1,2025-01-06,2025-01-10,CURRENT,2025-01-06,2025-01-10,委託内訳,,法人,SELL,1737253411,7.5,-365521091
2025-01-01,stock_val_1_250101.xls,2025-01-W1,2025-01-06,2025-01-10,CURRENT,2025-01-06,2025-01-10,委託内訳,,法人,BUY,1371732320,5.7,
2025-01-01,stock_val_1_250101.xls,2025-01-W1,2025-01-06,2025-01-10,PREVIOUS,12/30～12/30,12/30～12/30,委託内訳,,個人,SELL,1162090778,31.7,
2025-01-01,stock_val_1_250101.xls,2025-01-W1,2025-01-06,2025-01-10,PREVIOUS,12/30～12/30,12/30～12/30,委託内訳,,個人,BUY,1293673951,34.7,131583173
2025-01-01,stock_val_1_250101.xls,2025-01-W1,2025-01-06,2025-01-10,CURRENT,2025-01-06,2025-01-10,委託内訳,,個人,SELL,6411912980,27.6,
2025-01-01,stock_val_1_250101.xls,2025-01-W1,2025-01-06,2025-01-10,CURRENT,2025-01-06,2025-01-10,委託内訳,,個人,BUY,7139662694,29.8,727749714
2025-01-01,stock_val_1_250101.xls,2025-01-W1,2025-01-06,2025-01-10,PREVIOUS,12/30～12/30,12/30～12/30,委託内訳,,海外投資家,SELL,2295893467,62.6,-65723365
2025-01-01,stock_val_1_250101.xls,2025-01-W1,2025-01-06,2025-01-10,PREVIOUS,12/30～12/30,12/30～12/30,委託内訳,,海外投資家,BUY,2230170102,59.8,
2025-01-01,stock_val_1_250101.xls,2025-01-W1,2025-01-06,2025-01-10,CURRENT,2025-01-06,2025-01-10,委託内訳,,海外投資家,SELL,14967569423,64.5,
2025-01-01,stock_val_1_250101.xls,2025-01-W1,2025-01-06,2025-01-10,CURRENT,2025-01-06,2025-01-10,委託内訳,,海外投資家,BUY,15311121612,64.0,343552189
2025-01-01,stock_val_1_250101.xls,2025-01-W1,2025-01-06,2025-01-10,PREVIOUS,12/30～12/30,12/30～12/30,委託内訳,,証券会社,SELL,11132728,0.3,
2025-01-01,stock_val_1_250101.xls,2025-01-W1,2025-01-06,2025-01-10,PREVIOUS,12/30～12/30,12/30～12/30,委託内訳,,証券会社,BUY,12817187,0.3,1684459
2025-01-01,stock_val_1_250101.xls,2025-01-W1,2025-01-06,2025-01-10,CURRENT,2025-01-06,2025-01-10,委託内訳,,証券会社,SELL,102643464,0.4,
2025-01-01,stock_val_1_250101.xls,2025-01-W1,2025-01-06,2025-01-10,CURRENT,2025-01-06,2025-01-10,委託内訳,,証券会社,BUY,115379979,0.5,12736515
2025-01-01,stock_val_1_250101.xls,2025-01-W1,2025-01-06,2025-01-10,PREVIOUS,12/30～12/30,12/30～12/30,委託内訳,法人内訳,投資信託,SELL,115048347,3.1,-43440078
2025-01-01,stock_val_1_250101.xls,2025-01-W1,2025-01-06,2025-01-10,PREVIOUS,12/30～12/30,12/30～12/30,委託内訳,法人内訳,投資信託,BUY,71608269,1.9,
2025-01-01,stock_val_1_250101.xls,2025-01-W1,2025-01-06,2025-01-10,CURRENT,2025-01-06,2025-01-10,委託内訳,法人内訳,投資信託,SELL,505449394,2.2,-116178102
2025-01-01,stock_val_1_250101.xls,2025-01-W1,2025-01-06,2025-01-10,CURRENT,2025-01-06,2025-01-10,委託内訳,法人内訳,投資信託,BUY,389271292,1.6,
2025-01-01,stock_val_1_250101.xls,2025-01-W1,2025-01-06,2025-01-10,PREVIOUS,12/30～12/30,12/30～12/30,委託内訳,法人内訳,事業法人,SELL,30450178,0.8,-178517
2025-01-01,stock_val_1_250101.xls,2025-01-W1,2025-01-06,2025-01-10,PREVIOUS,12/30～12/30,12/30～12/30,委託内訳,法人内訳,事業法人,BUY,30271661,0.8,
2025-01-01,stock_val_1_250101.xls,2025-01-W1,2025-01-06,2025-01-10,CURRENT,2025-01-06,2025-01-10,委託内訳,法人内訳,事業法人,SELL,224761370,1.0,
2025-01-01,stock_val_1_250101.xls,2025-01-W1,2025-01-06,2025-01-10,CURRENT,2025-01-06,2025-01-10,委託内訳,法人内訳,事業法人,BUY,550436285,2.3,325674915
2025-01-01,stock_val_1_250101.xls,2025-01-W1,2025-01-06,2025-01-10,PREVIOUS,12/30～12/30,12/30～12/30,委託内訳,法人内訳,その他法人等,SELL,4040702,0.1,
2025-01-01,stock_val_1_250101.xls,2025-01-W1,2025-01-06,2025-01-10,PREVIOUS,12/30～12/30,12/30～12/30,委託内訳,法人内訳,その他法人等,BUY,12895417,0.3,8854715
2025-01-01,stock_val_1_250101.xls,2025-01-W1,2025-01-06,2025-01-10,CURRENT,2025-01-06,2025-01-10,委託内訳,法人内訳,その他法人等,SELL,43817044,0.2,
2025-01-01,stock_val_1_250101.xls,2025-01-W1,2025-01-06,2025-01-10,CURRENT,2025-01-06,2025-01-10,委託内訳,法人内訳,その他法人等,BUY,65527943,0.3,21710899
2025-01-01,stock_val_1_250101.xls,2025-01-W1,2025-01-06,2025-01-10,PREVIOUS,12/30～12/30,12/30～12/30,委託内訳,法人内訳,金融機関,SELL,47845816,1.3,
2025-01-01,stock_val_1_250101.xls,2025-01-W1,2025-01-06,2025-01-10,PREVIOUS,12/30～12/30,12/30～12/30,委託内訳,法人内訳,金融機関,BUY,77336545,2.1,29490729
2025-01-01,stock_val_1_250101.xls,2025-01-W1,2025-01-06,2025-01-10,CURRENT,2025-01-06,2025-01-10,委託内訳,法人内訳,金融機関,SELL,963225603,4.1,-596728803
2025-01-01,stock_val_1_250101.xls,2025-01-W1,2025-01-06,2025-01-10,CURRENT,2025-01-06,2025-01-10,委託内訳,法人内訳,金融機関,BUY,366496800,1.5,
2025-01-01,stock_val_1_250101.xls,2025-01-W1,2025-01-06,2025-01-10,PREVIOUS,12/30～12/30,12/30～12/30,委託内訳,金融機関内訳,生保・損保,SELL,22726,0.0,
2025-01-01,stock_val_1_250101.xls,2025-01-W1,2025-01-06,2025-01-10,PREVIOUS,12/30～12/30,12/30～12/30,委託内訳,金融機関内訳,生保・損保,BUY,27553,0.0,4827
2025-01-01,stock_val_1_250101.xls,2025-01-W1,2025-01-06,2025-01-10,CURRENT,2025-01-06,2025-01-10,委託内訳,金融機関内訳,生保・損保,SELL,34483923,0.1,-21101633
2025-01-01,stock_val_1_250101.xls,2025-01-W1,2025-01-06,2025-01-10,CURRENT,2025-01-06,2025-01-10,委託内訳,金融機関内訳,生保・損保,BUY,13382290,0.1,
2025-01-01,stock_val_1_250101.xls,2025-01-W1,2025-01-06,2025-01-10,PREVIOUS,12/30～12/30,12/30～12/30,委託内訳,金融機関内訳,都銀・地銀等,SELL,1698793,0.0,-1570925
2025-01-01,stock_val_1_250101.xls,2025-01-W1,2025-01-06,2025-01-10,PREVIOUS,12/30～12/30,12/30～12/30,委託内訳,金融機関内訳,都銀・地銀等,BUY,127868,0.0,
2025-01-01,stock_val_1_250101.xls,2025-01-W1,2025-01-06,2025-01-10,CURRENT,2025-01-06,2025-01-10,委託内訳,金融機関内訳,都銀・地銀等,SELL,63037606,0.3,-55026336
2025-01-01,stock_val_1_250101.xls,2025-01-W1,2025-01-06,2025-01-10,CURRENT,2025-01-06,2025-01-10,委託内訳,金融機関内訳,都銀・地銀等,BUY,8011270,0.0,
2025-01-01,stock_val_1_250101.xls,2025-01-W1,2025-01-06,2025-01-10,PREVIOUS,12/30～12/30,12/30～12/30,委託内訳,金融機関内訳,信託銀行,SELL,45005208,1.2,
2025-01-01,stock_val_1_250101.xls,2025-01-W1,2025-01-06,2025-01-10,PREVIOUS,12/30～12/30,12/30～12/30,委託内訳,金融機関内訳,信託銀行,BUY,76314033,2.0,31308825
2025-01-01,stock_val_1_250101.xls,2025-01-W1,2025-01-06,2025-01-10,CURRENT,2025-01-06,2025-01-10,委託内訳,金融機関内訳,信託銀行,SELL,846600738,3.6,-531876103
2025-01-01,stock_val_1_250101.xls,2025-01-W1,2025-01-06,2025-01-10,CURRENT,2025-01-06,2025-01-10,委託内訳,金融機関内訳,信託銀行,BUY,314724635,1.3,
2025-01-01,stock_val_1_250101.xls,2025-01-W1,2025-01-06,2025-01-10,PREVIOUS,12/30～12/30,12/30～12/30,委託内訳,金融機関内訳,その他金融機関,SELL,1119089,0.0,-251998
2025-01-01,stock_val_1_250101.xls,2025-01-W1,2025-01-06,2025-01-10,PREVIOUS,12/30～12/30,12/30～12/30,委託内訳,金融機関内訳,その他金融機関,BUY,867091,0.0,
2025-01-01,stock_val_1_250101.xls,2025-01-W1,2025-01-06,2025-01-10,CURRENT,2025-01-06,2025-01-10,委託内訳,金融機関内訳,その他金融機関,SELL,19103336,0.1,
2025-01-01,stock_val_1_250101.xls,2025-01-W1,2025-01-06,2025-01-10,CURRENT,2025-01-06,2025-01-10,委託内訳,金融機関内訳,その他金融機関,BUY,30378605,0.1,11275269
2025-01-02,stock_val_1_250102.xls,2025-01-W2,2025-01-14,2025-01-17,PREVIOUS,01/06～01/10,01/06～01/10,委託内訳,,法人,SELL,1737253411,7.5,-365521091
2025-01-02,stock_val_1_250102.xls,2025-01-W2,2025-01-14,2025-01-17,PREVIOUS,01/06～01/10,01/06～01/10,委託内訳,,法人,BUY,1371732320,5.7,
2025-01-02,stock_val_1_250102.xls,2025-01-W2,2025-01-14,2025-01-17,CURRENT,2025-01-14,2025-01-17,委託内訳,,法人,SELL,938421309,5.4,
2025-01-02,stock_val_1_250102.xls,2025-01-W2,2025-01-14,2025-01-17,CURRENT,2025-01-14,2025-01-17,委託内訳,,法人,BUY,1071784326,6.0,133363017
2025-01-02,stock_val_1_250102.xls,2025-01-W2,2025-01-14,2025-01-17,PREVIOUS,01/06～01/10,01/06～01/10,委託内訳,,個人,SELL,6411912980,27.6,
2025-01-02,stock_val_1_250102.xls,2025-01-W2,2025-01-14,2025-01-17,PREVIOUS,01/06～01/10,01/06～01/10,委託内訳,,個人,BUY,7139662694,29.8,727749714
2025-01-02,stock_val_1_250102.xls,2025-01-W2,2025-01-14,2025-01-17,CURRENT,2025-01-14,2025-01-17,委託内訳,,個人,SELL,4384354292,25.3,
2025-01-02,stock_val_1_250102.xls,2025-01-W2,2025-01-14,2025-01-17,CURRENT,2025-01-14,2025-01-17,委託内訳,,個人,BUY,4835685384,27.0,451331092
2025-01-02,stock_val_1_250102.xls,2025-01-W2,2025-01-14,2025-01-17,PREVIOUS,01/06～01/10,01/06～01/10,委託内訳,,海外投資家,SELL,14967569423,64.5,
2025-01-02,stock_val_1_250102.xls,2025-01-W2,2025-01-14,2025-01-17,PREVIOUS,01/06～01/10,01/06～01/10,委託内訳,,海外投資家,BUY,15311121612,64.0,343552189
2025-01-02,stock_val_1_250102.xls,2025-01-W2,2025-01-14,2025-01-17,CURRENT,2025-01-14,2025-01-17,委託内訳,,海外投資家,SELL,11938406472,68.9,-4618496
2025-01-02,stock_val_1_250102.xls,2025-01-W2,2025-01-14,2025-01-17,CURRENT,2025-01-14,2025-01-17,委託内訳,,海外投資家,BUY,11933787976,66.6,
2025-01-02,stock_val_1_250102.xls,2025-01-W2,2025-01-14,2025-01-17,PREVIOUS,01/06～01/10,01/06～01/10,委託内訳,,証券会社,SELL,102643464,0.4,
2025-01-02,stock_val_1_250102.xls,2025-01-W2,2025-01-14,2025-01-17,PREVIOUS,01/06～01/10,01/06～01/10,委託内訳,,証券会社,BUY,115379979,0.5,12736515
2025-01-02,stock_val_1_250102.xls,2025-01-W2,2025-01-14,2025-01-17,CURRENT,2025-01-14,2025-01-17,委託内訳,,証券会社,SELL,70508780,0.4,
2025-01-02,stock_val_1_250102.xls,2025-01-W2,2025-01-14,2025-01-17,CURRENT,2025-01-14,2025-01-17,委託内訳,,証券会社,BUY,78110165,0.4,7601385
2025-01-02,stock_val_1_250102.xls,2025-01-W2,2025-01-14,2025-01-17,PREVIOUS,01/06～01/10,01/06～01/10,委託内訳,法人内訳,投資信託,SELL,505449394,2.2,-116178102
2025-01-02,stock_val_1_250102.xls,2025-01-W2,2025-01-14,2025-01-17,PREVIOUS,01/06～01/10,01/06～01/10,委託内訳,法人内訳,投資信託,BUY,389271292,1.6,
2025-01-02,stock_val_1_250102.xls,2025-01-W2,2025-01-14,2025-01-17,CURRENT,2025-01-14,2025-01-17,委託内訳,法人内訳,投資信託,SELL,227653788,1.3,
2025-01-02,stock_val_1_250102.xls,2025-01-W2,2025-01-14,2025-01-17,CURRENT,2025-01-14,2025-01-17,委託内訳,法人内訳,投資信託,BUY,317462900,1.8,89809112
2025-01-02,stock_val_1_250102.xls,2025-01-W2,2025-01-14,2025-01-17,PREVIOUS,01/06～01/10,01/06～01/10,委託内訳,法人内訳,事業法人,SELL,224761370,1.0,
2025-01-02,stock_val_1_250102.xls,2025-01-W2,2025-01-14,2025-01-17,PREVIOUS,01/06～01/10,01/06～01/10,委託内訳,法人内訳,事業法人,BUY,550436285,2.3,325674915
2025-01-02,stock_val_1_250102.xls,2025-01-W2,2025-01-14,2025-01-17,CURRENT,2025-01-14,2025-01-17,委託内訳,法人内訳,事業法人,SELL,194110112,1.1,
2025-01-02,stock_val_1_250102.xls,2025-01-W2,2025-01-14,2025-01-17,CURRENT,2025-01-14,2025-01-17,委託内訳,法人内訳,事業法人,BUY,399766996,2.2,205656884
2025-01-02,stock_val_1_250102.xls,2025-01-W2,2025-01-14,2025-01-17,PREVIOUS,01/06～01/10,01/06～01/10,委託内訳,法人内訳,その他法人等,SELL,43817044,0.2,
2025-01-02,stock_val_1_250102.xls,2025-01-W2,2025-01-14,2025-01-17,PREVIOUS,01/06～01/10,01/06～01/10,委託内訳,法人内訳,その他法人等,BUY,65527943,0.3,21710899
2025-01-02,stock_val_1_250102.xls,2025-01-W2,2025-01-14,2025-01-17,CURRENT,2025-01-14,2025-01-17,委託内訳,法人内訳,その他法人等,SELL,33502222,0.2,
2025-01-02,stock_val_1_250102.xls,2025-01-W2,2025-01-14,2025-01-17,CURRENT,2025-01-14,2025-01-17,委託内訳,法人内訳,その他法人等,BUY,48623307,0.3,15121085
2025-01-02,stock_val_1_250102.xls,2025-01-W2,2025-01-14,2025-01-17,PREVIOUS,01/06～01/10,01/06～01/10,委託内訳,法人内訳,金融機関,SELL,963225603,4.1,-596728803
2025-01-02,stock_val_1_250102.xls,2025-01-W2,2025-01-14,2025-01-17,PREVIOUS,01/06～01/10,01/06～01/10,委託内訳,法人内訳,金融機関,BUY,366496800,1.5,
2025-01-02,stock_val_1_250102.xls,2025-01-W2,2025-01-14,2025-01-17,CURRENT,2025-01-14,2025-01-17,委託内訳,法人内訳,金融機関,SELL,483155187,2.8,-177224064
2025-01-02,stock_val_1_250102.xls,2025-01-W2,2025-01-14,2025-01-17,CURRENT,2025-01-14,2025-01-17,委託内訳,法人内訳,金融機関,BUY,305931123,1.7,
2025-01-02,stock_val_1_250102.xls,2025-01-W2,2025-01-14,2025-01-17,PREVIOUS,01/06～01/10,01/06～01/10,委託内訳,金融機関内訳,生保・損保,SELL,34483923,0.1,-21101633
2025-01-02,stock_val_1_250102.xls,2025-01-W2,2025-01-14,2025-01-17,PREVIOUS,01/06～01/10,01/06～01/10,委託内訳,金融機関内訳,生保・損保,BUY,13382290,0.1,
2025-01-02,stock_val_1_250102.xls,2025-01-W2,2025-01-14,2025-01-17,CURRENT,2025-01-14,2025-01-17,委託内訳,金融機関内訳,生保・損保,SELL,27087049,0.2,-4354279
2025-01-02,stock_val_1_250102.xls,2025-01-W2,2025-01-14,2025-01-17,CURRENT,2025-01-14,2025-01-17,委託内訳,金融機関内訳,生保・損保,BUY,22732770,0.1,
2025-01-02,stock_val_1_250102.xls,2025-01-W2,2025-01-14,2025-01-17,PREVIOUS,01/06～01/10,01/06～01/10,委託内訳,金融機関内訳,都銀・地銀等,SELL,63037606,0.3,-55026336
2025-01-02,stock_val_1_250102.xls,2025-01-W2,2025-01-14,2025-01-17,PREVIOUS,01/06～01/10,01/06～01/10,委託内訳,金融機関内訳,都銀・地銀等,BUY,8011270,0.0,
2025-01-02,stock_val_1_250102.xls,2025-01-W2,2025-01-14,2025-01-17,CURRENT,2025-01-14,2025-01-17,委託内訳,金融機関内訳,都銀・地銀等,SELL,32662603,0.2,-23814334
2025-01-02,stock_val_1_250102.xls,2025-01-W2,2025-01-14,2025-01-17,CURRENT,2025-01-14,2025-01-17,委託内訳,金融機関内訳,都銀・地銀等,BUY,8848269,0.0,
2025-01-02,stock_val_1_250102.xls,2025-01-W2,2025-01-14,2025-01-17,PREVIOUS,01/06～01/10,01/06～01/10,委託内訳,金融機関内訳,信託銀行,SELL,846600738,3.6,-531876103
2025-01-02,stock_val_1_250102.xls,2025-01-W2,2025-01-14,2025-01-17,PREVIOUS,01/06～01/10,01/06～01/10,委託内訳,金融機関内訳,信託銀行,BUY,314724635,1.3,
2025-01-02,stock_val_1_250102.xls,2025-01-W2,2025-01-14,2025-01-17,CURRENT,2025-01-14,2025-01-17,委託内訳,金融機関内訳,信託銀行,SELL,380356751,2.2,-130026501
2025-01-02,stock_val_1_250102.xls,2025-01-W2,2025-01-14,2025-01-17,CURRENT,2025-01-14,2025-01-17,委託内訳,金融機関内訳,信託銀行,BUY,250330250,1.4,
2025-01-02,stock_val_1_250102.xls,2025-01-W2,2025-01-14,2025-01-17,PREVIOUS,01/06～01/10,01/06～01/10,委託内訳,金融機関内訳,その他金融機関,SELL,19103336,0.1,
2025-01-02,stock_val_1_250102.xls,2025-01-W2,2025-01-14,2025-01-17,PREVIOUS,01/06～01/10,01/06～01/10,委託内訳,金融機関内訳,その他金融機関,BUY,30378605,0.1,11275269
2025-01-02,stock_val_1_250102.xls,2025-01-W2,2025-01-14,2025-01-17,CURRENT,2025-01-14,2025-01-17,委託内訳,金融機関内訳,その他金融機関,SELL,43048784,0.2,-19028950
2025-01-02,stock_val_1_250102.xls,2025-01-W2,2025-01-14,2025-01-17,CURRENT,2025-01-14,2025-01-17,委託内訳,金融機関内訳,その他金融機関,BUY,24019834,0.1,
2025-01-03,stock_val_1_250103.xls,2025-01-W3,2025-01-20,2025-01-24,PREVIOUS,01/14～01/17,01/14～01/17,委託内訳,,法人,SELL,938421309,5.4,
2025-01-03,stock_val_1_250103.xls,2025-01-W3,2025-01-20,2025-01-24,PREVIOUS,01/14～01/17,01/14～01/17,委託内訳,,法人,BUY,1071784326,6.0,133363017
2025-01-03,stock_val_1_250103.xls,2025-01-W3,2025-01-20,2025-01-24,CURRENT,2025-01-20,2025-01-24,委託内訳,,法人,SELL,1005304015,4.6,
2025-01-03,stock_val_1_250103.xls,2025-01-W3,2025-01-20,2025-01-24,CURRENT,2025-01-20,2025-01-24,委託内訳,,法人,BUY,1106217008,5.1,100912993
2025-01-03,stock_val_1_250103.xls,2025-01-W3,2025-01-20,2025-01-24,PREVIOUS,01/14～01/17,01/14～01/17,委託内訳,,個人,SELL,4384354292,25.3,
2025-01-03,stock_val_1_250103.xls,2025-01-W3,2025-01-20,2025-01-24,PREVIOUS,01/14～01/17,01/14～01/17,委託内訳,,個人,BUY,4835685384,27.0,451331092
2025-01-03,stock_val_1_250103.xls,2025-01-W3,2025-01-20,2025-01-24,CURRENT,2025-01-20,2025-01-24,委託内訳,,個人,SELL,6952520255,31.9,-458643678
2025-01-03,stock_val_1_250103.xls,2025-01-W3,2025-01-20,2025-01-24,CURRENT,2025-01-20,2025-01-24,委託内訳,,個人,BUY,6493876577,29.7,
2025-01-03,stock_val_1_250103.xls,2025-01-W3,2025-01-20,2025-01-24,PREVIOUS,01/14～01/17,01/14～01/17,委託内訳,,海外投資家,SELL,11938406472,68.9,-4618496
2025-01-03,stock_val_1_250103.xls,2025-01-W3,2025-01-20,2025-01-24,PREVIOUS,01/14～01/17,01/14～01/17,委託内訳,,海外投資家,BUY,11933787976,66.6,
2025-01-03,stock_val_1_250103.xls,2025-01-W3,2025-01-20,2025-01-24,CURRENT,2025-01-20,2025-01-24,委託内訳,,海外投資家,SELL,13746841314,63.1,
2025-01-03,stock_val_1_250103.xls,2025-01-W3,2025-01-20,2025-01-24,CURRENT,2025-01-20,2025-01-24,委託内訳,,海外投資家,BUY,14137948015,64.8,391106701
2025-01-03,stock_val_1_250103.xls,2025-01-W3,2025-01-20,2025-01-24,PREVIOUS,01/14～01/17,01/14～01/17,委託内訳,,証券会社,SELL,70508780,0.4,
2025-01-03,stock_val_1_250103.xls,2025-01-W3,2025-01-20,2025-01-24,PREVIOUS,01/14～01/17,01/14～01/17,委託内訳,,証券会社,BUY,78110165,0.4,7601385
2025-01-03,stock_val_1_250103.xls,2025-01-W3,2025-01-20,2025-01-24,CURRENT,2025-01-20,2025-01-24,委託内訳,,証券会社,SELL,96947791,0.4,-1902217
2025-01-03,stock_val_1_250103.xls,2025-01-W3,2025-01-20,2025-01-24,CURRENT,2025-01-20,2025-01-24,委託内訳,,証券会社,BUY,95045574,0.4,
2025-01-03,stock_val_1_250103.xls,2025-01-W3,2025-01-20,2025-01-24,PREVIOUS,01/14～01/17,01/14～01/17,委託内訳,法人内訳,投資信託,SELL,227653788,1.3,
2025-01-03,stock_val_1_250103.xls,2025-01-W3,2025-01-20,2025-01-24,PREVIOUS,01/14～01/17,01/14～01/17,委託内訳,法人内訳,投資信託,BUY,317462900,1.8,89809112
2025-01-03,stock_val_1_250103.xls,2025-01-W3,2025-01-20,2025-01-24,CURRENT,2025-01-20,2025-01-24,委託内訳,法人内訳,投資信託,SELL,305399739,1.4,-31236160
2025-01-03,stock_val_1_250103.xls,2025-01-W3,2025-01-20,2025-01-24,CURRENT,2025-01-20,2025-01-24,委託内訳,法人内訳,投資信託,BUY,274163579,1.3,
2025-01-03,stock_val_1_250103.xls,2025-01-W3,2025-01-20,2025-01-24,PREVIOUS,01/14～01/17,01/14～01/17,委託内訳,法人内訳,事業法人,SELL,194110112,1.1,
2025-01-03,stock_val_1_250103.xls,2025-01-W3,2025-01-20,2025-01-24,PREVIOUS,01/14～01/17,01/14～01/17,委託内訳,法人内訳,事業法人,BUY,399766996,2.2,205656884
2025-01-03,stock_val_1_250103.xls,2025-01-W3,2025-01-20,2025-01-24,CURRENT,2025-01-20,2025-01-24,委託内訳,法人内訳,事業法人,SELL,234849611,1.1,
2025-01-03,stock_val_1_250103.xls,2025-01-W3,2025-01-20,2025-01-24,CURRENT,2025-01-20,2025-01-24,委託内訳,法人内訳,事業法人,BUY,433235794,2.0,198386183
2025-01-03,stock_val_1_250103.xls,2025-01-W3,2025-01-20,2025-01-24,PREVIOUS,01/14～01/17,01/14～01/17,委託内訳,法人内訳,その他法人等,SELL,33502222,0.2,
2025-01-03,stock_val_1_250103.xls,2025-01-W3,2025-01-20,2025-01-24,PREVIOUS,01/14～01/17,01/14～01/17,委託内訳,法人内訳,その他法人等,BUY,48623307,0.3,15121085
2025-01-03,stock_val_1_250103.xls,2025-01-W3,2025-01-20,2025-01-24,CURRENT,2025-01-20,2025-01-24,委託内訳,法人内訳,その他法人等,SELL,62590562,0.3,
2025-01-03,stock_val_1_250103.xls,2025-01-W3,2025-01-20,2025-01-24,CURRENT,2025-01-20,2025-01-24,委託内訳,法人内訳,その他法人等,BUY,91711852,0.4,29121290
2025-01-03,stock_val_1_250103.xls,2025-01-W3,2025-01-20,2025-01-24,PREVIOUS,01/14～01/17,01/14～01/17,委託内訳,法人内訳,金融機関,SELL,483155187,2.8,-177224064
2025-01-03,stock_val_1_250103.xls,2025-01-W3,2025-01-20,2025-01-24,PREVIOUS,01/14～01/17,01/14～01/17,委託内訳,法人内訳,金融機関,BUY,305931123,1.7,
2025-01-03,stock_val_1_250103.xls,2025-01-W3,2025-01-20,2025-01-24,CURRENT,2025-01-20,2025-01-24,委託内訳,法人内訳,金融機関,SELL,402464103,1.8,-95358320
2025-01-03,stock_val_1_250103.xls,2025-01-W3,2025-01-20,2025-01-24,CURRENT,2025-01-20,2025-01-24,委託内訳,法人内訳,金融機関,BUY,307105783,1.4,
2025-01-03,stock_val_1_250103.xls,2025-01-W3,2025-01-20,2025-01-24,PREVIOUS,01/14～01/17,01/14～01/17,委託内訳,金融機関内訳,生保・損保,SELL,27087049,0.2,-4354279
2025-01-03,stock_val_1_250103.xls,2025-01-W3,2025-01-20,2025-01-24,PREVIOUS,01/14～01/17,01/14～01/17,委託内訳,金融機関内訳,生保・損保,BUY,22732770,0.1,
2025-01-03,stock_val_1_250103.xls,2025-01-W3,2025-01-20,2025-01-24,CURRENT,2025-01-20,2025-01-24,委託内訳,金融機関内訳,生保・損保,SELL,49709122,0.2,-41480498
2025-01-03,stock_val_1_250103.xls,2025-01-W3,2025-01-20,2025-01-24,CURRENT,2025-01-20,2025-01-24,委託内訳,金融機関内訳,生保・損保,BUY,8228624,0.0,
2025-01-03,stock_val_1_250103.xls,2025-01-W3,2025-01-20,2025-01-24,PREVIOUS,01/14～01/17,01/14～01/17,委託内訳,金融機関内訳,都銀・地銀等,SELL,32662603,0.2,-23814334
2025-01-03,stock_val_1_250103.xls,2025-01-W3,2025-01-20,2025-01-24,PREVIOUS,01/14～01/17,01/14～01/17,委託内訳,金融機関内訳,都銀・地銀等,BUY,8848269,0.0,
2025-01-03,stock_val_1_250103.xls,2025-01-W3,2025-01-20,2025-01-24,CURRENT,2025-01-20,2025-01-24,委託内訳,金融機関内訳,都銀・地銀等,SELL,30639659,0.1,-18116028
2025-01-03,stock_val_1_250103.xls,2025-01-W3,2025-01-20,2025-01-24,CURRENT,2025-01-20,2025-01-24,委託内訳,金融機関内訳,都銀・地銀等,BUY,12523631,0.1,
2025-01-03,stock_val_1_250103.xls,2025-01-W3,2025-01-20,2025-01-24,PREVIOUS,01/14～01/17,01/14～01/17,委託内訳,金融機関内訳,信託銀行,SELL,380356751,2.2,-130026501
2025-01-03,stock_val_1_250103.xls,2025-01-W3,2025-01-20,2025-01-24,PREVIOUS,01/14～01/17,01/14～01/17,委託内訳,金融機関内訳,信託銀行,BUY,250330250,1.4,
2025-01-03,stock_val_1_250103.xls,2025-01-W3,2025-01-20,2025-01-24,CURRENT,2025-01-20,2025-01-24,委託内訳,金融機関内訳,信託銀行,SELL,302359520,1.4,-30936383
2025-01-03,stock_val_1_250103.xls,2025-01-W3,2025-01-20,2025-01-24,CURRENT,2025-01-20,2025-01-24,委託内訳,金融機関内訳,信託銀行,BUY,271423137,1.2,
2025-01-03,stock_val_1_250103.xls,2025-01-W3,2025-01-20,2025-01-24,PREVIOUS,01/14～01/17,01/14～01/17,委託内訳,金融機関内訳,その他金融機関,SELL,43048784,0.2,-19028950
2025-01-03,stock_val_1_250103.xls,2025-01-W3,2025-01-20,2025-01-24,PREVIOUS,01/14～01/17,01/14～01/17,委託内訳,金融機関内訳,その他金融機関,BUY,24019834,0.1,
2025-01-03,stock_val_1_250103.xls,2025-01-W3,2025-01-20,2025-01-24,CURRENT,2025-01-20,2025-01-24,委託内訳,金融機関内訳,その他金融機関,SELL,19755802,0.1,-4825411
2025-01-03,stock_val_1_250103.xls,2025-01-W3,2025-01-20,2025-01-24,CURRENT,2025-01-20,2025-01-24,委託内訳,金融機関内訳,その他金融機関,BUY,14930391,0.1,
2025-01-04,stock_val_1_250104.xls,2025-01-W4,2025-01-27,2025-01-31,PREVIOUS,01/20～01/24,01/20～01/24,委託内訳,,法人,SELL,1005304015,4.6,
2025-01-04,stock_val_1_250104.xls,2025-01-W4,2025-01-27,2025-01-31,PREVIOUS,01/20～01/24,01/20～01/24,委託内訳,,法人,BUY,1106217008,5.1,100912993
2025-01-04,stock_val_1_250104.xls,2025-01-W4,2025-01-27,2025-01-31,CURRENT,2025-01-27,2025-01-31,委託内訳,,法人,SELL,1578582547,6.4,-15793185
2025-01-04,stock_val_1_250104.xls,2025-01-W4,2025-01-27,2025-01-31,CURRENT,2025-01-27,2025-01-31,委託内訳,,法人,BUY,1562789362,6.4,
2025-01-04,stock_val_1_250104.xls,2025-01-W4,2025-01-27,2025-01-31,PREVIOUS,01/20～01/24,01/20～01/24,委託内訳,,個人,SELL,6952520255,31.9,-458643678
2025-01-04,stock_val_1_250104.xls,2025-01-W4,2025-01-27,2025-01-31,PREVIOUS,01/20～01/24,01/20～01/24,委託内訳,,個人,BUY,6493876577,29.7,
2025-01-04,stock_val_1_250104.xls,2025-01-W4,2025-01-27,2025-01-31,CURRENT,2025-01-27,2025-01-31,委託内訳,,個人,SELL,7156069859,29.0,
2025-01-04,stock_val_1_250104.xls,2025-01-W4,2025-01-27,2025-01-31,CURRENT,2025-01-27,2025-01-31,委託内訳,,個人,BUY,7298506085,29.8,142436226
2025-01-04,stock_val_1_250104.xls,2025-01-W4,2025-01-27,2025-01-31,PREVIOUS,01/20～01/24,01/20～01/24,委託内訳,,海外投資家,SELL,13746841314,63.1,
2025-01-04,stock_val_1_250104.xls,2025-01-W4,2025-01-27,2025-01-31,PREVIOUS,01/20～01/24,01/20～01/24,委託内訳,,海外投資家,BUY,14137948015,64.8,391106701
2025-01-04,stock_val_1_250104.xls,2025-01-W4,2025-01-27,2025-01-31,CURRENT,2025-01-27,2025-01-31,委託内訳,,海外投資家,SELL,15839951939,64.1,-313361726
2025-01-04,stock_val_1_250104.xls,2025-01-W4,2025-01-27,2025-01-31,CURRENT,2025-01-27,2025-01-31,委託内訳,,海外投資家,BUY,15526590213,63.4,
2025-01-04,stock_val_1_250104.xls,2025-01-W4,2025-01-27,2025-01-31,PREVIOUS,01/20～01/24,01/20～01/24,委託内訳,,証券会社,SELL,96947791,0.4,-1902217
2025-01-04,stock_val_1_250104.xls,2025-01-W4,2025-01-27,2025-01-31,PREVIOUS,01/20～01/24,01/20～01/24,委託内訳,,証券会社,BUY,95045574,0.4,
2025-01-04,stock_val_1_250104.xls,2025-01-W4,2025-01-27,2025-01-31,CURRENT,2025-01-27,2025-01-31,委託内訳,,証券会社,SELL,117698736,0.5,
2025-01-04,stock_val_1_250104.xls,2025-01-W4,2025-01-27,2025-01-31,CURRENT,2025-01-27,2025-01-31,委託内訳,,証券会社,BUY,121019995,0.5,3321259
2025-01-04,stock_val_1_250104.xls,2025-01-W4,2025-01-27,2025-01-31,PREVIOUS,01/20～01/24,01/20～01/24,委託内訳,法人内訳,投資信託,SELL,305399739,1.4,-31236160
2025-01-04,stock_val_1_250104.xls,2025-01-W4,2025-01-27,2025-01-31,PREVIOUS,01/20～01/24,01/20～01/24,委託内訳,法人内訳,投資信託,BUY,274163579,1.3,
2025-01-04,stock_val_1_250104.xls,2025-01-W4,2025-01-27,2025-01-31,CURRENT,2025-01-27,2025-01-31,委託内訳,法人内訳,投資信託,SELL,543383194,2.2,-54858315
2025-01-04,stock_val_1_250104.xls,2025-01-W4,2025-01-27,2025-01-31,CURRENT,2025-01-27,2025-01-31,委託内訳,法人内訳,投資信託,BUY,488524879,2.0,
2025-01-04,stock_val_1_250104.xls,2025-01-W4,2025-01-27,2025-01-31,PREVIOUS,01/20～01/24,01/20～01/24,委託内訳,法人内訳,事業法人,SELL,234849611,1.1,
2025-01-04,stock_val_1_250104.xls,2025-01-W4,2025-01-27,2025-01-31,PREVIOUS,01/20～01/24,01/20～01/24,委託内訳,法人内訳,事業法人,BUY,433235794,2.0,198386183
2025-01-04,stock_val_1_250104.xls,2025-01-W4,2025-01-27,2025-01-31,CURRENT,2025-01-27,2025-01-31,委託内訳,法人内訳,事業法人,SELL,294165212,1.2,
2025-01-04,stock_val_1_250104.xls,2025-01-W4,2025-01-27,2025-01-31,CURRENT,2025-01-27,2025-01-31,委託内訳,法人内訳,事業法人,BUY,445776469,1.8,151611257
2025-01-04,stock_val_1_250104.xls,2025-01-W4,2025-01-27,2025-01-31,PREVIOUS,01/20～01/24,01/20～01/24,委託内訳,法人内訳,その他法人等,SELL,62590562,0.3,
2025-01-04,stock_val_1_250104.xls,2025-01-W4,2025-01-27,2025-01-31,PREVIOUS,01/20～01/24,01/20～01/24,委託内訳,法人内訳,その他法人等,BUY,91711852,0.4,29121290
2025-01-04,stock_val_1_250104.xls,2025-01-W4,2025-01-27,2025-01-31,CURRENT,2025-01-27,2025-01-31,委託内訳,法人内訳,その他法人等,SELL,60263180,0.2,
2025-01-04,stock_val_1_250104.xls,2025-01-W4,2025-01-27,2025-01-31,CURRENT,2025-01-27,2025-01-31,委託内訳,法人内訳,その他法人等,BUY,86677504,0.4,26414324
2025-01-04,stock_val_1_250104.xls,2025-01-W4,2025-01-27,2025-01-31,PREVIOUS,01/20～01/24,01/20～01/24,委託内訳,法人内訳,金融機関,SELL,402464103,1.8,-95358320
2025-01-04,stock_val_1_250104.xls,2025-01-W4,2025-01-27,2025-01-31,PREVIOUS,01/20～01/24,01/20～01/24,委託内訳,法人内訳,金融機関,BUY,307105783,1.4,
2025-01-04,stock_val_1_250104.xls,2025-01-W4,2025-01-27,2025-01-31,CURRENT,2025-01-27,2025-01-31,委託内訳,法人内訳,金融機関,SELL,680770961,2.8,-138960451
2025-01-04,stock_val_1_250104.xls,2025-01-W4,2025-01-27,2025-01-31,CURRENT,2025-01-27,2025-01-31,委託内訳,法人内訳,金融機関,BUY,541810510,2.2,
2025-01-04,stock_val_1_250104.xls,2025-01-W4,2025-01-27,2025-01-31,PREVIOUS,01/20～01/24,01/20～01/24,委託内訳,金融機関内訳,生保・損保,SELL,49709122,0.2,-41480498
2025-01-04,stock_val_1_250104.xls,2025-01-W4,2025-01-27,2025-01-31,PREVIOUS,01/20～01/24,01/20～01/24,委託内訳,金融機関内訳,生保・損保,BUY,8228624,0.0,
2025-01-04,stock_val_1_250104.xls,2025-01-W4,2025-01-27,2025-01-31,CURRENT,2025-01-27,2025-01-31,委託内訳,金融機関内訳,生保・損保,SELL,25421255,0.1,-14155813
2025-01-04,stock_val_1_250104.xls,2025-01-W4,2025-01-27,2025-01-31,CURRENT,2025-01-27,2025-01-31,委託内訳,金融機関内訳,生保・損保,BUY,11265442,0.0,
2025-01-04,stock_val_1_250104.xls,2025-01-W4,2025-01-27,2025-01-31,PREVIOUS,01/20～01/24,01/20～01/24,委託内訳,金融機関内訳,都銀・地銀等,SELL,30639659,0.1,-18116028
2025-01-04,stock_val_1_250104.xls,2025-01-W4,2025-01-27,2025-01-31,PREVIOUS,01/20～01/24,01/20～01/24,委託内訳,金融機関内訳,都銀・地銀等,BUY,12523631,0.1,
2025-01-04,stock_val_1_250104.xls,2025-01-W4,2025-01-27,2025-01-31,CURRENT,2025-01-27,2025-01-31,委託内訳,金融機関内訳,都銀・地銀等,SELL,40289921,0.2,-28166426
2025-01-04,stock_val_1_250104.xls,2025-01-W4,2025-01-27,2025-01-31,CURRENT,2025-01-27,2025-01-31,委託内訳,金融機関内訳,都銀・地銀等,BUY,12123495,0.0,
2025-01-04,stock_val_1_250104.xls,2025-01-W4,2025-01-27,2025-01-31,PREVIOUS,01/20～01/24,01/20～01/24,委託内訳,金融機関内訳,信託銀行,SELL,302359520,1.4,-30936383
2025-01-04,stock_val_1_250104.xls,2025-01-W4,2025-01-27,2025-01-31,PREVIOUS,01/20～01/24,01/20～01/24,委託内訳,金融機関内訳,信託銀行,BUY,271423137,1.2,
2025-01-04,stock_val_1_250104.xls,2025-01-W4,2025-01-27,2025-01-31,CURRENT,2025-01-27,2025-01-31,委託内訳,金融機関内訳,信託銀行,SELL,592474819,2.4,-94014531
2025-01-04,stock_val_1_250104.xls,2025-01-W4,2025-01-27,2025-01-31,CURRENT,2025-01-27,2025-01-31,委託内訳,金融機関内訳,信託銀行,BUY,498460288,2.0,
2025-01-04,stock_val_1_250104.xls,2025-01-W4,2025-01-27,2025-01-31,PREVIOUS,01/20～01/24,01/20～01/24,委託内訳,金融機関内訳,その他金融機関,SELL,19755802,0.1,-4825411
2025-01-04,stock_val_1_250104.xls,2025-01-W4,2025-01-27,2025-01-31,PREVIOUS,01/20～01/24,01/20～01/24,委託内訳,金融機関内訳,その他金融機関,BUY,14930391,0.1,
2025-01-04,stock_val_1_250104.xls,2025-01-W4,2025-01-27,2025-01-31,CURRENT,2025-01-27,2025-01-31,委託内訳,金融機関内訳,その他金融機関,SELL,22584966,0.1,-2623681
2025-01-04,stock_val_1_250104.xls,2025-01-W4,2025-01-27,2025-01-31,CURRENT,2025-01-27,2025-01-31,委託内訳,金融機関内訳,その他金融機関,BUY,19961285,0.1,
2025-02-01,stock_val_1_250201.xls,2025-02-W1,2025-02-03,2025-02-07,PREVIOUS,01/27～01/31,01/27～01/31,委託内訳,,法人,SELL,1578582547,6.4,-15793185
2025-02-01,stock_val_1_250201.xls,2025-02-W1,2025-02-03,2025-02-07,PREVIOUS,01/27～01/31,01/27～01/31,委託内訳,,法人,BUY,1562789362,6.4,
2025-02-01,stock_val_1_250201.xls,2025-02-W1,2025-02-03,2025-02-07,CURRENT,2025-02-03,2025-02-07,委託内訳,,法人,SELL,1449981329,5.7,
2025-02-01,stock_val_1_250201.xls,2025-02-W1,2025-02-03,2025-02-07,CURRENT,2025-02-03,2025-02-07,委託内訳,,法人,BUY,1750540826,6.7,300559497
2025-02-01,stock_val_1_250201.xls,2025-02-W1,2025-02-03,2025-02-07,PREVIOUS,01/27～01/31,01/27～01/31,委託内訳,,個人,SELL,7156069859,29.0,
2025-02-01,stock_val_1_250201.xls,2025-02-W1,2025-02-03,2025-02-07,PREVIOUS,01/27～01/31,01/27～01/31,委託内訳,,個人,BUY,7298506085,29.8,142436226
2025-02-01,stock_val_1_250201.xls,2025-02-W1,2025-02-03,2025-02-07,CURRENT,2025-02-03,2025-02-07,委託内訳,,個人,SELL,6812933334,26.7,
2025-02-01,stock_val_1_250201.xls,2025-02-W1,2025-02-03,2025-02-07,CURRENT,2025-02-03,2025-02-07,委託内訳,,個人,BUY,7302161937,28.0,489228603
2025-02-01,stock_val_1_250201.xls,2025-02-W1,2025-02-03,2025-02-07,PREVIOUS,01/27～01/31,01/27～01/31,委託内訳,,海外投資家,SELL,15839951939,64.1,-313361726
2025-02-01,stock_val_1_250201.xls,2025-02-W1,2025-02-03,2025-02-07,PREVIOUS,01/27～01/31,01/27～01/31,委託内訳,,海外投資家,BUY,15526590213,63.4,
2025-02-01,stock_val_1_250201.xls,2025-02-W1,2025-02-03,2025-02-07,CURRENT,2025-02-03,2025-02-07,委託内訳,,海外投資家,SELL,17131414643,67.1,-265752802
2025-02-01,stock_val_1_250201.xls,2025-02-W1,2025-02-03,2025-02-07,CURRENT,2025-02-03,2025-02-07,委託内訳,,海外投資家,BUY,16865661841,64.7,
2025-02-01,stock_val_1_250201.xls,2025-02-W1,2025-02-03,2025-02-07,PREVIOUS,01/27～01/31,01/27～01/31,委託内訳,,証券会社,SELL,117698736,0.5,
2025-02-01,stock_val_1_250201.xls,2025-02-W1,2025-02-03,2025-02-07,PREVIOUS,01/27～01/31,01/27～01/31,委託内訳,,証券会社,BUY,121019995,0.5,3321259
2025-02-01,stock_val_1_250201.xls,2025-02-W1,2025-02-03,2025-02-07,CURRENT,2025-02-03,2025-02-07,委託内訳,,証券会社,SELL,122262467,0.5,
2025-02-01,stock_val_1_250201.xls,2025-02-W1,2025-02-03,2025-02-07,CURRENT,2025-02-03,2025-02-07,委託内訳,,証券会社,BUY,133516360,0.5,11253893
2025-02-01,stock_val_1_250201.xls,2025-02-W1,2025-02-03,2025-02-07,PREVIOUS,01/27～01/31,01/27～01/31,委託内訳,法人内訳,投資信託,SELL,543383194,2.2,-54858315
2025-02-01,stock_val_1_250201.xls,2025-02-W1,2025-02-03,2025-02-07,PREVIOUS,01/27～01/31,01/27～01/31,委託内訳,法人内訳,投資信託,BUY,488524879,2.0,
2025-02-01,stock_val_1_250201.xls,2025-02-W1,2025-02-03,2025-02-07,CURRENT,2025-02-03,2025-02-07,委託内訳,法人内訳,投資信託,SELL,430579376,1.7,
2025-02-01,stock_val_1_250201.xls,2025-02-W1,2025-02-03,2025-02-07,CURRENT,2025-02-03,2025-02-07,委託内訳,法人内訳,投資信託,BUY,457364293,1.8,26784917
2025-02-01,stock_val_1_250201.xls,2025-02-W1,2025-02-03,2025-02-07,PREVIOUS,01/27～01/31,01/27～01/31,委託内訳,法人内訳,事業法人,SELL,294165212,1.2,
2025-02-01,stock_val_1_250201.xls,2025-02-W1,2025-02-03,2025-02-07,PREVIOUS,01/27～01/31,01/27～01/31,委託内訳,法人内訳,事業法人,BUY,445776469,1.8,151611257
2025-02-01,stock_val_1_250201.xls,2025-02-W1,2025-02-03,2025-02-07,CURRENT,2025-02-03,2025-02-07,委託内訳,法人内訳,事業法人,SELL,311344259,1.2,
2025-02-01,stock_val_1_250201.xls,2025-02-W1,2025-02-03,2025-02-07,CURRENT,2025-02-03,2025-02-07,委託内訳,法人内訳,事業法人,BUY,615141910,2.4,303797651
2025-02-01,stock_val_1_250201.xls,2025-02-W1,2025-02-03,2025-02-07,PREVIOUS,01/27～01/31,01/27～01/31,委託内訳,法人内訳,その他法人等,SELL,60263180,0.2,
2025-02-01,stock_val_1_250201.xls,2025-02-W1,2025-02-03,2025-02-07,PREVIOUS,01/27～01/31,01/27～01/31,委託内訳,法人内訳,その他法人等,BUY,86677504,0.4,26414324
2025-02-01,stock_val_1_250201.xls,2025-02-W1,2025-02-03,2025-02-07,CURRENT,2025-02-03,2025-02-07,委託内訳,法人内訳,その他法人等,SELL,54412245,0.2,
2025-02-01,stock_val_1_250201.xls,2025-02-W1,2025-02-03,2025-02-07,CURRENT,2025-02-03,2025-02-07,委託内訳,法人内訳,その他法人等,BUY,60896273,0.2,6484028
2025-02-01,stock_val_1_250201.xls,2025-02-W1,2025-02-03,2025-02-07,PREVIOUS,01/27～01/31,01/27～01/31,委託内訳,法人内訳,金融機関,SELL,680770961,2.8,-138960451
2025-02-01,stock_val_1_250201.xls,2025-02-W1,2025-02-03,2025-02-07,PREVIOUS,01/27～01/31,01/27～01/31,委託内訳,法人内訳,金融機関,BUY,541810510,2.2,
2025-02-01,stock_val_1_250201.xls,2025-02-W1,2025-02-03,2025-02-07,CURRENT,2025-02-03,2025-02-07,委託内訳,法人内訳,金融機関,SELL,653645449,2.6,-36507099
2025-02-01,stock_val_1_250201.xls,2025-02-W1,2025-02-03,2025-02-07,CURRENT,2025-02-03,2025-02-07,委託内訳,法人内訳,金融機関,BUY,617138350,2.4,
2025-02-01,stock_val_1_250201.xls,2025-02-W1,2025-02-03,2025-02-07,PREVIOUS,01/27～01/31,01/27～01/31,委託内訳,金融機関内訳,生保・損保,SELL,25421255,0.1,-14155813
2025-02-01,stock_val_1_250201.xls,2025-02-W1,2025-02-03,2025-02-07,PREVIOUS,01/27～01/31,01/27～01/31,委託内訳,金融機関内訳,生保・損保,BUY,11265442,0.0,
2025-02-01,stock_val_1_250201.xls,2025-02-W1,2025-02-03,2025-02-07,CURRENT,2025-02-03,2025-02-07,委託内訳,金融機関内訳,生保・損保,SELL,52556260,0.2,-36689514
2025-02-01,stock_val_1_250201.xls,2025-02-W1,2025-02-03,2025-02-07,CURRENT,2025-02-03,2025-02-07,委託内訳,金融機関内訳,生保・損保,BUY,15866746,0.1,
2025-02-01,stock_val_1_250201.xls,2025-02-W1,2025-02-03,2025-02-07,PREVIOUS,01/27～01/31,01/27～01/31,委託内訳,金融機関内訳,都銀・地銀等,SELL,40289921,0.2,-28166426
2025-02-01,stock_val_1_250201.xls,2025-02-W1,2025-02-03,2025-02-07,PREVIOUS,01/27～01/31,01/27～01/31,委託内訳,金融機関内訳,都銀・地銀等,BUY,12123495,0.0,
2025-02-01,stock_val_1_250201.xls,2025-02-W1,2025-02-03,2025-02-07,CURRENT,2025-02-03,2025-02-07,委託内訳,金融機関内訳,都銀・地銀等,SELL,79117649,0.3,-63297589
2025-02-01,stock_val_1_250201.xls,2025-02-W1,2025-02-03,2025-02-07,CURRENT,2025-02-03,2025-02-07,委託内訳,金融機関内訳,都銀・地銀等,BUY,15820060,0.1,
2025-02-01,stock_val_1_250201.xls,2025-02-W1,2025-02-03,2025-02-07,PREVIOUS,01/27～01/31,01/27～01/31,委託内訳,金融機関内訳,信託銀行,SELL,592474819,2.4,-94014531
2025-02-01,stock_val_1_250201.xls,2025-02-W1,2025-02-03,2025-02-07,PREVIOUS,01/27～01/31,01/27～01/31,委託内訳,金融機関内訳,信託銀行,BUY,498460288,2.0,
2025-02-01,stock_val_1_250201.xls,2025-02-W1,2025-02-03,2025-02-07,CURRENT,2025-02-03,2025-02-07,委託内訳,金融機関内訳,信託銀行,SELL,499776320,2.0,
2025-02-01,stock_val_1_250201.xls,2025-02-W1,2025-02-03,2025-02-07,CURRENT,2025-02-03,2025-02-07,委託内訳,金融機関内訳,信託銀行,BUY,563490923,2.2,63714603
2025-02-01,stock_val_1_250201.xls,2025-02-W1,2025-02-03,2025-02-07,PREVIOUS,01/27～01/31,01/27～01/31,委託内訳,金融機関内訳,その他金融機関,SELL,22584966,0.1,-2623681
2025-02-01,stock_val_1_250201.xls,2025-02-W1,2025-02-03,2025-02-07,PREVIOUS,01/27～01/31,01/27～01/31,委託内訳,金融機関内訳,その他金融機関,BUY,19961285,0.1,
2025-02-01,stock_val_1_250201.xls,2025-02-W1,2025-02-03,2025-02-07,CURRENT,2025-02-03,2025-02-07,委託内訳,金融機関内訳,その他金融機関,SELL,22195220,0.1,-234599
2025-02-01,stock_val_1_250201.xls,2025-02-W1,2025-02-03,2025-02-07,CURRENT,2025-02-03,2025-02-07,委託内訳,金融機関内訳,その他金融機関,BUY,21960621,0.1,
2025-02-02,stock_val_1_250202.xls,2025-02-W2,2025-02-10,2025-02-14,PREVIOUS,02/03～02/07,02/03～02/07,委託内訳,,法人,SELL,1449981329,5.7,
2025-02-02,stock_val_1_250202.xls,2025-02-W2,2025-02-10,2025-02-14,PREVIOUS,02/03～02/07,02/03～02/07,委託内訳,,法人,BUY,1750540826,6.7,300559497
2025-02-02,stock_val_1_250202.xls,2025-02-W2,2025-02-10,2025-02-14,CURRENT,2025-02-10,2025-02-14,委託内訳,,法人,SELL,1092149588,5.2,
2025-02-02,stock_val_1_250202.xls,2025-02-W2,2025-02-10,2025-02-14,CURRENT,2025-02-10,2025-02-14,委託内訳,,法人,BUY,1110165627,5.3,18016039
2025-02-02,stock_val_1_250202.xls,2025-02-W2,2025-02-10,2025-02-14,PREVIOUS,02/03～02/07,02/03～02/07,委託内訳,,個人,SELL,6812933334,26.7,
2025-02-02,stock_val_1_250202.xls,2025-02-W2,2025-02-10,2025-02-14,PREVIOUS,02/03～02/07,02/03～02/07,委託内訳,,個人,BUY,7302161937,28.0,489228603
2025-02-02,stock_val_1_250202.xls,2025-02-W2,2025-02-10,2025-02-14,CURRENT,2025-02-10,2025-02-14,委託内訳,,個人,SELL,5930839660,28.3,-100118088
2025-02-02,stock_val_1_250202.xls,2025-02-W2,2025-02-10,2025-02-14,CURRENT,2025-02-10,2025-02-14,委託内訳,,個人,BUY,5830721572,27.8,
2025-02-02,stock_val_1_250202.xls,2025-02-W2,2025-02-10,2025-02-14,PREVIOUS,02/03～02/07,02/03～02/07,委託内訳,,海外投資家,SELL,17131414643,67.1,-265752802
2025-02-02,stock_val_1_250202.xls,2025-02-W2,2025-02-10,2025-02-14,PREVIOUS,02/03～02/07,02/03～02/07,委託内訳,,海外投資家,BUY,16865661841,64.7,
2025-02-02,stock_val_1_250202.xls,2025-02-W2,2025-02-10,2025-02-14,CURRENT,2025-02-10,2025-02-14,委託内訳,,海外投資家,SELL,13836018710,66.0,
2025-02-02,stock_val_1_250202.xls,2025-02-W2,2025-02-10,2025-02-14,CURRENT,2025-02-10,2025-02-14,委託内訳,,海外投資家,BUY,13932451552,66.4,96432842
2025-02-02,stock_val_1_250202.xls,2025-02-W2,2025-02-10,2025-02-14,PREVIOUS,02/03～02/07,02/03～02/07,委託内訳,,証券会社,SELL,122262467,0.5,
2025-02-02,stock_val_1_250202.xls,2025-02-W2,2025-02-10,2025-02-14,PREVIOUS,02/03～02/07,02/03～02/07,委託内訳,,証券会社,BUY,133516360,0.5,11253893
2025-02-02,stock_val_1_250202.xls,2025-02-W2,2025-02-10,2025-02-14,CURRENT,2025-02-10,2025-02-14,委託内訳,,証券会社,SELL,119620848,0.6,-16548762
2025-02-02,stock_val_1_250202.xls,2025-02-W2,2025-02-10,2025-02-14,CURRENT,2025-02-10,2025-02-14,委託内訳,,証券会社,BUY,103072086,0.5,
2025-02-02,stock_val_1_250202.xls,2025-02-W2,2025-02-10,2025-02-14,PREVIOUS,02/03～02/07,02/03～02/07,委託内訳,法人内訳,投資信託,SELL,430579376,1.7,
2025-02-02,stock_val_1_250202.xls,2025-02-W2,2025-02-10,2025-02-14,PREVIOUS,02/03～02/07,02/03～02/07,委託内訳,法人内訳,投資信託,BUY,457364293,1.8,26784917
2025-02-02,stock_val_1_250202.xls,2025-02-W2,2025-02-10,2025-02-14,CURRENT,2025-02-10,2025-02-14,委託内訳,法人内訳,投資信託,SELL,315343713,1.5,-7887516
2025-02-02,stock_val_1_250202.xls,2025-02-W2,2025-02-10,2025-02-14,CURRENT,2025-02-10,2025-02-14,委託内訳,法人内訳,投資信託,BUY,307456197,1.5,
2025-02-02,stock_val_1_250202.xls,2025-02-W2,2025-02-10,2025-02-14,PREVIOUS,02/03～02/07,02/03～02/07,委託内訳,法人内訳,事業法人,SELL,311344259,1.2,
2025-02-02,stock_val_1_250202.xls,2025-02-W2,2025-02-10,2025-02-14,PREVIOUS,02/03～02/07,02/03～02/07,委託内訳,法人内訳,事業法人,BUY,615141910,2.4,303797651
2025-02-02,stock_val_1_250202.xls,2025-02-W2,2025-02-10,2025-02-14,CURRENT,2025-02-10,2025-02-14,委託内訳,法人内訳,事業法人,SELL,298019909,1.4,
2025-02-02,stock_val_1_250202.xls,2025-02-W2,2025-02-10,2025-02-14,CURRENT,2025-02-10,2025-02-14,委託内訳,法人内訳,事業法人,BUY,465585443,2.2,167565534
2025-02-02,stock_val_1_250202.xls,2025-02-W2,2025-02-10,2025-02-14,PREVIOUS,02/03～02/07,02/03～02/07,委託内訳,法人内訳,その他法人等,SELL,54412245,0.2,
2025-02-02,stock_val_1_250202.xls,2025-02-W2,2025-02-10,2025-02-14,PREVIOUS,02/03～02/07,02/03～02/07,委託内訳,法人内訳,その他法人等,BUY,60896273,0.2,6484028
2025-02-02,stock_val_1_250202.xls,2025-02-W2,2025-02-10,2025-02-14,CURRENT,2025-02-10,2025-02-14,委託内訳,法人内訳,その他法人等,SELL,51588692,0.2,
2025-02-02,stock_val_1_250202.xls,2025-02-W2,2025-02-10,2025-02-14,CURRENT,2025-02-10,2025-02-14,委託内訳,法人内訳,その他法人等,BUY,56535958,0.3,4947266
2025-02-02,stock_val_1_250202.xls,2025-02-W2,2025-02-10,2025-02-14,PREVIOUS,02/03～02/07,02/03～02/07,委託内訳,法人内訳,金融機関,SELL,653645449,2.6,-36507099
2025-02-02,stock_val_1_250202.xls,2025-02-W2,2025-02-10,2025-02-14,PREVIOUS,02/03～02/07,02/03～02/07,委託内訳,法人内訳,金融機関,BUY,617138350,2.4,
2025-02-02,stock_val_1_250202.xls,2025-02-W2,2025-02-10,2025-02-14,CURRENT,2025-02-10,2025-02-14,委託内訳,法人内訳,金融機関,SELL,427197274,2.0,-146609245
2025-02-02,stock_val_1_250202.xls,2025-02-W2,2025-02-10,2025-02-14,CURRENT,2025-02-10,2025-02-14,委託内訳,法人内訳,金融機関,BUY,280588029,1.3,
2025-02-02,stock_val_1_250202.xls,2025-02-W2,2025-02-10,2025-02-14,PREVIOUS,02/03～02/07,02/03～02/07,委託内訳,金融機関内訳,生保・損保,SELL,52556260,0.2,-36689514
2025-02-02,stock_val_1_250202.xls,2025-02-W2,2025-02-10,2025-02-14,PREVIOUS,02/03～02/07,02/03～02/07,委託内訳,金融機関内訳,生保・損保,BUY,15866746,0.1,
2025-02-02,stock_val_1_250202.xls,2025-02-W2,2025-02-10,2025-02-14,CURRENT,2025-02-10,2025-02-14,委託内訳,金融機関内訳,生保・損保,SELL,52675566,0.3,-46014709
2025-02-02,stock_val_1_250202.xls,2025-02-W2,2025-02-10,2025-02-14,CURRENT,2025-02-10,2025-02-14,委託内訳,金融機関内訳,生保・損保,BUY,6660857,0.0,
2025-02-02,stock_val_1_250202.xls,2025-02-W2,2025-02-10,2025-02-14,PREVIOUS,02/03～02/07,02/03～02/07,委託内訳,金融機関内訳,都銀・地銀等,SELL,79117649,0.3,-63297589
2025-02-02,stock_val_1_250202.xls,2025-02-W2,2025-02-10,2025-02-14,PREVIOUS,02/03～02/07,02/03～02/07,委託内訳,金融機関内訳,都銀・地銀等,BUY,15820060,0.1,
2025-02-02,stock_val_1_250202.xls,2025-02-W2,2025-02-10,2025-02-14,CURRENT,2025-02-10,2025-02-14,委託内訳,金融機関内訳,都銀・地銀等,SELL,49848779,0.2,-39994056
2025-02-02,stock_val_1_250202.xls,2025-02-W2,2025-02-10,2025-02-14,CURRENT,2025-02-10,2025-02-14,委託内訳,金融機関内訳,都銀・地銀等,BUY,9854723,0.0,
2025-02-02,stock_val_1_250202.xls,2025-02-W2,2025-02-10,2025-02-14,PREVIOUS,02/03～02/07,02/03～02/07,委託内訳,金融機関内訳,信託銀行,SELL,499776320,2.0,
2025-02-02,stock_val_1_250202.xls,2025-02-W2,2025-02-10,2025-02-14,PREVIOUS,02/03～02/07,02/03～02/07,委託内訳,金融機関内訳,信託銀行,BUY,563490923,2.2,63714603
2025-02-02,stock_val_1_250202.xls,2025-02-W2,2025-02-10,2025-02-14,CURRENT,2025-02-10,2025-02-14,委託内訳,金融機関内訳,信託銀行,SELL,315542658,1.5,-68096998
2025-02-02,stock_val_1_250202.xls,2025-02-W2,2025-02-10,2025-02-14,CURRENT,2025-02-10,2025-02-14,委託内訳,金融機関内訳,信託銀行,BUY,247445660,1.2,
2025-02-02,stock_val_1_250202.xls,2025-02-W2,2025-02-10,2025-02-14,PREVIOUS,02/03～02/07,02/03～02/07,委託内訳,金融機関内訳,その他金融機関,SELL,22195220,0.1,-234599
2025-02-02,stock_val_1_250202.xls,2025-02-W2,2025-02-10,2025-02-14,PREVIOUS,02/03～02/07,02/03～02/07,委託内訳,金融機関内訳,その他金融機関,BUY,21960621,0.1,
2025-02-02,stock_val_1_250202.xls,2025-02-W2,2025-02-10,2025-02-14,CURRENT,2025-02-10,2025-02-14,委託内訳,金融機関内訳,その他金融機関,SELL,9130271,0.0,
2025-02-02,stock_val_1_250202.xls,2025-02-W2,2025-02-10,2025-02-14,CURRENT,2025-02-10,2025-02-14,委託内訳,金融機関内訳,その他金融機関,BUY,16626789,0.1,7496518
2025-02-03,stock_val_1_250203.xls,2025-02-W3,2025-02-17,2025-02-21,PREVIOUS,02/10～02/14,02/10～02/14,委託内訳,,法人,SELL,1092149588,5.2,
2025-02-03,stock_val_1_250203.xls,2025-02-W3,2025-02-17,2025-02-21,PREVIOUS,02/10～02/14,02/10～02/14,委託内訳,,法人,BUY,1110165627,5.3,18016039
2025-02-03,stock_val_1_250203.xls,2025-02-W3,2025-02-17,2025-02-21,CURRENT,2025-02-17,2025-02-21,委託内訳,,法人,SELL,1462760230,6.1,
2025-02-03,stock_val_1_250203.xls,2025-02-W3,2025-02-17,2025-02-21,CURRENT,2025-02-17,2025-02-21,委託内訳,,法人,BUY,1606661382,6.7,143901152
2025-02-03,stock_val_1_250203.xls,2025-02-W3,2025-02-17,2025-02-21,PREVIOUS,02/10～02/14,02/10～02/14,委託内訳,,個人,SELL,5930839660,28.3,-100118088
2025-02-03,stock_val_1_250203.xls,2025-02-W3,2025-02-17,2025-02-21,PREVIOUS,02/10～02/14,02/10～02/14,委託内訳,,個人,BUY,5830721572,27.8,
2025-02-03,stock_val_1_250203.xls,2025-02-W3,2025-02-17,2025-02-21,CURRENT,2025-02-17,2025-02-21,委託内訳,,個人,SELL,6902871059,28.8,
2025-02-03,stock_val_1_250203.xls,2025-02-W3,2025-02-17,2025-02-21,CURRENT,2025-02-17,2025-02-21,委託内訳,,個人,BUY,7077979992,29.3,175108933
2025-02-03,stock_val_1_250203.xls,2025-02-W3,2025-02-17,2025-02-21,PREVIOUS,02/10～02/14,02/10～02/14,委託内訳,,海外投資家,SELL,13836018710,66.0,
2025-02-03,stock_val_1_250203.xls,2025-02-W3,2025-02-17,2025-02-21,PREVIOUS,02/10～02/14,02/10～02/14,委託内訳,,海外投資家,BUY,13932451552,66.4,96432842
2025-02-03,stock_val_1_250203.xls,2025-02-W3,2025-02-17,2025-02-21,CURRENT,2025-02-17,2025-02-21,委託内訳,,海外投資家,SELL,15513335845,64.6,-163238045
2025-02-03,stock_val_1_250203.xls,2025-02-W3,2025-02-17,2025-02-21,CURRENT,2025-02-17,2025-02-21,委託内訳,,海外投資家,BUY,15350097800,63.6,
2025-02-03,stock_val_1_250203.xls,2025-02-W3,2025-02-17,2025-02-21,PREVIOUS,02/10～02/14,02/10～02/14,委託内訳,,証券会社,SELL,119620848,0.6,-16548762
2025-02-03,stock_val_1_250203.xls,2025-02-W3,2025-02-17,2025-02-21,PREVIOUS,02/10～02/14,02/10～02/14,委託内訳,,証券会社,BUY,103072086,0.5,
2025-02-03,stock_val_1_250203.xls,2025-02-W3,2025-02-17,2025-02-21,CURRENT,2025-02-17,2025-02-21,委託内訳,,証券会社,SELL,116927959,0.5,-2194209
2025-02-03,stock_val_1_250203.xls,2025-02-W3,2025-02-17,2025-02-21,CURRENT,2025-02-17,2025-02-21,委託内訳,,証券会社,BUY,114733750,0.5,
2025-02-03,stock_val_1_250203.xls,2025-02-W3,2025-02-17,2025-02-21,PREVIOUS,02/10～02/14,02/10～02/14,委託内訳,法人内訳,投資信託,SELL,315343713,1.5,-7887516
2025-02-03,stock_val_1_250203.xls,2025-02-W3,2025-02-17,2025-02-21,PREVIOUS,02/10～02/14,02/10～02/14,委託内訳,法人内訳,投資信託,BUY,307456197,1.5,
2025-02-03,stock_val_1_250203.xls,2025-02-W3,2025-02-17,2025-02-21,CURRENT,2025-02-17,2025-02-21,委託内訳,法人内訳,投資信託,SELL,497597562,2.1,
2025-02-03,stock_val_1_250203.xls,2025-02-W3,2025-02-17,2025-02-21,CURRENT,2025-02-17,2025-02-21,委託内訳,法人内訳,投資信託,BUY,547461441,2.3,49863879
2025-02-03,stock_val_1_250203.xls,2025-02-W3,2025-02-17,2025-02-21,PREVIOUS,02/10～02/14,02/10～02/14,委託内訳,法人内訳,事業法人,SELL,298019909,1.4,
2025-02-03,stock_val_1_250203.xls,2025-02-W3,2025-02-17,2025-02-21,PREVIOUS,02/10～02/14,02/10～02/14,委託内訳,法人内訳,事業法人,BUY,465585443,2.2,167565534
2025-02-03,stock_val_1_250203.xls,2025-02-W3,2025-02-17,2025-02-21,CURRENT,2025-02-17,2025-02-21,委託内訳,法人内訳,事業法人,SELL,369263717,1.5,
2025-02-03,stock_val_1_250203.xls,2025-02-W3,2025-02-17,2025-02-21,CURRENT,2025-02-17,2025-02-21,委託内訳,法人内訳,事業法人,BUY,579378964,2.4,210115247
2025-02-03,stock_val_1_250203.xls,2025-02-W3,2025-02-17,2025-02-21,PREVIOUS,02/10～02/14,02/10～02/14,委託内訳,法人内訳,その他法人等,SELL,51588692,0.2,
2025-02-03,stock_val_1_250203.xls,2025-02-W3,2025-02-17,2025-02-21,PREVIOUS,02/10～02/14,02/10～02/14,委託内訳,法人内訳,その他法人等,BUY,56535958,0.3,4947266
2025-02-03,stock_val_1_250203.xls,2025-02-W3,2025-02-17,2025-02-21,CURRENT,2025-02-17,2025-02-21,委託内訳,法人内訳,その他法人等,SELL,56978879,0.2,
2025-02-03,stock_val_1_250203.xls,2025-02-W3,2025-02-17,2025-02-21,CURRENT,2025-02-17,2025-02-21,委託内訳,法人内訳,その他法人等,BUY,57384415,0.2,405536
2025-02-03,stock_val_1_250203.xls,2025-02-W3,2025-02-17,2025-02-21,PREVIOUS,02/10～02/14,02/10～02/14,委託内訳,法人内訳,金融機関,SELL,427197274,2.0,-146609245
2025-02-03,stock_val_1_250203.xls,2025-02-W3,2025-02-17,2025-02-21,PREVIOUS,02/10～02/14,02/10～02/14,委託内訳,法人内訳,金融機関,BUY,280588029,1.3,
2025-02-03,stock_val_1_250203.xls,2025-02-W3,2025-02-17,2025-02-21,CURRENT,2025-02-17,2025-02-21,委託内訳,法人内訳,金融機関,SELL,538920072,2.2,-116483510
2025-02-03,stock_val_1_250203.xls,2025-02-W3,2025-02-17,2025-02-21,CURRENT,2025-02-17,2025-02-21,委託内訳,法人内訳,金融機関,BUY,422436562,1.7,
2025-02-03,stock_val_1_250203.xls,2025-02-W3,2025-02-17,2025-02-21,PREVIOUS,02/10～02/14,02/10～02/14,委託内訳,金融機関内訳,生保・損保,SELL,52675566,0.3,-46014709
2025-02-03,stock_val_1_250203.xls,2025-02-W3,2025-02-17,2025-02-21,PREVIOUS,02/10～02/14,02/10～02/14,委託内訳,金融機関内訳,生保・損保,BUY,6660857,0.0,
2025-02-03,stock_val_1_250203.xls,2025-02-W3,2025-02-17,2025-02-21,CURRENT,2025-02-17,2025-02-21,委託内訳,金融機関内訳,生保・損保,SELL,46717506,0.2,-25924892
2025-02-03,stock_val_1_250203.xls,2025-02-W3,2025-02-17,2025-02-21,CURRENT,2025-02-17,2025-02-21,委託内訳,金融機関内訳,生保・損保,BUY,20792614,0.1,
2025-02-03,stock_val_1_250203.xls,2025-02-W3,2025-02-17,2025-02-21,PREVIOUS,02/10～02/14,02/10～02/14,委託内訳,金融機関内訳,都銀・地銀等,SELL,49848779,0.2,-39994056
2025-02-03,stock_val_1_250203.xls,2025-02-W3,2025-02-17,2025-02-21,PREVIOUS,02/10～02/14,02/10～02/14,委託内訳,金融機関内訳,都銀・地銀等,BUY,9854723,0.0,
2025-02-03,stock_val_1_250203.xls,2025-02-W3,2025-02-17,2025-02-21,CURRENT,2025-02-17,2025-02-21,委託内訳,金融機関内訳,都銀・地銀等,SELL,55110222,0.2,-42760148
2025-02-03,stock_val_1_250203.xls,2025-02-W3,2025-02-17,2025-02-21,CURRENT,2025-02-17,2025-02-21,委託内訳,金融機関内訳,都銀・地銀等,BUY,12350074,0.1,
2025-02-03,stock_val_1_250203.xls,2025-02-W3,2025-02-17,2025-02-21,PREVIOUS,02/10～02/14,02/10～02/14,委託内訳,金融機関内訳,信託銀行,SELL,315542658,1.5,-68096998
2025-02-03,stock_val_1_250203.xls,2025-02-W3,2025-02-17,2025-02-21,PREVIOUS,02/10～02/14,02/10～02/14,委託内訳,金融機関内訳,信託銀行,BUY,247445660,1.2,
2025-02-03,stock_val_1_250203.xls,2025-02-W3,2025-02-17,2025-02-21,CURRENT,2025-02-17,2025-02-21,委託内訳,金融機関内訳,信託銀行,SELL,407226638,1.7,-33992054
2025-02-03,stock_val_1_250203.xls,2025-02-W3,2025-02-17,2025-02-21,CURRENT,2025-02-17,2025-02-21,委託内訳,金融機関内訳,信託銀行,BUY,373234584,1.5,
2025-02-03,stock_val_1_250203.xls,2025-02-W3,2025-02-17,2025-02-21,PREVIOUS,02/10～02/14,02/10～02/14,委託内訳,金融機関内訳,その他金融機関,SELL,9130271,0.0,
2025-02-03,stock_val_1_250203.xls,2025-02-W3,2025-02-17,2025-02-21,PREVIOUS,02/10～02/14,02/10～02/14,委託内訳,金融機関内訳,その他金融機関,BUY,16626789,0.1,7496518
2025-02-03,stock_val_1_250203.xls,2025-02-W3,2025-02-17,2025-02-21,CURRENT,2025-02-17,2025-02-21,委託内訳,金融機関内訳,その他金融機関,SELL,29865706,0.1,-13806416
2025-02-03,stock_val_1_250203.xls,2025-02-W3,2025-02-17,2025-02-21,CURRENT,2025-02-17,2025-02-21,委託内訳,金融機関内訳,その他金融機関,BUY,16059290,0.1,
2025-02-04,stock_val_1_250204.xls,2025-02-W4,2025-02-25,2025-02-28,PREVIOUS,02/17～02/21,02/17～02/21,委託内訳,,法人,SELL,1462760230,6.1,
2025-02-04,stock_val_1_250204.xls,2025-02-W4,2025-02-25,2025-02-28,PREVIOUS,02/17～02/21,02/17～02/21,委託内訳,,法人,BUY,1606661382,6.7,143901152
2025-02-04,stock_val_1_250204.xls,2025-02-W4,2025-02-25,2025-02-28,CURRENT,2025-02-25,2025-02-28,委託内訳,,法人,SELL,1503204849,6.9,
2025-02-04,stock_val_1_250204.xls,2025-02-W4,2025-02-25,2025-02-28,CURRENT,2025-02-25,2025-02-28,委託内訳,,法人,BUY,1658437799,7.6,155232950
2025-02-04,stock_val_1_250204.xls,2025-02-W4,2025-02-25,2025-02-28,PREVIOUS,02/17～02/21,02/17～02/21,委託内訳,,個人,SELL,6902871059,28.8,
2025-02-04,stock_val_1_250204.xls,2025-02-W4,2025-02-25,2025-02-28,PREVIOUS,02/17～02/21,02/17～02/21,委託内訳,,個人,BUY,7077979992,29.3,175108933
2025-02-04,stock_val_1_250204.xls,2025-02-W4,2025-02-25,2025-02-28,CURRENT,2025-02-25,2025-02-28,委託内訳,,個人,SELL,4984878408,22.9,
2025-02-04,stock_val_1_250204.xls,2025-02-W4,2025-02-25,2025-02-28,CURRENT,2025-02-25,2025-02-28,委託内訳,,個人,BUY,5503070794,25.1,518192386
2025-02-04,stock_val_1_250204.xls,2025-02-W4,2025-02-25,2025-02-28,PREVIOUS,02/17～02/21,02/17～02/21,委託内訳,,海外投資家,SELL,15513335845,64.6,-163238045
2025-02-04,stock_val_1_250204.xls,2025-02-W4,2025-02-25,2025-02-28,PREVIOUS,02/17～02/21,02/17～02/21,委託内訳,,海外投資家,BUY,15350097800,63.6,
2025-02-04,stock_val_1_250204.xls,2025-02-W4,2025-02-25,2025-02-28,CURRENT,2025-02-25,2025-02-28,委託内訳,,海外投資家,SELL,15241424570,69.9,-607154141
2025-02-04,stock_val_1_250204.xls,2025-02-W4,2025-02-25,2025-02-28,CURRENT,2025-02-25,2025-02-28,委託内訳,,海外投資家,BUY,14634270429,66.8,
2025-02-04,stock_val_1_250204.xls,2025-02-W4,2025-02-25,2025-02-28,PREVIOUS,02/17～02/21,02/17～02/21,委託内訳,,証券会社,SELL,116927959,0.5,-2194209
2025-02-04,stock_val_1_250204.xls,2025-02-W4,2025-02-25,2025-02-28,PREVIOUS,02/17～02/21,02/17～02/21,委託内訳,,証券会社,BUY,114733750,0.5,
2025-02-04,stock_val_1_250204.xls,2025-02-W4,2025-02-25,2025-02-28,CURRENT,2025-02-25,2025-02-28,委託内訳,,証券会社,SELL,85017613,0.4,
2025-02-04,stock_val_1_250204.xls,2025-02-W4,2025-02-25,2025-02-28,CURRENT,2025-02-25,2025-02-28,委託内訳,,証券会社,BUY,105028796,0.5,20011183
2025-02-04,stock_val_1_250204.xls,2025-02-W4,2025-02-25,2025-02-28,PREVIOUS,02/17～02/21,02/17～02/21,委託内訳,法人内訳,投資信託,SELL,497597562,2.1,
2025-02-04,stock_val_1_250204.xls,2025-02-W4,2025-02-25,2025-02-28,PREVIOUS,02/17～02/21,02/17～02/21,委託内訳,法人内訳,投資信託,BUY,547461441,2.3,49863879
2025-02-04,stock_val_1_250204.xls,2025-02-W4,2025-02-25,2025-02-28,CURRENT,2025-02-25,2025-02-28,委託内訳,法人内訳,投資信託,SELL,498609370,2.3,
2025-02-04,stock_val_1_250204.xls,2025-02-W4,2025-02-25,2025-02-28,CURRENT,2025-02-25,2025-02-28,委託内訳,法人内訳,投資信託,BUY,503702616,2.3,5093246
2025-02-04,stock_val_1_250204.xls,2025-02-W4,2025-02-25,2025-02-28,PREVIOUS,02/17～02/21,02/17～02/21,委託内訳,法人内訳,事業法人,SELL,369263717,1.5,
2025-02-04,stock_val_1_250204.xls,2025-02-W4,2025-02-25,2025-02-28,PREVIOUS,02/17～02/21,02/17～02/21,委託内訳,法人内訳,事業法人,BUY,579378964,2.4,210115247
2025-02-04,stock_val_1_250204.xls,2025-02-W4,2025-02-25,2025-02-28,CURRENT,2025-02-25,2025-02-28,委託内訳,法人内訳,事業法人,SELL,269698823,1.2,
2025-02-04,stock_val_1_250204.xls,2025-02-W4,2025-02-25,2025-02-28,CURRENT,2025-02-25,2025-02-28,委託内訳,法人内訳,事業法人,BUY,426166404,1.9,156467581
2025-02-04,stock_val_1_250204.xls,2025-02-W4,2025-02-25,2025-02-28,PREVIOUS,02/17～02/21,02/17～02/21,委託内訳,法人内訳,その他法人等,SELL,56978879,0.2,
2025-02-04,stock_val_1_250204.xls,2025-02-W4,2025-02-25,2025-02-28,PREVIOUS,02/17～02/21,02/17～02/21,委託内訳,法人内訳,その他法人等,BUY,57384415,0.2,405536
2025-02-04,stock_val_1_250204.xls,2025-02-W4,2025-02-25,2025-02-28,CURRENT,2025-02-25,2025-02-28,委託内訳,法人内訳,その他法人等,SELL,51183262,0.2,
2025-02-04,stock_val_1_250204.xls,2025-02-W4,2025-02-25,2025-02-28,CURRENT,2025-02-25,2025-02-28,委託内訳,法人内訳,その他法人等,BUY,113040813,0.5,61857551
2025-02-04,stock_val_1_250204.xls,2025-02-W4,2025-02-25,2025-02-28,PREVIOUS,02/17～02/21,02/17～02/21,委託内訳,法人内訳,金融機関,SELL,538920072,2.2,-116483510
2025-02-04,stock_val_1_250204.xls,2025-02-W4,2025-02-25,2025-02-28,PREVIOUS,02/17～02/21,02/17～02/21,委託内訳,法人内訳,金融機関,BUY,422436562,1.7,
2025-02-04,stock_val_1_250204.xls,2025-02-W4,2025-02-25,2025-02-28,CURRENT,2025-02-25,2025-02-28,委託内訳,法人内訳,金融機関,SELL,683713394,3.1,-68185428
2025-02-04,stock_val_1_250204.xls,2025-02-W4,2025-02-25,2025-02-28,CURRENT,2025-02-25,2025-02-28,委託内訳,法人内訳,金融機関,BUY,615527966,2.8,
2025-02-04,stock_val_1_250204.xls,2025-02-W4,2025-02-25,2025-02-28,PREVIOUS,02/17～02/21,02/17～02/21,委託内訳,金融機関内訳,生保・損保,SELL,46717506,0.2,-25924892
2025-02-04,stock_val_1_250204.xls,2025-02-W4,2025-02-25,2025-02-28,PREVIOUS,02/17～02/21,02/17～02/21,委託内訳,金融機関内訳,生保・損保,BUY,20792614,0.1,
2025-02-04,stock_val_1_250204.xls,2025-02-W4,2025-02-25,2025-02-28,CURRENT,2025-02-25,2025-02-28,委託内訳,金融機関内訳,生保・損保,SELL,38043809,0.2,-23103688
2025-02-04,stock_val_1_250204.xls,2025-02-W4,2025-02-25,2025-02-28,CURRENT,2025-02-25,2025-02-28,委託内訳,金融機関内訳,生保・損保,BUY,14940121,0.1,
2025-02-04,stock_val_1_250204.xls,2025-02-W4,2025-02-25,2025-02-28,PREVIOUS,02/17～02/21,02/17～02/21,委託内訳,金融機関内訳,都銀・地銀等,SELL,55110222,0.2,-42760148
2025-02-04,stock_val_1_250204.xls,2025-02-W4,2025-02-25,2025-02-28,PREVIOUS,02/17～02/21,02/17～02/21,委託内訳,金融機関内訳,都銀・地銀等,BUY,12350074,0.1,
2025-02-04,stock_val_1_250204.xls,2025-02-W4,2025-02-25,2025-02-28,CURRENT,2025-02-25,2025-02-28,委託内訳,金融機関内訳,都銀・地銀等,SELL,45583798,0.2,-13362253
2025-02-04,stock_val_1_250204.xls,2025-02-W4,2025-02-25,2025-02-28,CURRENT,2025-02-25,2025-02-28,委託内訳,金融機関内訳,都銀・地銀等,BUY,32221545,0.1,
2025-02-04,stock_val_1_250204.xls,2025-02-W4,2025-02-25,2025-02-28,PREVIOUS,02/17～02/21,02/17～02/21,委託内訳,金融機関内訳,信託銀行,SELL,407226638,1.7,-33992054
2025-02-04,stock_val_1_250204.xls,2025-02-W4,2025-02-25,2025-02-28,PREVIOUS,02/17～02/21,02/17～02/21,委託内訳,金融機関内訳,信託銀行,BUY,373234584,1.5,
2025-02-04,stock_val_1_250204.xls,2025-02-W4,2025-02-25,2025-02-28,CURRENT,2025-02-25,2025-02-28,委託内訳,金融機関内訳,信託銀行,SELL,578924909,2.7,-39313292
2025-02-04,stock_val_1_250204.xls,2025-02-W4,2025-02-25,2025-02-28,CURRENT,2025-02-25,2025-02-28,委託内訳,金融機関内訳,信託銀行,BUY,539611617,2.5,
2025-02-04,stock_val_1_250204.xls,2025-02-W4,2025-02-25,2025-02-28,PREVIOUS,02/17～02/21,02/17～02/21,委託内訳,金融機関内訳,その他金融機関,SELL,29865706,0.1,-13806416
2025-02-04,stock_val_1_250204.xls,2025-02-W4,2025-02-25,2025-02-28,PREVIOUS,02/17～02/21,02/17～02/21,委託内訳,金融機関内訳,その他金融機関,BUY,16059290,0.1,
2025-02-04,stock_val_1_250204.xls,2025-02-W4,2025-02-25,2025-02-28,CURRENT,2025-02-25,2025-02-28,委託内訳,金融機関内訳,その他金融機関,SELL,21160878,0.1,
2025-02-04,stock_val_1_250204.xls,2025-02-W4,2025-02-25,2025-02-28,CURRENT,2025-02-25,2025-02-28,委託内訳,金融機関内訳,その他金融機関,BUY,28754683,0.1,7593805
2025-03-01,stock_val_1_250301.xls,2025-03-W1,2025-03-03,2025-03-07,PREVIOUS,02/25～02/28,02/25～02/28,委託内訳,,法人,SELL,1503204849,6.9,
2025-03-01,stock_val_1_250301.xls,2025-03-W1,2025-03-03,2025-03-07,PREVIOUS,02/25～02/28,02/25～02/28,委託内訳,,法人,BUY,1658437799,7.6,155232950
2025-03-01,stock_val_1_250301.xls,2025-03-W1,2025-03-03,2025-03-07,CURRENT,2025-03-03,2025-03-07,委託内訳,,法人,SELL,1552757362,6.1,
2025-03-01,stock_val_1_250301.xls,2025-03-W1,2025-03-03,2025-03-07,CURRENT,2025-03-03,2025-03-07,委託内訳,,法人,BUY,2383599953,9.2,830842591
2025-03-01,stock_val_1_250301.xls,2025-03-W1,2025-03-03,2025-03-07,PREVIOUS,02/25～02/28,02/25～02/28,委託内訳,,個人,SELL,4984878408,22.9,
2025-03-01,stock_val_1_250301.xls,2025-03-W1,2025-03-03,2025-03-07,PREVIOUS,02/25～02/28,02/25～02/28,委託内訳,,個人,BUY,5503070794,25.1,518192386
2025-03-01,stock_val_1_250301.xls,2025-03-W1,2025-03-03,2025-03-07,CURRENT,2025-03-03,2025-03-07,委託内訳,,個人,SELL,7149446096,27.9,-431929122
2025-03-01,stock_val_1_250301.xls,2025-03-W1,2025-03-03,2025-03-07,CURRENT,2025-03-03,2025-03-07,委託内訳,,個人,BUY,6717516974,25.9,
2025-03-01,stock_val_1_250301.xls,2025-03-W1,2025-03-03,2025-03-07,PREVIOUS,02/25～02/28,02/25～02/28,委託内訳,,海外投資家,SELL,15241424570,69.9,-607154141
2025-03-01,stock_val_1_250301.xls,2025-03-W1,2025-03-03,2025-03-07,PREVIOUS,02/25～02/28,02/25～02/28,委託内訳,,海外投資家,BUY,14634270429,66.8,
2025-03-01,stock_val_1_250301.xls,2025-03-W1,2025-03-03,2025-03-07,CURRENT,2025-03-03,2025-03-07,委託内訳,,海外投資家,SELL,16800520027,65.5,-101580863
2025-03-01,stock_val_1_250301.xls,2025-03-W1,2025-03-03,2025-03-07,CURRENT,2025-03-03,2025-03-07,委託内訳,,海外投資家,BUY,16698939164,64.4,
2025-03-01,stock_val_1_250301.xls,2025-03-W1,2025-03-03,2025-03-07,PREVIOUS,02/25～02/28,02/25～02/28,委託内訳,,証券会社,SELL,85017613,0.4,
2025-03-01,stock_val_1_250301.xls,2025-03-W1,2025-03-03,2025-03-07,PREVIOUS,02/25～02/28,02/25～02/28,委託内訳,,証券会社,BUY,105028796,0.5,20011183
2025-03-01,stock_val_1_250301.xls,2025-03-W1,2025-03-03,2025-03-07,CURRENT,2025-03-03,2025-03-07,委託内訳,,証券会社,SELL,139845837,0.5,-3789144
2025-03-01,stock_val_1_250301.xls,2025-03-W1,2025-03-03,2025-03-07,CURRENT,2025-03-03,2025-03-07,委託内訳,,証券会社,BUY,136056693,0.5,
2025-03-01,stock_val_1_250301.xls,2025-03-W1,2025-03-03,2025-03-07,PREVIOUS,02/25～02/28,02/25～02/28,委託内訳,法人内訳,投資信託,SELL,498609370,2.3,
2025-03-01,stock_val_1_250301.xls,2025-03-W1,2025-03-03,2025-03-07,PREVIOUS,02/25～02/28,02/25～02/28,委託内訳,法人内訳,投資信託,BUY,503702616,2.3,5093246
2025-03-01,stock_val_1_250301.xls,2025-03-W1,2025-03-03,2025-03-07,CURRENT,2025-03-03,2025-03-07,委託内訳,法人内訳,投資信託,SELL,548203901,2.1,
2025-03-01,stock_val_1_250301.xls,2025-03-W1,2025-03-03,2025-03-07,CURRENT,2025-03-03,2025-03-07,委託内訳,法人内訳,投資信託,BUY,805573900,3.1,257369999
2025-03-01,stock_val_1_250301.xls,2025-03-W1,2025-03-03,2025-03-07,PREVIOUS,02/25～02/28,02/25～02/28,委託内訳,法人内訳,事業法人,SELL,269698823,1.2,
2025-03-01,stock_val_1_250301.xls,2025-03-W1,2025-03-03,2025-03-07,PREVIOUS,02/25～02/28,02/25～02/28,委託内訳,法人内訳,事業法人,BUY,426166404,1.9,156467581
2025-03-01,stock_val_1_250301.xls,2025-03-W1,2025-03-03,2025-03-07,CURRENT,2025-03-03,2025-03-07,委託内訳,法人内訳,事業法人,SELL,372012036,1.5,
2025-03-01,stock_val_1_250301.xls,2025-03-W1,2025-03-03,2025-03-07,CURRENT,2025-03-03,2025-03-07,委託内訳,法人内訳,事業法人,BUY,575771143,2.2,203759107
2025-03-01,stock_val_1_250301.xls,2025-03-W1,2025-03-03,2025-03-07,PREVIOUS,02/25～02/28,02/25～02/28,委託内訳,法人内訳,その他法人等,SELL,51183262,0.2,
2025-03-01,stock_val_1_250301.xls,2025-03-W1,2025-03-03,2025-03-07,PREVIOUS,02/25～02/28,02/25～02/28,委託内訳,法人内訳,その他法人等,BUY,113040813,0.5,61857551
2025-03-01,stock_val_1_250301.xls,2025-03-W1,2025-03-03,2025-03-07,CURRENT,2025-03-03,2025-03-07,委託内訳,法人内訳,その他法人等,SELL,79957558,0.3,
2025-03-01,stock_val_1_250301.xls,2025-03-W1,2025-03-03,2025-03-07,CURRENT,2025-03-03,2025-03-07,委託内訳,法人内訳,その他法人等,BUY,104665651,0.4,24708093
2025-03-01,stock_val_1_250301.xls,2025-03-W1,2025-03-03,2025-03-07,PREVIOUS,02/25～02/28,02/25～02/28,委託内訳,法人内訳,金融機関,SELL,683713394,3.1,-68185428
2025-03-01,stock_val_1_250301.xls,2025-03-W1,2025-03-03,2025-03-07,PREVIOUS,02/25～02/28,02/25～02/28,委託内訳,法人内訳,金融機関,BUY,615527966,2.8,
2025-03-01,stock_val_1_250301.xls,2025-03-W1,2025-03-03,2025-03-07,CURRENT,2025-03-03,2025-03-07,委託内訳,法人内訳,金融機関,SELL,552583867,2.2,
2025-03-01,stock_val_1_250301.xls,2025-03-W1,2025-03-03,2025-03-07,CURRENT,2025-03-03,2025-03-07,委託内訳,法人内訳,金融機関,BUY,897589259,3.5,345005392
2025-03-01,stock_val_1_250301.xls,2025-03-W1,2025-03-03,2025-03-07,PREVIOUS,02/25～02/28,02/25～02/28,委託内訳,金融機関内訳,生保・損保,SELL,38043809,0.2,-23103688
2025-03-01,stock_val_1_250301.xls,2025-03-W1,2025-03-03,2025-03-07,PREVIOUS,02/25～02/28,02/25～02/28,委託内訳,金融機関内訳,生保・損保,BUY,14940121,0.1,
2025-03-01,stock_val_1_250301.xls,2025-03-W1,2025-03-03,2025-03-07,CURRENT,2025-03-03,2025-03-07,委託内訳,金融機関内訳,生保・損保,SELL,35344832,0.1,-18315060
2025-03-01,stock_val_1_250301.xls,2025-03-W1,2025-03-03,2025-03-07,CURRENT,2025-03-03,2025-03-07,委託内訳,金融機関内訳,生保・損保,BUY,17029772,0.1,
2025-03-01,stock_val_1_250301.xls,2025-03-W1,2025-03-03,2025-03-07,PREVIOUS,02/25～02/28,02/25～02/28,委託内訳,金融機関内訳,都銀・地銀等,SELL,45583798,0.2,-13362253
2025-03-01,stock_val_1_250301.xls,2025-03-W1,2025-03-03,2025-03-07,PREVIOUS,02/25～02/28,02/25～02/28,委託内訳,金融機関内訳,都銀・地銀等,BUY,32221545,0.1,
2025-03-01,stock_val_1_250301.xls,2025-03-W1,2025-03-03,2025-03-07,CURRENT,2025-03-03,2025-03-07,委託内訳,金融機関内訳,都銀・地銀等,SELL,34834215,0.1,
2025-03-01,stock_val_1_250301.xls,2025-03-W1,2025-03-03,2025-03-07,CURRENT,2025-03-03,2025-03-07,委託内訳,金融機関内訳,都銀・地銀等,BUY,68439660,0.3,33605445
2025-03-01,stock_val_1_250301.xls,2025-03-W1,2025-03-03,2025-03-07,PREVIOUS,02/25～02/28,02/25～02/28,委託内訳,金融機関内訳,信託銀行,SELL,578924909,2.7,-39313292
2025-03-01,stock_val_1_250301.xls,2025-03-W1,2025-03-03,2025-03-07,PREVIOUS,02/25～02/28,02/25～02/28,委託内訳,金融機関内訳,信託銀行,BUY,539611617,2.5,
2025-03-01,stock_val_1_250301.xls,2025-03-W1,2025-03-03,2025-03-07,CURRENT,2025-03-03,2025-03-07,委託内訳,金融機関内訳,信託銀行,SELL,459472915,1.8,
2025-03-01,stock_val_1_250301.xls,2025-03-W1,2025-03-03,2025-03-07,CURRENT,2025-03-03,2025-03-07,委託内訳,金融機関内訳,信託銀行,BUY,793729241,3.1,334256326
2025-03-01,stock_val_1_250301.xls,2025-03-W1,2025-03-03,2025-03-07,PREVIOUS,02/25～02/28,02/25～02/28,委託内訳,金融機関内訳,その他金融機関,SELL,21160878,0.1,
2025-03-01,stock_val_1_250301.xls,2025-03-W1,2025-03-03,2025-03-07,PREVIOUS,02/25～02/28,02/25～02/28,委託内訳,金融機関内訳,その他金融機関,BUY,28754683,0.1,7593805
2025-03-01,stock_val_1_250301.xls,2025-03-W1,2025-03-03,2025-03-07,CURRENT,2025-03-03,2025-03-07,委託内訳,金融機関内訳,その他金融機関,SELL,22931905,0.1,-4541319
2025-03-01,stock_val_1_250301.xls,2025-03-W1,2025-03-03,2025-03-07,CURRENT,2025-03-03,2025-03-07,委託内訳,金融機関内訳,その他金融機関,BUY,18390586,0.1,
2025-03-02,stock_val_1_250302.xls,2025-03-W2,2025-03-10,2025-03-14,PREVIOUS,03/03～03/07,03/03～03/07,委託内訳,,法人,SELL,1552757362,6.1,
2025-03-02,stock_val_1_250302.xls,2025-03-W2,2025-03-10,2025-03-14,PREVIOUS,03/03～03/07,03/03～03/07,委託内訳,,法人,BUY,2383599953,9.2,830842591
2025-03-02,stock_val_1_250302.xls,2025-03-W2,2025-03-10,2025-03-14,CURRENT,2025-03-10,2025-03-14,委託内訳,,法人,SELL,1337627702,5.2,
2025-03-02,stock_val_1_250302.xls,2025-03-W2,2025-03-10,2025-03-14,CURRENT,2025-03-10,2025-03-14,委託内訳,,法人,BUY,1365667391,5.5,28039689
2025-03-02,stock_val_1_250302.xls,2025-03-W2,2025-03-10,2025-03-14,PREVIOUS,03/03～03/07,03/03～03/07,委託内訳,,個人,SELL,7149446096,27.9,-431929122
2025-03-02,stock_val_1_250302.xls,2025-03-W2,2025-03-10,2025-03-14,PREVIOUS,03/03～03/07,03/03～03/07,委託内訳,,個人,BUY,6717516974,25.9,
2025-03-02,stock_val_1_250302.xls,2025-03-W2,2025-03-10,2025-03-14,CURRENT,2025-03-10,2025-03-14,委託内訳,,個人,SELL,6437907721,25.2,-130907400
2025-03-02,stock_val_1_250302.xls,2025-03-W2,2025-03-10,2025-03-14,CURRENT,2025-03-10,2025-03-14,委託内訳,,個人,BUY,6307000321,25.6,
2025-03-02,stock_val_1_250302.xls,2025-03-W2,2025-03-10,2025-03-14,PREVIOUS,03/03～03/07,03/03～03/07,委託内訳,,海外投資家,SELL,16800520027,65.5,-101580863
2025-03-02,stock_val_1_250302.xls,2025-03-W2,2025-03-10,2025-03-14,PREVIOUS,03/03～03/07,03/03～03/07,委託内訳,,海外投資家,BUY,16698939164,64.4,
2025-03-02,stock_val_1_250302.xls,2025-03-W2,2025-03-10,2025-03-14,CURRENT,2025-03-10,2025-03-14,委託内訳,,海外投資家,SELL,17625044065,69.1,-808595250
2025-03-02,stock_val_1_250302.xls,2025-03-W2,2025-03-10,2025-03-14,CURRENT,2025-03-10,2025-03-14,委託内訳,,海外投資家,BUY,16816448815,68.3,
2025-03-02,stock_val_1_250302.xls,2025-03-W2,2025-03-10,2025-03-14,PREVIOUS,03/03～03/07,03/03～03/07,委託内訳,,証券会社,SELL,139845837,0.5,-3789144
2025-03-02,stock_val_1_250302.xls,2025-03-W2,2025-03-10,2025-03-14,PREVIOUS,03/03～03/07,03/03～03/07,委託内訳,,証券会社,BUY,136056693,0.5,
2025-03-02,stock_val_1_250302.xls,2025-03-W2,2025-03-10,2025-03-14,CURRENT,2025-03-10,2025-03-14,委託内訳,,証券会社,SELL,113799189,0.4,
2025-03-02,stock_val_1_250302.xls,2025-03-W2,2025-03-10,2025-03-14,CURRENT,2025-03-10,2025-03-14,委託内訳,,証券会社,BUY,126377207,0.5,12578018
2025-03-02,stock_val_1_250302.xls,2025-03-W2,2025-03-10,2025-03-14,PREVIOUS,03/03～03/07,03/03～03/07,委託内訳,法人内訳,投資信託,SELL,548203901,2.1,
2025-03-02,stock_val_1_250302.xls,2025-03-W2,2025-03-10,2025-03-14,PREVIOUS,03/03～03/07,03/03～03/07,委託内訳,法人内訳,投資信託,BUY,805573900,3.1,257369999
2025-03-02,stock_val_1_250302.xls,2025-03-W2,2025-03-10,2025-03-14,CURRENT,2025-03-10,2025-03-14,委託内訳,法人内訳,投資信託,SELL,397624123,1.6,-83392185
2025-03-02,stock_val_1_250302.xls,2025-03-W2,2025-03-10,2025-03-14,CURRENT,2025-03-10,2025-03-14,委託内訳,法人内訳,投資信託,BUY,314231938,1.3,
2025-03-02,stock_val_1_250302.xls,2025-03-W2,2025-03-10,2025-03-14,PREVIOUS,03/03～03/07,03/03～03/07,委託内訳,法人内訳,事業法人,SELL,372012036,1.5,
2025-03-02,stock_val_1_250302.xls,2025-03-W2,2025-03-10,2025-03-14,PREVIOUS,03/03～03/07,03/03～03/07,委託内訳,法人内訳,事業法人,BUY,575771143,2.2,203759107
2025-03-02,stock_val_1_250302.xls,2025-03-W2,2025-03-10,2025-03-14,CURRENT,2025-03-10,2025-03-14,委託内訳,法人内訳,事業法人,SELL,380135529,1.5,
2025-03-02,stock_val_1_250302.xls,2025-03-W2,2025-03-10,2025-03-14,CURRENT,2025-03-10,2025-03-14,委託内訳,法人内訳,事業法人,BUY,477500688,1.9,97365159
2025-03-02,stock_val_1_250302.xls,2025-03-W2,2025-03-10,2025-03-14,PREVIOUS,03/03～03/07,03/03～03/07,委託内訳,法人内訳,その他法人等,SELL,79957558,0.3,
2025-03-02,stock_val_1_250302.xls,2025-03-W2,2025-03-10,2025-03-14,PREVIOUS,03/03～03/07,03/03～03/07,委託内訳,法人内訳,その他法人等,BUY,104665651,0.4,24708093
2025-03-02,stock_val_1_250302.xls,2025-03-W2,2025-03-10,2025-03-14,CURRENT,2025-03-10,2025-03-14,委託内訳,法人内訳,その他法人等,SELL,65584529,0.3,-421712
2025-03-02,stock_val_1_250302.xls,2025-03-W2,2025-03-10,2025-03-14,CURRENT,2025-03-10,2025-03-14,委託内訳,法人内訳,その他法人等,BUY,65162817,0.3,
2025-03-02,stock_val_1_250302.xls,2025-03-W2,2025-03-10,2025-03-14,PREVIOUS,03/03～03/07,03/03～03/07,委託内訳,法人内訳,金融機関,SELL,552583867,2.2,
2025-03-02,stock_val_1_250302.xls,2025-03-W2,2025-03-10,2025-03-14,PREVIOUS,03/03～03/07,03/03～03/07,委託内訳,法人内訳,金融機関,BUY,897589259,3.5,345005392
2025-03-02,stock_val_1_250302.xls,2025-03-W2,2025-03-10,2025-03-14,CURRENT,2025-03-10,2025-03-14,委託内訳,法人内訳,金融機関,SELL,494283521,1.9,
2025-03-02,stock_val_1_250302.xls,2025-03-W2,2025-03-10,2025-03-14,CURRENT,2025-03-10,2025-03-14,委託内訳,法人内訳,金融機関,BUY,508771948,2.1,14488427
2025-03-02,stock_val_1_250302.xls,2025-03-W2,2025-03-10,2025-03-14,PREVIOUS,03/03～03/07,03/03～03/07,委託内訳,金融機関内訳,生保・損保,SELL,35344832,0.1,-18315060
2025-03-02,stock_val_1_250302.xls,2025-03-W2,2025-03-10,2025-03-14,PREVIOUS,03/03～03/07,03/03～03/07,委託内訳,金融機関内訳,生保・損保,BUY,17029772,0.1,
2025-03-02,stock_val_1_250302.xls,2025-03-W2,2025-03-10,2025-03-14,CURRENT,2025-03-10,2025-03-14,委託内訳,金融機関内訳,生保・損保,SELL,66371514,0.3,-36359239
2025-03-02,stock_val_1_250302.xls,2025-03-W2,2025-03-10,2025-03-14,CURRENT,2025-03-10,2025-03-14,委託内訳,金融機関内訳,生保・損保,BUY,30012275,0.1,
2025-03-02,stock_val_1_250302.xls,2025-03-W2,2025-03-10,2025-03-14,PREVIOUS,03/03～03/07,03/03～03/07,委託内訳,金融機関内訳,都銀・地銀等,SELL,34834215,0.1,
2025-03-02,stock_val_1_250302.xls,2025-03-W2,2025-03-10,2025-03-14,PREVIOUS,03/03～03/07,03/03～03/07,委託内訳,金融機関内訳,都銀・地銀等,BUY,68439660,0.3,33605445
2025-03-02,stock_val_1_250302.xls,2025-03-W2,2025-03-10,2025-03-14,CURRENT,2025-03-10,2025-03-14,委託内訳,金融機関内訳,都銀・地銀等,SELL,46522322,0.2,-26622330
2025-03-02,stock_val_1_250302.xls,2025-03-W2,2025-03-10,2025-03-14,CURRENT,2025-03-10,2025-03-14,委託内訳,金融機関内訳,都銀・地銀等,BUY,19899992,0.1,
2025-03-02,stock_val_1_250302.xls,2025-03-W2,2025-03-10,2025-03-14,PREVIOUS,03/03～03/07,03/03～03/07,委託内訳,金融機関内訳,信託銀行,SELL,459472915,1.8,
2025-03-02,stock_val_1_250302.xls,2025-03-W2,2025-03-10,2025-03-14,PREVIOUS,03/03～03/07,03/03～03/07,委託内訳,金融機関内訳,信託銀行,BUY,793729241,3.1,334256326
2025-03-02,stock_val_1_250302.xls,2025-03-W2,2025-03-10,2025-03-14,CURRENT,2025-03-10,2025-03-14,委託内訳,金融機関内訳,信託銀行,SELL,361906782,1.4,
2025-03-02,stock_val_1_250302.xls,2025-03-W2,2025-03-10,2025-03-14,CURRENT,2025-03-10,2025-03-14,委託内訳,金融機関内訳,信託銀行,BUY,417474713,1.7,55567931
2025-03-02,stock_val_1_250302.xls,2025-03-W2,2025-03-10,2025-03-14,PREVIOUS,03/03～03/07,03/03～03/07,委託内訳,金融機関内訳,その他金融機関,SELL,22931905,0.1,-4541319
2025-03-02,stock_val_1_250302.xls,2025-03-W2,2025-03-10,2025-03-14,PREVIOUS,03/03～03/07,03/03～03/07,委託内訳,金融機関内訳,その他金融機関,BUY,18390586,0.1,
2025-03-02,stock_val_1_250302.xls,2025-03-W2,2025-03-10,2025-03-14,CURRENT,2025-03-10,2025-03-14,委託内訳,金融機関内訳,その他金融機関,SELL,19482903,0.1,
2025-03-02,stock_val_1_250302.xls,2025-03-W2,2025-03-10,2025-03-14,CURRENT,2025-03-10,2025-03-14,委託内訳,金融機関内訳,その他金融機関,BUY,41384968,0.2,21902065
2025-03-03,stock_val_1_250303.xls,2025-03-W3,2025-03-17,2025-03-21,PREVIOUS,03/10～03/14,03/10～03/14,委託内訳,,法人,SELL,1337627702,5.2,
2025-03-03,stock_val_1_250303.xls,2025-03-W3,2025-03-17,2025-03-21,PREVIOUS,03/10～03/14,03/10～03/14,委託内訳,,法人,BUY,1365667391,5.5,28039689
2025-03-03,stock_val_1_250303.xls,2025-03-W3,2025-03-17,2025-03-21,CURRENT,2025-03-17,2025-03-21,委託内訳,,法人,SELL,1440343345,6.7,-188279522
2025-03-03,stock_val_1_250303.xls,2025-03-W3,2025-03-17,2025-03-21,CURRENT,2025-03-17,2025-03-21,委託内訳,,法人,BUY,1252063823,6.0,
2025-03-03,stock_val_1_250303.xls,2025-03-W3,2025-03-17,2025-03-21,PREVIOUS,03/10～03/14,03/10～03/14,委託内訳,,個人,SELL,6437907721,25.2,-130907400
2025-03-03,stock_val_1_250303.xls,2025-03-W3,2025-03-17,2025-03-21,PREVIOUS,03/10～03/14,03/10～03/14,委託内訳,,個人,BUY,6307000321,25.6,
2025-03-03,stock_val_1_250303.xls,2025-03-W3,2025-03-17,2025-03-21,CURRENT,2025-03-17,2025-03-21,委託内訳,,個人,SELL,6111416863,28.6,-472934778
2025-03-03,stock_val_1_250303.xls,2025-03-W3,2025-03-17,2025-03-21,CURRENT,2025-03-17,2025-03-21,委託内訳,,個人,BUY,5638482085,26.9,
2025-03-03,stock_val_1_250303.xls,2025-03-W3,2025-03-17,2025-03-21,PREVIOUS,03/10～03/14,03/10～03/14,委託内訳,,海外投資家,SELL,17625044065,69.1,-808595250
2025-03-03,stock_val_1_250303.xls,2025-03-W3,2025-03-17,2025-03-21,PREVIOUS,03/10～03/14,03/10～03/14,委託内訳,,海外投資家,BUY,16816448815,68.3,
2025-03-03,stock_val_1_250303.xls,2025-03-W3,2025-03-17,2025-03-21,CURRENT,2025-03-17,2025-03-21,委託内訳,,海外投資家,SELL,13693775711,64.0,
2025-03-03,stock_val_1_250303.xls,2025-03-W3,2025-03-17,2025-03-21,CURRENT,2025-03-17,2025-03-21,委託内訳,,海外投資家,BUY,13954920218,66.5,261144507
2025-03-03,stock_val_1_250303.xls,2025-03-W3,2025-03-17,2025-03-21,PREVIOUS,03/10～03/14,03/10～03/14,委託内訳,,証券会社,SELL,113799189,0.4,
2025-03-03,stock_val_1_250303.xls,2025-03-W3,2025-03-17,2025-03-21,PREVIOUS,03/10～03/14,03/10～03/14,委託内訳,,証券会社,BUY,126377207,0.5,12578018
2025-03-03,stock_val_1_250303.xls,2025-03-W3,2025-03-17,2025-03-21,CURRENT,2025-03-17,2025-03-21,委託内訳,,証券会社,SELL,157948952,0.7,-9187018
2025-03-03,stock_val_1_250303.xls,2025-03-W3,2025-03-17,2025-03-21,CURRENT,2025-03-17,2025-03-21,委託内訳,,証券会社,BUY,148761934,0.7,
2025-03-03,stock_val_1_250303.xls,2025-03-W3,2025-03-17,2025-03-21,PREVIOUS,03/10～03/14,03/10～03/14,委託内訳,法人内訳,投資信託,SELL,397624123,1.6,-83392185
2025-03-03,stock_val_1_250303.xls,2025-03-W3,2025-03-17,2025-03-21,PREVIOUS,03/10～03/14,03/10～03/14,委託内訳,法人内訳,投資信託,BUY,314231938,1.3,
2025-03-03,stock_val_1_250303.xls,2025-03-W3,2025-03-17,2025-03-21,CURRENT,2025-03-17,2025-03-21,委託内訳,法人内訳,投資信託,SELL,409042450,1.9,-128545708
2025-03-03,stock_val_1_250303.xls,2025-03-W3,2025-03-17,2025-03-21,CURRENT,2025-03-17,2025-03-21,委託内訳,法人内訳,投資信託,BUY,280496742,1.3,
2025-03-03,stock_val_1_250303.xls,2025-03-W3,2025-03-17,2025-03-21,PREVIOUS,03/10～03/14,03/10～03/14,委託内訳,法人内訳,事業法人,SELL,380135529,1.5,
2025-03-03,stock_val_1_250303.xls,2025-03-W3,2025-03-17,2025-03-21,PREVIOUS,03/10～03/14,03/10～03/14,委託内訳,法人内訳,事業法人,BUY,477500688,1.9,97365159
2025-03-03,stock_val_1_250303.xls,2025-03-W3,2025-03-17,2025-03-21,CURRENT,2025-03-17,2025-03-21,委託内訳,法人内訳,事業法人,SELL,454656565,2.1,
2025-03-03,stock_val_1_250303.xls,2025-03-W3,2025-03-17,2025-03-21,CURRENT,2025-03-17,2025-03-21,委託内訳,法人内訳,事業法人,BUY,499610423,2.4,44953858
2025-03-03,stock_val_1_250303.xls,2025-03-W3,2025-03-17,2025-03-21,PREVIOUS,03/10～03/14,03/10～03/14,委託内訳,法人内訳,その他法人等,SELL,65584529,0.3,-421712
2025-03-03,stock_val_1_250303.xls,2025-03-W3,2025-03-17,2025-03-21,PREVIOUS,03/10～03/14,03/10～03/14,委託内訳,法人内訳,その他法人等,BUY,65162817,0.3,
2025-03-03,stock_val_1_250303.xls,2025-03-W3,2025-03-17,2025-03-21,CURRENT,2025-03-17,2025-03-21,委託内訳,法人内訳,その他法人等,SELL,60678804,0.3,-11719004
2025-03-03,stock_val_1_250303.xls,2025-03-W3,2025-03-17,2025-03-21,CURRENT,2025-03-17,2025-03-21,委託内訳,法人内訳,その他法人等,BUY,48959800,0.2,
2025-03-03,stock_val_1_250303.xls,2025-03-W3,2025-03-17,2025-03-21,PREVIOUS,03/10～03/14,03/10～03/14,委託内訳,法人内訳,金融機関,SELL,494283521,1.9,
2025-03-03,stock_val_1_250303.xls,2025-03-W3,2025-03-17,2025-03-21,PREVIOUS,03/10～03/14,03/10～03/14,委託内訳,法人内訳,金融機関,BUY,508771948,2.1,14488427
2025-03-03,stock_val_1_250303.xls,2025-03-W3,2025-03-17,2025-03-21,CURRENT,2025-03-17,2025-03-21,委託内訳,法人内訳,金融機関,SELL,515965526,2.4,-92968668
2025-03-03,stock_val_1_250303.xls,2025-03-W3,2025-03-17,2025-03-21,CURRENT,2025-03-17,2025-03-21,委託内訳,法人内訳,金融機関,BUY,422996858,2.0,
2025-03-03,stock_val_1_250303.xls,2025-03-W3,2025-03-17,2025-03-21,PREVIOUS,03/10～03/14,03/10～03/14,委託内訳,金融機関内訳,生保・損保,SELL,66371514,0.3,-36359239
2025-03-03,stock_val_1_250303.xls,2025-03-W3,2025-03-17,2025-03-21,PREVIOUS,03/10～03/14,03/10～03/14,委託内訳,金融機関内訳,生保・損保,BUY,30012275,0.1,
2025-03-03,stock_val_1_250303.xls,2025-03-W3,2025-03-17,2025-03-21,CURRENT,2025-03-17,2025-03-21,委託内訳,金融機関内訳,生保・損保,SELL,17699012,0.1,-8963259
2025-03-03,stock_val_1_250303.xls,2025-03-W3,2025-03-17,2025-03-21,CURRENT,2025-03-17,2025-03-21,委託内訳,金融機関内訳,生保・損保,BUY,8735753,0.0,
2025-03-03,stock_val_1_250303.xls,2025-03-W3,2025-03-17,2025-03-21,PREVIOUS,03/10～03/14,03/10～03/14,委託内訳,金融機関内訳,都銀・地銀等,SELL,46522322,0.2,-26622330
2025-03-03,stock_val_1_250303.xls,2025-03-W3,2025-03-17,2025-03-21,PREVIOUS,03/10～03/14,03/10～03/14,委託内訳,金融機関内訳,都銀・地銀等,BUY,19899992,0.1,
2025-03-03,stock_val_1_250303.xls,2025-03-W3,2025-03-17,2025-03-21,CURRENT,2025-03-17,2025-03-21,委託内訳,金融機関内訳,都銀・地銀等,SELL,77564519,0.4,-11227585
2025-03-03,stock_val_1_250303.xls,2025-03-W3,2025-03-17,2025-03-21,CURRENT,2025-03-17,2025-03-21,委託内訳,金融機関内訳,都銀・地銀等,BUY,66336934,0.3,
2025-03-03,stock_val_1_250303.xls,2025-03-W3,2025-03-17,2025-03-21,PREVIOUS,03/10～03/14,03/10～03/14,委託内訳,金融機関内訳,信託銀行,SELL,361906782,1.4,
2025-03-03,stock_val_1_250303.xls,2025-03-W3,2025-03-17,2025-03-21,PREVIOUS,03/10～03/14,03/10～03/14,委託内訳,金融機関内訳,信託銀行,BUY,417474713,1.7,55567931
2025-03-03,stock_val_1_250303.xls,2025-03-W3,2025-03-17,2025-03-21,CURRENT,2025-03-17,2025-03-21,委託内訳,金融機関内訳,信託銀行,SELL,396499137,1.9,-75582848
2025-03-03,stock_val_1_250303.xls,2025-03-W3,2025-03-17,2025-03-21,CURRENT,2025-03-17,2025-03-21,委託内訳,金融機関内訳,信託銀行,BUY,320916289,1.5,
2025-03-03,stock_val_1_250303.xls,2025-03-W3,2025-03-17,2025-03-21,PREVIOUS,03/10～03/14,03/10～03/14,委託内訳,金融機関内訳,その他金融機関,SELL,19482903,0.1,
2025-03-03,stock_val_1_250303.xls,2025-03-W3,2025-03-17,2025-03-21,PREVIOUS,03/10～03/14,03/10～03/14,委託内訳,金融機関内訳,その他金融機関,BUY,41384968,0.2,21902065
2025-03-03,stock_val_1_250303.xls,2025-03-W3,2025-03-17,2025-03-21,CURRENT,2025-03-17,2025-03-21,委託内訳,金融機関内訳,その他金融機関,SELL,24202858,0.1,
2025-03-03,stock_val_1_250303.xls,2025-03-W3,2025-03-17,2025-03-21,CURRENT,2025-03-17,2025-03-21,委託内訳,金融機関内訳,その他金融機関,BUY,27007882,0.1,2805024
2025-03-04,stock_val_1_250304.xls,2025-03-W4,2025-03-24,2025-03-28,PREVIOUS,03/17～03/21,03/17～03/21,委託内訳,,法人,SELL,1440343345,6.7,-188279522
2025-03-04,stock_val_1_250304.xls,2025-03-W4,2025-03-24,2025-03-28,PREVIOUS,03/17～03/21,03/17～03/21,委託内訳,,法人,BUY,1252063823,6.0,
2025-03-04,stock_val_1_250304.xls,2025-03-W4,2025-03-24,2025-03-28,CURRENT,2025-03-24,2025-03-28,委託内訳,,法人,SELL,2034802932,8.8,-1046396832
2025-03-04,stock_val_1_250304.xls,2025-03-W4,2025-03-24,2025-03-28,CURRENT,2025-03-24,2025-03-28,委託内訳,,法人,BUY,988406100,4.5,
2025-03-04,stock_val_1_250304.xls,2025-03-W4,2025-03-24,2025-03-28,PREVIOUS,03/17～03/21,03/17～03/21,委託内訳,,個人,SELL,6111416863,28.6,-472934778
2025-03-04,stock_val_1_250304.xls,2025-03-W4,2025-03-24,2025-03-28,PREVIOUS,03/17～03/21,03/17～03/21,委託内訳,,個人,BUY,5638482085,26.9,
2025-03-04,stock_val_1_250304.xls,2025-03-W4,2025-03-24,2025-03-28,CURRENT,2025-03-24,2025-03-28,委託内訳,,個人,SELL,6147427772,26.5,
2025-03-04,stock_val_1_250304.xls,2025-03-W4,2025-03-24,2025-03-28,CURRENT,2025-03-24,2025-03-28,委託内訳,,個人,BUY,6625697005,30.4,478269233
2025-03-04,stock_val_1_250304.xls,2025-03-W4,2025-03-24,2025-03-28,PREVIOUS,03/17～03/21,03/17～03/21,委託内訳,,海外投資家,SELL,13693775711,64.0,
2025-03-04,stock_val_1_250304.xls,2025-03-W4,2025-03-24,2025-03-28,PREVIOUS,03/17～03/21,03/17～03/21,委託内訳,,海外投資家,BUY,13954920218,66.5,261144507
2025-03-04,stock_val_1_250304.xls,2025-03-W4,2025-03-24,2025-03-28,CURRENT,2025-03-24,2025-03-28,委託内訳,,海外投資家,SELL,14909828367,64.3,-841689022
2025-03-04,stock_val_1_250304.xls,2025-03-W4,2025-03-24,2025-03-28,CURRENT,2025-03-24,2025-03-28,委託内訳,,海外投資家,BUY,14068139345,64.6,
2025-03-04,stock_val_1_250304.xls,2025-03-W4,2025-03-24,2025-03-28,PREVIOUS,03/17～03/21,03/17～03/21,委託内訳,,証券会社,SELL,157948952,0.7,-9187018
2025-03-04,stock_val_1_250304.xls,2025-03-W4,2025-03-24,2025-03-28,PREVIOUS,03/17～03/21,03/17～03/21,委託内訳,,証券会社,BUY,148761934,0.7,
2025-03-04,stock_val_1_250304.xls,2025-03-W4,2025-03-24,2025-03-28,CURRENT,2025-03-24,2025-03-28,委託内訳,,証券会社,SELL,89123274,0.4,
2025-03-04,stock_val_1_250304.xls,2025-03-W4,2025-03-24,2025-03-28,CURRENT,2025-03-24,2025-03-28,委託内訳,,証券会社,BUY,109575090,0.5,20451816
2025-03-04,stock_val_1_250304.xls,2025-03-W4,2025-03-24,2025-03-28,PREVIOUS,03/17～03/21,03/17～03/21,委託内訳,法人内訳,投資信託,SELL,409042450,1.9,-128545708
2025-03-04,stock_val_1_250304.xls,2025-03-W4,2025-03-24,2025-03-28,PREVIOUS,03/17～03/21,03/17～03/21,委託内訳,法人内訳,投資信託,BUY,280496742,1.3,
2025-03-04,stock_val_1_250304.xls,2025-03-W4,2025-03-24,2025-03-28,CURRENT,2025-03-24,2025-03-28,委託内訳,法人内訳,投資信託,SELL,574731396,2.5,-182237565
2025-03-04,stock_val_1_250304.xls,2025-03-W4,2025-03-24,2025-03-28,CURRENT,2025-03-24,2025-03-28,委託内訳,法人内訳,投資信託,BUY,392493831,1.8,
2025-03-04,stock_val_1_250304.xls,2025-03-W4,2025-03-24,2025-03-28,PREVIOUS,03/17～03/21,03/17～03/21,委託内訳,法人内訳,事業法人,SELL,454656565,2.1,
2025-03-04,stock_val_1_250304.xls,2025-03-W4,2025-03-24,2025-03-28,PREVIOUS,03/17～03/21,03/17～03/21,委託内訳,法人内訳,事業法人,BUY,499610423,2.4,44953858
2025-03-04,stock_val_1_250304.xls,2025-03-W4,2025-03-24,2025-03-28,CURRENT,2025-03-24,2025-03-28,委託内訳,法人内訳,事業法人,SELL,266934312,1.2,-11470888
2025-03-04,stock_val_1_250304.xls,2025-03-W4,2025-03-24,2025-03-28,CURRENT,2025-03-24,2025-03-28,委託内訳,法人内訳,事業法人,BUY,255463424,1.2,
2025-03-04,stock_val_1_250304.xls,2025-03-W4,2025-03-24,2025-03-28,PREVIOUS,03/17～03/21,03/17～03/21,委託内訳,法人内訳,その他法人等,SELL,60678804,0.3,-11719004
2025-03-04,stock_val_1_250304.xls,2025-03-W4,2025-03-24,2025-03-28,PREVIOUS,03/17～03/21,03/17～03/21,委託内訳,法人内訳,その他法人等,BUY,48959800,0.2,
2025-03-04,stock_val_1_250304.xls,2025-03-W4,2025-03-24,2025-03-28,CURRENT,2025-03-24,2025-03-28,委託内訳,法人内訳,その他法人等,SELL,51553471,0.2,
2025-03-04,stock_val_1_250304.xls,2025-03-W4,2025-03-24,2025-03-28,CURRENT,2025-03-24,2025-03-28,委託内訳,法人内訳,その他法人等,BUY,75236093,0.3,23682622
2025-03-04,stock_val_1_250304.xls,2025-03-W4,2025-03-24,2025-03-28,PREVIOUS,03/17～03/21,03/17～03/21,委託内訳,法人内訳,金融機関,SELL,515965526,2.4,-92968668
2025-03-04,stock_val_1_250304.xls,2025-03-W4,2025-03-24,2025-03-28,PREVIOUS,03/17～03/21,03/17～03/21,委託内訳,法人内訳,金融機関,BUY,422996858,2.0,
2025-03-04,stock_val_1_250304.xls,2025-03-W4,2025-03-24,2025-03-28,CURRENT,2025-03-24,2025-03-28,委託内訳,法人内訳,金融機関,SELL,1141583753,4.9,-876371001
2025-03-04,stock_val_1_250304.xls,2025-03-W4,2025-03-24,2025-03-28,CURRENT,2025-03-24,2025-03-28,委託内訳,法人内訳,金融機関,BUY,265212752,1.2,
2025-03-04,stock_val_1_250304.xls,2025-03-W4,2025-03-24,2025-03-28,PREVIOUS,03/17～03/21,03/17～03/21,委託内訳,金融機関内訳,生保・損保,SELL,17699012,0.1,-8963259
2025-03-04,stock_val_1_250304.xls,2025-03-W4,2025-03-24,2025-03-28,PREVIOUS,03/17～03/21,03/17～03/21,委託内訳,金融機関内訳,生保・損保,BUY,8735753,0.0,
2025-03-04,stock_val_1_250304.xls,2025-03-W4,2025-03-24,2025-03-28,CURRENT,2025-03-24,2025-03-28,委託内訳,金融機関内訳,生保・損保,SELL,16349559,0.1,
2025-03-04,stock_val_1_250304.xls,2025-03-W4,2025-03-24,2025-03-28,CURRENT,2025-03-24,2025-03-28,委託内訳,金融機関内訳,生保・損保,BUY,16374792,0.1,25233
2025-03-04,stock_val_1_250304.xls,2025-03-W4,2025-03-24,2025-03-28,PREVIOUS,03/17～03/21,03/17～03/21,委託内訳,金融機関内訳,都銀・地銀等,SELL,77564519,0.4,-11227585
2025-03-04,stock_val_1_250304.xls,2025-03-W4,2025-03-24,2025-03-28,PREVIOUS,03/17～03/21,03/17～03/21,委託内訳,金融機関内訳,都銀・地銀等,BUY,66336934,0.3,
2025-03-04,stock_val_1_250304.xls,2025-03-W4,2025-03-24,2025-03-28,CURRENT,2025-03-24,2025-03-28,委託内訳,金融機関内訳,都銀・地銀等,SELL,81431141,0.4,-76271036
2025-03-04,stock_val_1_250304.xls,2025-03-W4,2025-03-24,2025-03-28,CURRENT,2025-03-24,2025-03-28,委託内訳,金融機関内訳,都銀・地銀等,BUY,5160105,0.0,
2025-03-04,stock_val_1_250304.xls,2025-03-W4,2025-03-24,2025-03-28,PREVIOUS,03/17～03/21,03/17～03/21,委託内訳,金融機関内訳,信託銀行,SELL,396499137,1.9,-75582848
2025-03-04,stock_val_1_250304.xls,2025-03-W4,2025-03-24,2025-03-28,PREVIOUS,03/17～03/21,03/17～03/21,委託内訳,金融機関内訳,信託銀行,BUY,320916289,1.5,
2025-03-04,stock_val_1_250304.xls,2025-03-W4,2025-03-24,2025-03-28,CURRENT,2025-03-24,2025-03-28,委託内訳,金融機関内訳,信託銀行,SELL,1019278353,4.4,-791712320
2025-03-04,stock_val_1_250304.xls,2025-03-W4,2025-03-24,2025-03-28,CURRENT,2025-03-24,2025-03-28,委託内訳,金融機関内訳,信託銀行,BUY,227566033,1.0,
2025-03-04,stock_val_1_250304.xls,2025-03-W4,2025-03-24,2025-03-28,PREVIOUS,03/17～03/21,03/17～03/21,委託内訳,金融機関内訳,その他金融機関,SELL,24202858,0.1,
2025-03-04,stock_val_1_250304.xls,2025-03-W4,2025-03-24,2025-03-28,PREVIOUS,03/17～03/21,03/17～03/21,委託内訳,金融機関内訳,その他金融機関,BUY,27007882,0.1,2805024
2025-03-04,stock_val_1_250304.xls,2025-03-W4,2025-03-24,2025-03-28,CURRENT,2025-03-24,2025-03-28,委託内訳,金融機関内訳,その他金融機関,SELL,24524700,0.1,-8412878
2025-03-04,stock_val_1_250304.xls,2025-03-W4,2025-03-24,2025-03-28,CURRENT,2025-03-24,2025-03-28,委託内訳,金融機関内訳,その他金融機関,BUY,16111822,0.1,
2025-04-01,stock_val_1_250401.xls,2025-04-W1,2025-03-31,2025-04-04,PREVIOUS,03/24～03/28,03/24～03/28,委託内訳,,法人,SELL,2034802932,8.8,-1046396832
2025-04-01,stock_val_1_250401.xls,2025-04-W1,2025-03-31,2025-04-04,PREVIOUS,03/24～03/28,03/24～03/28,委託内訳,,法人,BUY,988406100,4.5,
2025-04-01,stock_val_1_250401.xls,2025-04-W1,2025-03-31,2025-04-04,CURRENT,2025-03-31,2025-04-04,委託内訳,,法人,SELL,1724070906,6.4,
2025-04-01,stock_val_1_250401.xls,2025-04-W1,2025-03-31,2025-04-04,CURRENT,2025-03-31,2025-04-04,委託内訳,,法人,BUY,2116758578,7.3,392687672
2025-04-01,stock_val_1_250401.xls,2025-04-W1,2025-03-31,2025-04-04,PREVIOUS,03/24～03/28,03/24～03/28,委託内訳,,個人,SELL,6147427772,26.5,
2025-04-01,stock_val_1_250401.xls,2025-04-W1,2025-03-31,2025-04-04,PREVIOUS,03/24～03/28,03/24～03/28,委託内訳,,個人,BUY,6625697005,30.4,478269233
2025-04-01,stock_val_1_250401.xls,2025-04-W1,2025-03-31,2025-04-04,CURRENT,2025-03-31,2025-04-04,委託内訳,,個人,SELL,6383151623,23.5,
2025-04-01,stock_val_1_250401.xls,2025-04-W1,2025-03-31,2025-04-04,CURRENT,2025-03-31,2025-04-04,委託内訳,,個人,BUY,7104081922,24.6,720930299
2025-04-01,stock_val_1_250401.xls,2025-04-W1,2025-03-31,2025-04-04,PREVIOUS,03/24～03/28,03/24～03/28,委託内訳,,海外投資家,SELL,14909828367,64.3,-841689022
2025-04-01,stock_val_1_250401.xls,2025-04-W1,2025-03-31,2025-04-04,PREVIOUS,03/24～03/28,03/24～03/28,委託内訳,,海外投資家,BUY,14068139345,64.6,
2025-04-01,stock_val_1_250401.xls,2025-04-W1,2025-03-31,2025-04-04,CURRENT,2025-03-31,2025-04-04,委託内訳,,海外投資家,SELL,18927925918,69.8,
2025-04-01,stock_val_1_250401.xls,2025-04-W1,2025-03-31,2025-04-04,CURRENT,2025-03-31,2025-04-04,委託内訳,,海外投資家,BUY,19529051919,67.7,601126001
2025-04-01,stock_val_1_250401.xls,2025-04-W1,2025-03-31,2025-04-04,PREVIOUS,03/24～03/28,03/24～03/28,委託内訳,,証券会社,SELL,89123274,0.4,
2025-04-01,stock_val_1_250401.xls,2025-04-W1,2025-03-31,2025-04-04,PREVIOUS,03/24～03/28,03/24～03/28,委託内訳,,証券会社,BUY,109575090,0.5,20451816
2025-04-01,stock_val_1_250401.xls,2025-04-W1,2025-03-31,2025-04-04,CURRENT,2025-03-31,2025-04-04,委託内訳,,証券会社,SELL,85579122,0.3,
2025-04-01,stock_val_1_250401.xls,2025-04-W1,2025-03-31,2025-04-04,CURRENT,2025-03-31,2025-04-04,委託内訳,,証券会社,BUY,117683547,0.4,32104425
2025-04-01,stock_val_1_250401.xls,2025-04-W1,2025-03-31,2025-04-04,PREVIOUS,03/24～03/28,03/24～03/28,委託内訳,法人内訳,投資信託,SELL,574731396,2.5,-182237565
2025-04-01,stock_val_1_250401.xls,2025-04-W1,2025-03-31,2025-04-04,PREVIOUS,03/24～03/28,03/24～03/28,委託内訳,法人内訳,投資信託,BUY,392493831,1.8,
2025-04-01,stock_val_1_250401.xls,2025-04-W1,2025-03-31,2025-04-04,CURRENT,2025-03-31,2025-04-04,委託内訳,法人内訳,投資信託,SELL,583202283,2.2,
2025-04-01,stock_val_1_250401.xls,2025-04-W1,2025-03-31,2025-04-04,CURRENT,2025-03-31,2025-04-04,委託内訳,法人内訳,投資信託,BUY,833113973,2.9,249911690
2025-04-01,stock_val_1_250401.xls,2025-04-W1,2025-03-31,2025-04-04,PREVIOUS,03/24～03/28,03/24～03/28,委託内訳,法人内訳,事業法人,SELL,266934312,1.2,-11470888
2025-04-01,stock_val_1_250401.xls,2025-04-W1,2025-03-31,2025-04-04,PREVIOUS,03/24～03/28,03/24～03/28,委託内訳,法人内訳,事業法人,BUY,255463424,1.2,
2025-04-01,stock_val_1_250401.xls,2025-04-W1,2025-03-31,2025-04-04,CURRENT,2025-03-31,2025-04-04,委託内訳,法人内訳,事業法人,SELL,212040751,0.8,
2025-04-01,stock_val_1_250401.xls,2025-04-W1,2025-03-31,2025-04-04,CURRENT,2025-03-31,2025-04-04,委託内訳,法人内訳,事業法人,BUY,522304233,1.8,310263482
2025-04-01,stock_val_1_250401.xls,2025-04-W1,2025-03-31,2025-04-04,PREVIOUS,03/24～03/28,03/24～03/28,委託内訳,法人内訳,その他法人等,SELL,51553471,0.2,
2025-04-01,stock_val_1_250401.xls,2025-04-W1,2025-03-31,2025-04-04,PREVIOUS,03/24～03/28,03/24～03/28,委託内訳,法人内訳,その他法人等,BUY,75236093,0.3,23682622
2025-04-01,stock_val_1_250401.xls,2025-04-W1,2025-03-31,2025-04-04,CURRENT,2025-03-31,2025-04-04,委託内訳,法人内訳,その他法人等,SELL,52874762,0.2,
2025-04-01,stock_val_1_250401.xls,2025-04-W1,2025-03-31,2025-04-04,CURRENT,2025-03-31,2025-04-04,委託内訳,法人内訳,その他法人等,BUY,59811211,0.2,6936449
2025-04-01,stock_val_1_250401.xls,2025-04-W1,2025-03-31,2025-04-04,PREVIOUS,03/24～03/28,03/24～03/28,委託内訳,法人内訳,金融機関,SELL,1141583753,4.9,-876371001
2025-04-01,stock_val_1_250401.xls,2025-04-W1,2025-03-31,2025-04-04,PREVIOUS,03/24～03/28,03/24～03/28,委託内訳,法人内訳,金融機関,BUY,265212752,1.2,
2025-04-01,stock_val_1_250401.xls,2025-04-W1,2025-03-31,2025-04-04,CURRENT,2025-03-31,2025-04-04,委託内訳,法人内訳,金融機関,SELL,875953110,3.2,-174423949
2025-04-01,stock_val_1_250401.xls,2025-04-W1,2025-03-31,2025-04-04,CURRENT,2025-03-31,2025-04-04,委託内訳,法人内訳,金融機関,BUY,701529161,2.4,
2025-04-01,stock_val_1_250401.xls,2025-04-W1,2025-03-31,2025-04-04,PREVIOUS,03/24～03/28,03/24～03/28,委託内訳,金融機関内訳,生保・損保,SELL,16349559,0.1,
2025-04-01,stock_val_1_250401.xls,2025-04-W1,2025-03-31,2025-04-04,PREVIOUS,03/24～03/28,03/24～03/28,委託内訳,金融機関内訳,生保・損保,BUY,16374792,0.1,25233
2025-04-01,stock_val_1_250401.xls,2025-04-W1,2025-03-31,2025-04-04,CURRENT,2025-03-31,2025-04-04,委託内訳,金融機関内訳,生保・損保,SELL,16964416,0.1,
2025-04-01,stock_val_1_250401.xls,2025-04-W1,2025-03-31,2025-04-04,CURRENT,2025-03-31,2025-04-04,委託内訳,金融機関内訳,生保・損保,BUY,47581563,0.2,30617147
2025-04-01,stock_val_1_250401.xls,2025-04-W1,2025-03-31,2025-04-04,PREVIOUS,03/24～03/28,03/24～03/28,委託内訳,金融機関内訳,都銀・地銀等,SELL,81431141,0.4,-76271036
2025-04-01,stock_val_1_250401.xls,2025-04-W1,2025-03-31,2025-04-04,PREVIOUS,03/24～03/28,03/24～03/28,委託内訳,金融機関内訳,都銀・地銀等,BUY,5160105,0.0,
2025-04-01,stock_val_1_250401.xls,2025-04-W1,2025-03-31,2025-04-04,CURRENT,2025-03-31,2025-04-04,委託内訳,金融機関内訳,都銀・地銀等,SELL,24833621,0.1,-7993023
2025-04-01,stock_val_1_250401.xls,2025-04-W1,2025-03-31,2025-04-04,CURRENT,2025-03-31,2025-04-04,委託内訳,金融機関内訳,都銀・地銀等,BUY,16840598,0.1,
2025-04-01,stock_val_1_250401.xls,2025-04-W1,2025-03-31,2025-04-04,PREVIOUS,03/24～03/28,03/24～03/28,委託内訳,金融機関内訳,信託銀行,SELL,1019278353,4.4,-791712320
2025-04-01,stock_val_1_250401.xls,2025-04-W1,2025-03-31,2025-04-04,PREVIOUS,03/24～03/28,03/24～03/28,委託内訳,金融機関内訳,信託銀行,BUY,227566033,1.0,
2025-04-01,stock_val_1_250401.xls,2025-04-W1,2025-03-31,2025-04-04,CURRENT,2025-03-31,2025-04-04,委託内訳,金融機関内訳,信託銀行,SELL,800961530,3.0,-194192929
2025-04-01,stock_val_1_250401.xls,2025-04-W1,2025-03-31,2025-04-04,CURRENT,2025-03-31,2025-04-04,委託内訳,金融機関内訳,信託銀行,BUY,606768601,2.1,
2025-04-01,stock_val_1_250401.xls,2025-04-W1,2025-03-31,2025-04-04,PREVIOUS,03/24～03/28,03/24～03/28,委託内訳,金融機関内訳,その他金融機関,SELL,24524700,0.1,-8412878
2025-04-01,stock_val_1_250401.xls,2025-04-W1,2025-03-31,2025-04-04,PREVIOUS,03/24～03/28,03/24～03/28,委託内訳,金融機関内訳,その他金融機関,BUY,16111822,0.1,
2025-04-01,stock_val_1_250401.xls,2025-04-W1,2025-03-31,2025-04-04,CURRENT,2025-03-31,2025-04-04,委託内訳,金融機関内訳,その他金融機関,SELL,33193543,0.1,-2855144
2025-04-01,stock_val_1_250401.xls,2025-04-W1,2025-03-31,2025-04-04,CURRENT,2025-03-31,2025-04-04,委託内訳,金融機関内訳,その他金融機関,BUY,30338399,0.1,
2025-04-02,stock_val_1_250402.xls,2025-04-W2,2025-04-07,2025-04-11,PREVIOUS,03/31～04/04,03/31～04/04,委託内訳,,法人,SELL,1724070906,6.4,
2025-04-02,stock_val_1_250402.xls,2025-04-W2,2025-04-07,2025-04-11,PREVIOUS,03/31～04/04,03/31～04/04,委託内訳,,法人,BUY,2116758578,7.3,392687672
2025-04-02,stock_val_1_250402.xls,2025-04-W2,2025-04-07,2025-04-11,CURRENT,2025-04-07,2025-04-11,委託内訳,,法人,SELL,1301171515,4.3,
2025-04-02,stock_val_1_250402.xls,2025-04-W2,2025-04-07,2025-04-11,CURRENT,2025-04-07,2025-04-11,委託内訳,,法人,BUY,1893051129,6.2,591879614
2025-04-02,stock_val_1_250402.xls,2025-04-W2,2025-04-07,2025-04-11,PREVIOUS,03/31～04/04,03/31～04/04,委託内訳,,個人,SELL,6383151623,23.5,
2025-04-02,stock_val_1_250402.xls,2025-04-W2,2025-04-07,2025-04-11,PREVIOUS,03/31～04/04,03/31～04/04,委託内訳,,個人,BUY,7104081922,24.6,720930299
2025-04-02,stock_val_1_250402.xls,2025-04-W2,2025-04-07,2025-04-11,CURRENT,2025-04-07,2025-04-11,委託内訳,,個人,SELL,7129714193,23.8,-117711658
2025-04-02,stock_val_1_250402.xls,2025-04-W2,2025-04-07,2025-04-11,CURRENT,2025-04-07,2025-04-11,委託内訳,,個人,BUY,7012002535,22.9,
2025-04-02,stock_val_1_250402.xls,2025-04-W2,2025-04-07,2025-04-11,PREVIOUS,03/31～04/04,03/31～04/04,委託内訳,,海外投資家,SELL,18927925918,69.8,
2025-04-02,stock_val_1_250402.xls,2025-04-W2,2025-04-07,2025-04-11,PREVIOUS,03/31～04/04,03/31～04/04,委託内訳,,海外投資家,BUY,19529051919,67.7,601126001
2025-04-02,stock_val_1_250402.xls,2025-04-W2,2025-04-07,2025-04-11,CURRENT,2025-04-07,2025-04-11,委託内訳,,海外投資家,SELL,21394225904,71.5,
2025-04-02,stock_val_1_250402.xls,2025-04-W2,2025-04-07,2025-04-11,CURRENT,2025-04-07,2025-04-11,委託内訳,,海外投資家,BUY,21552454675,70.4,158228771
2025-04-02,stock_val_1_250402.xls,2025-04-W2,2025-04-07,2025-04-11,PREVIOUS,03/31～04/04,03/31～04/04,委託内訳,,証券会社,SELL,85579122,0.3,
2025-04-02,stock_val_1_250402.xls,2025-04-W2,2025-04-07,2025-04-11,PREVIOUS,03/31～04/04,03/31～04/04,委託内訳,,証券会社,BUY,117683547,0.4,32104425
2025-04-02,stock_val_1_250402.xls,2025-04-W2,2025-04-07,2025-04-11,CURRENT,2025-04-07,2025-04-11,委託内訳,,証券会社,SELL,113918537,0.4,
2025-04-02,stock_val_1_250402.xls,2025-04-W2,2025-04-07,2025-04-11,CURRENT,2025-04-07,2025-04-11,委託内訳,,証券会社,BUY,135428635,0.4,21510098
2025-04-02,stock_val_1_250402.xls,2025-04-W2,2025-04-07,2025-04-11,PREVIOUS,03/31～04/04,03/31～04/04,委託内訳,法人内訳,投資信託,SELL,583202283,2.2,
2025-04-02,stock_val_1_250402.xls,2025-04-W2,2025-04-07,2025-04-11,PREVIOUS,03/31～04/04,03/31～04/04,委託内訳,法人内訳,投資信託,BUY,833113973,2.9,249911690
2025-04-02,stock_val_1_250402.xls,2025-04-W2,2025-04-07,2025-04-11,CURRENT,2025-04-07,2025-04-11,委託内訳,法人内訳,投資信託,SELL,384685168,1.3,
2025-04-02,stock_val_1_250402.xls,2025-04-W2,2025-04-07,2025-04-11,CURRENT,2025-04-07,2025-04-11,委託内訳,法人内訳,投資信託,BUY,453806972,1.5,69121804
2025-04-02,stock_val_1_250402.xls,2025-04-W2,2025-04-07,2025-04-11,PREVIOUS,03/31～04/04,03/31～04/04,委託内訳,法人内訳,事業法人,SELL,212040751,0.8,
2025-04-02,stock_val_1_250402.xls,2025-04-W2,2025-04-07,2025-04-11,PREVIOUS,03/31～04/04,03/31～04/04,委託内訳,法人内訳,事業法人,BUY,522304233,1.8,310263482
2025-04-02,stock_val_1_250402.xls,2025-04-W2,2025-04-07,2025-04-11,CURRENT,2025-04-07,2025-04-11,委託内訳,法人内訳,事業法人,SELL,229297051,0.8,
2025-04-02,stock_val_1_250402.xls,2025-04-W2,2025-04-07,2025-04-11,CURRENT,2025-04-07,2025-04-11,委託内訳,法人内訳,事業法人,BUY,594684276,1.9,365387225
2025-04-02,stock_val_1_250402.xls,2025-04-W2,2025-04-07,2025-04-11,PREVIOUS,03/31～04/04,03/31～04/04,委託内訳,法人内訳,その他法人等,SELL,52874762,0.2,
2025-04-02,stock_val_1_250402.xls,2025-04-W2,2025-04-07,2025-04-11,PREVIOUS,03/31～04/04,03/31～04/04,委託内訳,法人内訳,その他法人等,BUY,59811211,0.2,6936449
2025-04-02,stock_val_1_250402.xls,2025-04-W2,2025-04-07,2025-04-11,CURRENT,2025-04-07,2025-04-11,委託内訳,法人内訳,その他法人等,SELL,36857579,0.1,
2025-04-02,stock_val_1_250402.xls,2025-04-W2,2025-04-07,2025-04-11,CURRENT,2025-04-07,2025-04-11,委託内訳,法人内訳,その他法人等,BUY,46593436,0.2,9735857
2025-04-02,stock_val_1_250402.xls,2025-04-W2,2025-04-07,2025-04-11,PREVIOUS,03/31～04/04,03/31～04/04,委託内訳,法人内訳,金融機関,SELL,875953110,3.2,-174423949
2025-04-02,stock_val_1_250402.xls,2025-04-W2,2025-04-07,2025-04-11,PREVIOUS,03/31～04/04,03/31～04/04,委託内訳,法人内訳,金融機関,BUY,701529161,2.4,
2025-04-02,stock_val_1_250402.xls,2025-04-W2,2025-04-07,2025-04-11,CURRENT,2025-04-07,2025-04-11,委託内訳,法人内訳,金融機関,SELL,650331717,2.2,
2025-04-02,stock_val_1_250402.xls,2025-04-W2,2025-04-07,2025-04-11,CURRENT,2025-04-07,2025-04-11,委託内訳,法人内訳,金融機関,BUY,797966445,2.6,147634728
2025-04-02,stock_val_1_250402.xls,2025-04-W2,2025-04-07,2025-04-11,PREVIOUS,03/31～04/04,03/31～04/04,委託内訳,金融機関内訳,生保・損保,SELL,16964416,0.1,
2025-04-02,stock_val_1_250402.xls,2025-04-W2,2025-04-07,2025-04-11,PREVIOUS,03/31～04/04,03/31～04/04,委託内訳,金融機関内訳,生保・損保,BUY,47581563,0.2,30617147
2025-04-02,stock_val_1_250402.xls,2025-04-W2,2025-04-07,2025-04-11,CURRENT,2025-04-07,2025-04-11,委託内訳,金融機関内訳,生保・損保,SELL,63054987,0.2,-14805211
2025-04-02,stock_val_1_250402.xls,2025-04-W2,2025-04-07,2025-04-11,CURRENT,2025-04-07,2025-04-11,委託内訳,金融機関内訳,生保・損保,BUY,48249776,0.2,
2025-04-02,stock_val_1_250402.xls,2025-04-W2,2025-04-07,2025-04-11,PREVIOUS,03/31～04/04,03/31～04/04,委託内訳,金融機関内訳,都銀・地銀等,SELL,24833621,0.1,-7993023
2025-04-02,stock_val_1_250402.xls,2025-04-W2,2025-04-07,2025-04-11,PREVIOUS,03/31～04/04,03/31～04/04,委託内訳,金融機関内訳,都銀・地銀等,BUY,16840598,0.1,
2025-04-02,stock_val_1_250402.xls,2025-04-W2,2025-04-07,2025-04-11,CURRENT,2025-04-07,2025-04-11,委託内訳,金融機関内訳,都銀・地銀等,SELL,31845776,0.1,-17499701
2025-04-02,stock_val_1_250402.xls,2025-04-W2,2025-04-07,2025-04-11,CURRENT,2025-04-07,2025-04-11,委託内訳,金融機関内訳,都銀・地銀等,BUY,14346075,0.0,
2025-04-02,stock_val_1_250402.xls,2025-04-W2,2025-04-07,2025-04-11,PREVIOUS,03/31～04/04,03/31～04/04,委託内訳,金融機関内訳,信託銀行,SELL,800961530,3.0,-194192929
2025-04-02,stock_val_1_250402.xls,2025-04-W2,2025-04-07,2025-04-11,PREVIOUS,03/31～04/04,03/31～04/04,委託内訳,金融機関内訳,信託銀行,BUY,606768601,2.1,
2025-04-02,stock_val_1_250402.xls,2025-04-W2,2025-04-07,2025-04-11,CURRENT,2025-04-07,2025-04-11,委託内訳,金融機関内訳,信託銀行,SELL,529589319,1.8,
2025-04-02,stock_val_1_250402.xls,2025-04-W2,2025-04-07,2025-04-11,CURRENT,2025-04-07,2025-04-11,委託内訳,金融機関内訳,信託銀行,BUY,702637288,2.3,173047969
2025-04-02,stock_val_1_250402.xls,2025-04-W2,2025-04-07,2025-04-11,PREVIOUS,03/31～04/04,03/31～04/04,委託内訳,金融機関内訳,その他金融機関,SELL,33193543,0.1,-2855144
2025-04-02,stock_val_1_250402.xls,2025-04-W2,2025-04-07,2025-04-11,PREVIOUS,03/31～04/04,03/31～04/04,委託内訳,金融機関内訳,その他金融機関,BUY,30338399,0.1,
2025-04-02,stock_val_1_250402.xls,2025-04-W2,2025-04-07,2025-04-11,CURRENT,2025-04-07,2025-04-11,委託内訳,金融機関内訳,その他金融機関,SELL,25841635,0.1,
2025-04-02,stock_val_1_250402.xls,2025-04-W2,2025-04-07,2025-04-11,CURRENT,2025-04-07,2025-04-11,委託内訳,金融機関内訳,その他金融機関,BUY,32733306,0.1,6891671
2025-04-03,stock_val_1_250403.xls,2025-04-W3,2025-04-14,2025-04-18,PREVIOUS,04/07～04/11,04/07～04/11,委託内訳,,法人,SELL,1301171515,4.3,
2025-04-03,stock_val_1_250403.xls,2025-04-W3,2025-04-14,2025-04-18,PREVIOUS,04/07～04/11,04/07～04/11,委託内訳,,法人,BUY,1893051129,6.2,591879614
2025-04-03,stock_val_1_250403.xls,2025-04-W3,2025-04-14,2025-04-18,CURRENT,2025-04-14,2025-04-18,委託内訳,,法人,SELL,901561848,4.5,
2025-04-03,stock_val_1_250403.xls,2025-04-W3,2025-04-14,2025-04-18,CURRENT,2025-04-14,2025-04-18,委託内訳,,法人,BUY,1218161449,6.0,316599601
2025-04-03,stock_val_1_250403.xls,2025-04-W3,2025-04-14,2025-04-18,PREVIOUS,04/07～04/11,04/07～04/11,委託内訳,,個人,SELL,7129714193,23.8,-117711658
2025-04-03,stock_val_1_250403.xls,2025-04-W3,2025-04-14,2025-04-18,PREVIOUS,04/07～04/11,04/07～04/11,委託内訳,,個人,BUY,7012002535,22.9,
2025-04-03,stock_val_1_250403.xls,2025-04-W3,2025-04-14,2025-04-18,CURRENT,2025-04-14,2025-04-18,委託内訳,,個人,SELL,5934045836,29.8,-230535497
2025-04-03,stock_val_1_250403.xls,2025-04-W3,2025-04-14,2025-04-18,CURRENT,2025-04-14,2025-04-18,委託内訳,,個人,BUY,5703510339,28.3,
2025-04-03,stock_val_1_250403.xls,2025-04-W3,2025-04-14,2025-04-18,PREVIOUS,04/07～04/11,04/07～04/11,委託内訳,,海外投資家,SELL,21394225904,71.5,
2025-04-03,stock_val_1_250403.xls,2025-04-W3,2025-04-14,2025-04-18,PREVIOUS,04/07～04/11,04/07～04/11,委託内訳,,海外投資家,BUY,21552454675,70.4,158228771
2025-04-03,stock_val_1_250403.xls,2025-04-W3,2025-04-14,2025-04-18,CURRENT,2025-04-14,2025-04-18,委託内訳,,海外投資家,SELL,13019674519,65.3,
2025-04-03,stock_val_1_250403.xls,2025-04-W3,2025-04-14,2025-04-18,CURRENT,2025-04-14,2025-04-18,委託内訳,,海外投資家,BUY,13170053857,65.3,150379338
2025-04-03,stock_val_1_250403.xls,2025-04-W3,2025-04-14,2025-04-18,PREVIOUS,04/07～04/11,04/07～04/11,委託内訳,,証券会社,SELL,113918537,0.4,
2025-04-03,stock_val_1_250403.xls,2025-04-W3,2025-04-14,2025-04-18,PREVIOUS,04/07～04/11,04/07～04/11,委託内訳,,証券会社,BUY,135428635,0.4,21510098
2025-04-03,stock_val_1_250403.xls,2025-04-W3,2025-04-14,2025-04-18,CURRENT,2025-04-14,2025-04-18,委託内訳,,証券会社,SELL,85383883,0.4,-4158830
2025-04-03,stock_val_1_250403.xls,2025-04-W3,2025-04-14,2025-04-18,CURRENT,2025-04-14,2025-04-18,委託内訳,,証券会社,BUY,81225053,0.4,
2025-04-03,stock_val_1_250403.xls,2025-04-W3,2025-04-14,2025-04-18,PREVIOUS,04/07～04/11,04/07～04/11,委託内訳,法人内訳,投資信託,SELL,384685168,1.3,
2025-04-03,stock_val_1_250403.xls,2025-04-W3,2025-04-14,2025-04-18,PREVIOUS,04/07～04/11,04/07～04/11,委託内訳,法人内訳,投資信託,BUY,453806972,1.5,69121804
2025-04-03,stock_val_1_250403.xls,2025-04-W3,2025-04-14,2025-04-18,CURRENT,2025-04-14,2025-04-18,委託内訳,法人内訳,投資信託,SELL,317924541,1.6,
2025-04-03,stock_val_1_250403.xls,2025-04-W3,2025-04-14,2025-04-18,CURRENT,2025-04-14,2025-04-18,委託内訳,法人内訳,投資信託,BUY,389342369,1.9,71417828
2025-04-03,stock_val_1_250403.xls,2025-04-W3,2025-04-14,2025-04-18,PREVIOUS,04/07～04/11,04/07～04/11,委託内訳,法人内訳,事業法人,SELL,229297051,0.8,
2025-04-03,stock_val_1_250403.xls,2025-04-W3,2025-04-14,2025-04-18,PREVIOUS,04/07～04/11,04/07～04/11,委託内訳,法人内訳,事業法人,BUY,594684276,1.9,365387225
2025-04-03,stock_val_1_250403.xls,2025-04-W3,2025-04-14,2025-04-18,CURRENT,2025-04-14,2025-04-18,委託内訳,法人内訳,事業法人,SELL,182400356,0.9,
2025-04-03,stock_val_1_250403.xls,2025-04-W3,2025-04-14,2025-04-18,CURRENT,2025-04-14,2025-04-18,委託内訳,法人内訳,事業法人,BUY,367351300,1.8,184950944
2025-04-03,stock_val_1_250403.xls,2025-04-W3,2025-04-14,2025-04-18,PREVIOUS,04/07～04/11,04/07～04/11,委託内訳,法人内訳,その他法人等,SELL,36857579,0.1,
2025-04-03,stock_val_1_250403.xls,2025-04-W3,2025-04-14,2025-04-18,PREVIOUS,04/07～04/11,04/07～04/11,委託内訳,法人内訳,その他法人等,BUY,46593436,0.2,9735857
2025-04-03,stock_val_1_250403.xls,2025-04-W3,2025-04-14,2025-04-18,CURRENT,2025-04-14,2025-04-18,委託内訳,法人内訳,その他法人等,SELL,33069388,0.2,-218592
2025-04-03,stock_val_1_250403.xls,2025-04-W3,2025-04-14,2025-04-18,CURRENT,2025-04-14,2025-04-18,委託内訳,法人内訳,その他法人等,BUY,32850796,0.2,
2025-04-03,stock_val_1_250403.xls,2025-04-W3,2025-04-14,2025-04-18,PREVIOUS,04/07～04/11,04/07～04/11,委託内訳,法人内訳,金融機関,SELL,650331717,2.2,
2025-04-03,stock_val_1_250403.xls,2025-04-W3,2025-04-14,2025-04-18,PREVIOUS,04/07～04/11,04/07～04/11,委託内訳,法人内訳,金融機関,BUY,797966445,2.6,147634728
2025-04-03,stock_val_1_250403.xls,2025-04-W3,2025-04-14,2025-04-18,CURRENT,2025-04-14,2025-04-18,委託内訳,法人内訳,金融機関,SELL,368167563,1.8,
2025-04-03,stock_val_1_250403.xls,2025-04-W3,2025-04-14,2025-04-18,CURRENT,2025-04-14,2025-04-18,委託内訳,法人内訳,金融機関,BUY,428616984,2.1,60449421
2025-04-03,stock_val_1_250403.xls,2025-04-W3,2025-04-14,2025-04-18,PREVIOUS,04/07～04/11,04/07～04/11,委託内訳,金融機関内訳,生保・損保,SELL,63054987,0.2,-14805211
2025-04-03,stock_val_1_250403.xls,2025-04-W3,2025-04-14,2025-04-18,PREVIOUS,04/07～04/11,04/07～04/11,委託内訳,金融機関内訳,生保・損保,BUY,48249776,0.2,
2025-04-03,stock_val_1_250403.xls,2025-04-W3,2025-04-14,2025-04-18,CURRENT,2025-04-14,2025-04-18,委託内訳,金融機関内訳,生保・損保,SELL,23727387,0.1,-14661468
2025-04-03,stock_val_1_250403.xls,2025-04-W3,2025-04-14,2025-04-18,CURRENT,2025-04-14,2025-04-18,委託内訳,金融機関内訳,生保・損保,BUY,9065919,0.0,
2025-04-03,stock_val_1_250403.xls,2025-04-W3,2025-04-14,2025-04-18,PREVIOUS,04/07～04/11,04/07～04/11,委託内訳,金融機関内訳,都銀・地銀等,SELL,31845776,0.1,-17499701
2025-04-03,stock_val_1_250403.xls,2025-04-W3,2025-04-14,2025-04-18,PREVIOUS,04/07～04/11,04/07～04/11,委託内訳,金融機関内訳,都銀・地銀等,BUY,14346075,0.0,
2025-04-03,stock_val_1_250403.xls,2025-04-W3,2025-04-14,2025-04-18,CURRENT,2025-04-14,2025-04-18,委託内訳,金融機関内訳,都銀・地銀等,SELL,29344337,0.1,-21739598
2025-04-03,stock_val_1_250403.xls,2025-04-W3,2025-04-14,2025-04-18,CURRENT,2025-04-14,2025-04-18,委託内訳,金融機関内訳,都銀・地銀等,BUY,7604739,0.0,
2025-04-03,stock_val_1_250403.xls,2025-04-W3,2025-04-14,2025-04-18,PREVIOUS,04/07～04/11,04/07～04/11,委託内訳,金融機関内訳,信託銀行,SELL,529589319,1.8,
2025-04-03,stock_val_1_250403.xls,2025-04-W3,2025-04-14,2025-04-18,PREVIOUS,04/07～04/11,04/07～04/11,委託内訳,金融機関内訳,信託銀行,BUY,702637288,2.3,173047969
2025-04-03,stock_val_1_250403.xls,2025-04-W3,2025-04-14,2025-04-18,CURRENT,2025-04-14,2025-04-18,委託内訳,金融機関内訳,信託銀行,SELL,299872270,1.5,
2025-04-03,stock_val_1_250403.xls,2025-04-W3,2025-04-14,2025-04-18,CURRENT,2025-04-14,2025-04-18,委託内訳,金融機関内訳,信託銀行,BUY,391848483,1.9,91976213
2025-04-03,stock_val_1_250403.xls,2025-04-W3,2025-04-14,2025-04-18,PREVIOUS,04/07～04/11,04/07～04/11,委託内訳,金融機関内訳,その他金融機関,SELL,25841635,0.1,
2025-04-03,stock_val_1_250403.xls,2025-04-W3,2025-04-14,2025-04-18,PREVIOUS,04/07～04/11,04/07～04/11,委託内訳,金融機関内訳,その他金融機関,BUY,32733306,0.1,6891671
2025-04-03,stock_val_1_250403.xls,2025-04-W3,2025-04-14,2025-04-18,CURRENT,2025-04-14,2025-04-18,委託内訳,金融機関内訳,その他金融機関,SELL,15223569,0.1,
2025-04-03,stock_val_1_250403.xls,2025-04-W3,2025-04-14,2025-04-18,CURRENT,2025-04-14,2025-04-18,委託内訳,金融機関内訳,その他金融機関,BUY,20097843,0.1,4874274
2025-04-04,stock_val_1_250404.xls,2025-04-W4,2025-04-21,2025-04-25,PREVIOUS,04/14～04/18,04/14～04/18,委託内訳,,法人,SELL,901561848,4.5,
2025-04-04,stock_val_1_250404.xls,2025-04-W4,2025-04-21,2025-04-25,PREVIOUS,04/14～04/18,04/14～04/18,委託内訳,,法人,BUY,1218161449,6.0,316599601
2025-04-04,stock_val_1_250404.xls,2025-04-W4,2025-04-21,2025-04-25,CURRENT,2025-04-21,2025-04-25,委託内訳,,法人,SELL,1397770005,6.7,-145479546
2025-04-04,stock_val_1_250404.xls,2025-04-W4,2025-04-21,2025-04-25,CURRENT,2025-04-21,2025-04-25,委託内訳,,法人,BUY,1252290459,6.0,
2025-04-04,stock_val_1_250404.xls,2025-04-W4,2025-04-21,2025-04-25,PREVIOUS,04/14～04/18,04/14～04/18,委託内訳,,個人,SELL,5934045836,29.8,-230535497
2025-04-04,stock_val_1_250404.xls,2025-04-W4,2025-04-21,2025-04-25,PREVIOUS,04/14～04/18,04/14～04/18,委託内訳,,個人,BUY,5703510339,28.3,
2025-04-04,stock_val_1_250404.xls,2025-04-W4,2025-04-21,2025-04-25,CURRENT,2025-04-21,2025-04-25,委託内訳,,個人,SELL,6178755977,29.5,-354932670
2025-04-04,stock_val_1_250404.xls,2025-04-W4,2025-04-21,2025-04-25,CURRENT,2025-04-21,2025-04-25,委託内訳,,個人,BUY,5823823307,28.1,
2025-04-04,stock_val_1_250404.xls,2025-04-W4,2025-04-21,2025-04-25,PREVIOUS,04/14～04/18,04/14～04/18,委託内訳,,海外投資家,SELL,13019674519,65.3,
2025-04-04,stock_val_1_250404.xls,2025-04-W4,2025-04-21,2025-04-25,PREVIOUS,04/14～04/18,04/14～04/18,委託内訳,,海外投資家,BUY,13170053857,65.3,150379338
2025-04-04,stock_val_1_250404.xls,2025-04-W4,2025-04-21,2025-04-25,CURRENT,2025-04-21,2025-04-25,委託内訳,,海外投資家,SELL,13275130037,63.3,
2025-04-04,stock_val_1_250404.xls,2025-04-W4,2025-04-21,2025-04-25,CURRENT,2025-04-21,2025-04-25,委託内訳,,海外投資家,BUY,13563267113,65.4,288137076
2025-04-04,stock_val_1_250404.xls,2025-04-W4,2025-04-21,2025-04-25,PREVIOUS,04/14～04/18,04/14～04/18,委託内訳,,証券会社,SELL,85383883,0.4,-4158830
2025-04-04,stock_val_1_250404.xls,2025-04-W4,2025-04-21,2025-04-25,PREVIOUS,04/14～04/18,04/14～04/18,委託内訳,,証券会社,BUY,81225053,0.4,
2025-04-04,stock_val_1_250404.xls,2025-04-W4,2025-04-21,2025-04-25,CURRENT,2025-04-21,2025-04-25,委託内訳,,証券会社,SELL,111608004,0.5,-5150277
2025-04-04,stock_val_1_250404.xls,2025-04-W4,2025-04-21,2025-04-25,CURRENT,2025-04-21,2025-04-25,委託内訳,,証券会社,BUY,106457727,0.5,
2025-04-04,stock_val_1_250404.xls,2025-04-W4,2025-04-21,2025-04-25,PREVIOUS,04/14～04/18,04/14～04/18,委託内訳,法人内訳,投資信託,SELL,317924541,1.6,
2025-04-04,stock_val_1_250404.xls,2025-04-W4,2025-04-21,2025-04-25,PREVIOUS,04/14～04/18,04/14～04/18,委託内訳,法人内訳,投資信託,BUY,389342369,1.9,71417828
2025-04-04,stock_val_1_250404.xls,2025-04-W4,2025-04-21,2025-04-25,CURRENT,2025-04-21,2025-04-25,委託内訳,法人内訳,投資信託,SELL,380976106,1.8,-56782879
2025-04-04,stock_val_1_250404.xls,2025-04-W4,2025-04-21,2025-04-25,CURRENT,2025-04-21,2025-04-25,委託内訳,法人内訳,投資信託,BUY,324193227,1.6,
2025-04-04,stock_val_1_250404.xls,2025-04-W4,2025-04-21,2025-04-25,PREVIOUS,04/14～04/18,04/14～04/18,委託内訳,法人内訳,事業法人,SELL,182400356,0.9,
2025-04-04,stock_val_1_250404.xls,2025-04-W4,2025-04-21,2025-04-25,PREVIOUS,04/14～04/18,04/14～04/18,委託内訳,法人内訳,事業法人,BUY,367351300,1.8,184950944
2025-04-04,stock_val_1_250404.xls,2025-04-W4,2025-04-21,2025-04-25,CURRENT,2025-04-21,2025-04-25,委託内訳,法人内訳,事業法人,SELL,213853584,1.0,
2025-04-04,stock_val_1_250404.xls,2025-04-W4,2025-04-21,2025-04-25,CURRENT,2025-04-21,2025-04-25,委託内訳,法人内訳,事業法人,BUY,293157076,1.4,79303492
2025-04-04,stock_val_1_250404.xls,2025-04-W4,2025-04-21,2025-04-25,PREVIOUS,04/14～04/18,04/14～04/18,委託内訳,法人内訳,その他法人等,SELL,33069388,0.2,-218592
2025-04-04,stock_val_1_250404.xls,2025-04-W4,2025-04-21,2025-04-25,PREVIOUS,04/14～04/18,04/14～04/18,委託内訳,法人内訳,その他法人等,BUY,32850796,0.2,
2025-04-04,stock_val_1_250404.xls,2025-04-W4,2025-04-21,2025-04-25,CURRENT,2025-04-21,2025-04-25,委託内訳,法人内訳,その他法人等,SELL,69447651,0.3,
2025-04-04,stock_val_1_250404.xls,2025-04-W4,2025-04-21,2025-04-25,CURRENT,2025-04-21,2025-04-25,委託内訳,法人内訳,その他法人等,BUY,99740035,0.5,30292384
2025-04-04,stock_val_1_250404.xls,2025-04-W4,2025-04-21,2025-04-25,PREVIOUS,04/14～04/18,04/14～04/18,委託内訳,法人内訳,金融機関,SELL,368167563,1.8,
2025-04-04,stock_val_1_250404.xls,2025-04-W4,2025-04-21,2025-04-25,PREVIOUS,04/14～04/18,04/14～04/18,委託内訳,法人内訳,金融機関,BUY,428616984,2.1,60449421
2025-04-04,stock_val_1_250404.xls,2025-04-W4,2025-04-21,2025-04-25,CURRENT,2025-04-21,2025-04-25,委託内訳,法人内訳,金融機関,SELL,733492664,3.5,-198292543
2025-04-04,stock_val_1_250404.xls,2025-04-W4,2025-04-21,2025-04-25,CURRENT,2025-04-21,2025-04-25,委託内訳,法人内訳,金融機関,BUY,535200121,2.6,
2025-04-04,stock_val_1_250404.xls,2025-04-W4,2025-04-21,2025-04-25,PREVIOUS,04/14～04/18,04/14～04/18,委託内訳,金融機関内訳,生保・損保,SELL,23727387,0.1,-14661468
2025-04-04,stock_val_1_250404.xls,2025-04-W4,2025-04-21,2025-04-25,PREVIOUS,04/14～04/18,04/14～04/18,委託内訳,金融機関内訳,生保・損保,BUY,9065919,0.0,
2025-04-04,stock_val_1_250404.xls,2025-04-W4,2025-04-21,2025-04-25,CURRENT,2025-04-21,2025-04-25,委託内訳,金融機関内訳,生保・損保,SELL,61371628,0.3,-42422809
2025-04-04,stock_val_1_250404.xls,2025-04-W4,2025-04-21,2025-04-25,CURRENT,2025-04-21,2025-04-25,委託内訳,金融機関内訳,生保・損保,BUY,18948819,0.1,
2025-04-04,stock_val_1_250404.xls,2025-04-W4,2025-04-21,2025-04-25,PREVIOUS,04/14～04/18,04/14～04/18,委託内訳,金融機関内訳,都銀・地銀等,SELL,29344337,0.1,-21739598
2025-04-04,stock_val_1_250404.xls,2025-04-W4,2025-04-21,2025-04-25,PREVIOUS,04/14～04/18,04/14～04/18,委託内訳,金融機関内訳,都銀・地銀等,BUY,7604739,0.0,
2025-04-04,stock_val_1_250404.xls,2025-04-W4,2025-04-21,2025-04-25,CURRENT,2025-04-21,2025-04-25,委託内訳,金融機関内訳,都銀・地銀等,SELL,28864541,0.1,-23693052
2025-04-04,stock_val_1_250404.xls,2025-04-W4,2025-04-21,2025-04-25,CURRENT,2025-04-21,2025-04-25,委託内訳,金融機関内訳,都銀・地銀等,BUY,5171489,0.0,
2025-04-04,stock_val_1_250404.xls,2025-04-W4,2025-04-21,2025-04-25,PREVIOUS,04/14～04/18,04/14～04/18,委託内訳,金融機関内訳,信託銀行,SELL,299872270,1.5,
2025-04-04,stock_val_1_250404.xls,2025-04-W4,2025-04-21,2025-04-25,PREVIOUS,04/14～04/18,04/14～04/18,委託内訳,金融機関内訳,信託銀行,BUY,391848483,1.9,91976213
2025-04-04,stock_val_1_250404.xls,2025-04-W4,2025-04-21,2025-04-25,CURRENT,2025-04-21,2025-04-25,委託内訳,金融機関内訳,信託銀行,SELL,607215827,2.9,-108521855
2025-04-04,stock_val_1_250404.xls,2025-04-W4,2025-04-21,2025-04-25,CURRENT,2025-04-21,2025-04-25,委託内訳,金融機関内訳,信託銀行,BUY,498693972,2.4,
2025-04-04,stock_val_1_250404.xls,2025-04-W4,2025-04-21,2025-04-25,PREVIOUS,04/14～04/18,04/14～04/18,委託内訳,金融機関内訳,その他金融機関,SELL,15223569,0.1,
2025-04-04,stock_val_1_250404.xls,2025-04-W4,2025-04-21,2025-04-25,PREVIOUS,04/14～04/18,04/14～04/18,委託内訳,金融機関内訳,その他金融機関,BUY,20097843,0.1,4874274
2025-04-04,stock_val_1_250404.xls,2025-04-W4,2025-04-21,2025-04-25,CURRENT,2025-04-21,2025-04-25,委託内訳,金融機関内訳,その他金融機関,SELL,36040668,0.2,-23654827
2025-04-04,stock_val_1_250404.xls,2025-04-W4,2025-04-21,2025-04-25,CURRENT,2025-04-21,2025-04-25,委託内訳,金融機関内訳,その他金融機関,BUY,12385841,0.1,
2025-05-01,stock_val_1_250501.xls,2025-05-W1,2025-04-28,2025-05-02,PREVIOUS,04/21～04/25,04/21～04/25,委託内訳,,法人,SELL,1397770005,6.7,-145479546
2025-05-01,stock_val_1_250501.xls,2025-05-W1,2025-04-28,2025-05-02,PREVIOUS,04/21～04/25,04/21～04/25,委託内訳,,法人,BUY,1252290459,6.0,
2025-05-01,stock_val_1_250501.xls,2025-05-W1,2025-04-28,2025-05-02,CURRENT,2025-04-28,2025-05-02,委託内訳,,法人,SELL,1567252644,7.4,
2025-05-01,stock_val_1_250501.xls,2025-05-W1,2025-04-28,2025-05-02,CURRENT,2025-04-28,2025-05-02,委託内訳,,法人,BUY,1588543054,7.4,21290410
2025-05-01,stock_val_1_250501.xls,2025-05-W1,2025-04-28,2025-05-02,PREVIOUS,04/21～04/25,04/21～04/25,委託内訳,,個人,SELL,6178755977,29.5,-354932670
2025-05-01,stock_val_1_250501.xls,2025-05-W1,2025-04-28,2025-05-02,PREVIOUS,04/21～04/25,04/21～04/25,委託内訳,,個人,BUY,5823823307,28.1,
2025-05-01,stock_val_1_250501.xls,2025-05-W1,2025-04-28,2025-05-02,CURRENT,2025-04-28,2025-05-02,委託内訳,,個人,SELL,5647693502,26.7,-167337048
2025-05-01,stock_val_1_250501.xls,2025-05-W1,2025-04-28,2025-05-02,CURRENT,2025-04-28,2025-05-02,委託内訳,,個人,BUY,5480356454,25.6,
2025-05-01,stock_val_1_250501.xls,2025-05-W1,2025-04-28,2025-05-02,PREVIOUS,04/21～04/25,04/21～04/25,委託内訳,,海外投資家,SELL,13275130037,63.3,
2025-05-01,stock_val_1_250501.xls,2025-05-W1,2025-04-28,2025-05-02,PREVIOUS,04/21～04/25,04/21～04/25,委託内訳,,海外投資家,BUY,13563267113,65.4,288137076
2025-05-01,stock_val_1_250501.xls,2025-05-W1,2025-04-28,2025-05-02,CURRENT,2025-04-28,2025-05-02,委託内訳,,海外投資家,SELL,13844318905,65.4,
2025-05-01,stock_val_1_250501.xls,2025-05-W1,2025-04-28,2025-05-02,CURRENT,2025-04-28,2025-05-02,委託内訳,,海外投資家,BUY,14238927961,66.5,394609056
2025-05-01,stock_val_1_250501.xls,2025-05-W1,2025-04-28,2025-05-02,PREVIOUS,04/21～04/25,04/21～04/25,委託内訳,,証券会社,SELL,111608004,0.5,-5150277
2025-05-01,stock_val_1_250501.xls,2025-05-W1,2025-04-28,2025-05-02,PREVIOUS,04/21～04/25,04/21～04/25,委託内訳,,証券会社,BUY,106457727,0.5,
2025-05-01,stock_val_1_250501.xls,2025-05-W1,2025-04-28,2025-05-02,CURRENT,2025-04-28,2025-05-02,委託内訳,,証券会社,SELL,106331964,0.5,-5546990
2025-05-01,stock_val_1_250501.xls,2025-05-W1,2025-04-28,2025-05-02,CURRENT,2025-04-28,2025-05-02,委託内訳,,証券会社,BUY,100784974,0.5,
2025-05-01,stock_val_1_250501.xls,2025-05-W1,2025-04-28,2025-05-02,PREVIOUS,04/21～04/25,04/21～04/25,委託内訳,法人内訳,投資信託,SELL,380976106,1.8,-56782879
2025-05-01,stock_val_1_250501.xls,2025-05-W1,2025-04-28,2025-05-02,PREVIOUS,04/21～04/25,04/21～04/25,委託内訳,法人内訳,投資信託,BUY,324193227,1.6,
2025-05-01,stock_val_1_250501.xls,2025-05-W1,2025-04-28,2025-05-02,CURRENT,2025-04-28,2025-05-02,委託内訳,法人内訳,投資信託,SELL,512356911,2.4,
2025-05-01,stock_val_1_250501.xls,2025-05-W1,2025-04-28,2025-05-02,CURRENT,2025-04-28,2025-05-02,委託内訳,法人内訳,投資信託,BUY,689970192,3.2,177613281
2025-05-01,stock_val_1_250501.xls,2025-05-W1,2025-04-28,2025-05-02,PREVIOUS,04/21～04/25,04/21～04/25,委託内訳,法人内訳,事業法人,SELL,213853584,1.0,
2025-05-01,stock_val_1_250501.xls,2025-05-W1,2025-04-28,2025-05-02,PREVIOUS,04/21～04/25,04/21～04/25,委託内訳,法人内訳,事業法人,BUY,293157076,1.4,79303492
2025-05-01,stock_val_1_250501.xls,2025-05-W1,2025-04-28,2025-05-02,CURRENT,2025-04-28,2025-05-02,委託内訳,法人内訳,事業法人,SELL,175748074,0.8,
2025-05-01,stock_val_1_250501.xls,2025-05-W1,2025-04-28,2025-05-02,CURRENT,2025-04-28,2025-05-02,委託内訳,法人内訳,事業法人,BUY,281529534,1.3,105781460
2025-05-01,stock_val_1_250501.xls,2025-05-W1,2025-04-28,2025-05-02,PREVIOUS,04/21～04/25,04/21～04/25,委託内訳,法人内訳,その他法人等,SELL,69447651,0.3,
2025-05-01,stock_val_1_250501.xls,2025-05-W1,2025-04-28,2025-05-02,PREVIOUS,04/21～04/25,04/21～04/25,委託内訳,法人内訳,その他法人等,BUY,99740035,0.5,30292384
2025-05-01,stock_val_1_250501.xls,2025-05-W1,2025-04-28,2025-05-02,CURRENT,2025-04-28,2025-05-02,委託内訳,法人内訳,その他法人等,SELL,29070573,0.1,
2025-05-01,stock_val_1_250501.xls,2025-05-W1,2025-04-28,2025-05-02,CURRENT,2025-04-28,2025-05-02,委託内訳,法人内訳,その他法人等,BUY,53241229,0.2,24170656
2025-05-01,stock_val_1_250501.xls,2025-05-W1,2025-04-28,2025-05-02,PREVIOUS,04/21～04/25,04/21～04/25,委託内訳,法人内訳,金融機関,SELL,733492664,3.5,-198292543
2025-05-01,stock_val_1_250501.xls,2025-05-W1,2025-04-28,2025-05-02,PREVIOUS,04/21～04/25,04/21～04/25,委託内訳,法人内訳,金融機関,BUY,535200121,2.6,
2025-05-01,stock_val_1_250501.xls,2025-05-W1,2025-04-28,2025-05-02,CURRENT,2025-04-28,2025-05-02,委託内訳,法人内訳,金融機関,SELL,850077086,4.0,-286274987
2025-05-01,stock_val_1_250501.xls,2025-05-W1,2025-04-28,2025-05-02,CURRENT,2025-04-28,2025-05-02,委託内訳,法人内訳,金融機関,BUY,563802099,2.6,
2025-05-01,stock_val_1_250501.xls,2025-05-W1,2025-04-28,2025-05-02,PREVIOUS,04/21～04/25,04/21～04/25,委託内訳,金融機関内訳,生保・損保,SELL,61371628,0.3,-42422809
2025-05-01,stock_val_1_250501.xls,2025-05-W1,2025-04-28,2025-05-02,PREVIOUS,04/21～04/25,04/21～04/25,委託内訳,金融機関内訳,生保・損保,BUY,18948819,0.1,
2025-05-01,stock_val_1_250501.xls,2025-05-W1,2025-04-28,2025-05-02,CURRENT,2025-04-28,2025-05-02,委託内訳,金融機関内訳,生保・損保,SELL,24914818,0.1,-15993133
2025-05-01,stock_val_1_250501.xls,2025-05-W1,2025-04-28,2025-05-02,CURRENT,2025-04-28,2025-05-02,委託内訳,金融機関内訳,生保・損保,BUY,8921685,0.0,
2025-05-01,stock_val_1_250501.xls,2025-05-W1,2025-04-28,2025-05-02,PREVIOUS,04/21～04/25,04/21～04/25,委託内訳,金融機関内訳,都銀・地銀等,SELL,28864541,0.1,-23693052
2025-05-01,stock_val_1_250501.xls,2025-05-W1,2025-04-28,2025-05-02,PREVIOUS,04/21～04/25,04/21～04/25,委託内訳,金融機関内訳,都銀・地銀等,BUY,5171489,0.0,
2025-05-01,stock_val_1_250501.xls,2025-05-W1,2025-04-28,2025-05-02,CURRENT,2025-04-28,2025-05-02,委託内訳,金融機関内訳,都銀・地銀等,SELL,47649211,0.2,-41237903
2025-05-01,stock_val_1_250501.xls,2025-05-W1,2025-04-28,2025-05-02,CURRENT,2025-04-28,2025-05-02,委託内訳,金融機関内訳,都銀・地銀等,BUY,6411308,0.0,
2025-05-01,stock_val_1_250501.xls,2025-05-W1,2025-04-28,2025-05-02,PREVIOUS,04/21～04/25,04/21～04/25,委託内訳,金融機関内訳,信託銀行,SELL,607215827,2.9,-108521855
2025-05-01,stock_val_1_250501.xls,2025-05-W1,2025-04-28,2025-05-02,PREVIOUS,04/21～04/25,04/21～04/25,委託内訳,金融機関内訳,信託銀行,BUY,498693972,2.4,
2025-05-01,stock_val_1_250501.xls,2025-05-W1,2025-04-28,2025-05-02,CURRENT,2025-04-28,2025-05-02,委託内訳,金融機関内訳,信託銀行,SELL,760479725,3.6,-229960539
2025-05-01,stock_val_1_250501.xls,2025-05-W1,2025-04-28,2025-05-02,CURRENT,2025-04-28,2025-05-02,委託内訳,金融機関内訳,信託銀行,BUY,530519186,2.5,
2025-05-01,stock_val_1_250501.xls,2025-05-W1,2025-04-28,2025-05-02,PREVIOUS,04/21～04/25,04/21～04/25,委託内訳,金融機関内訳,その他金融機関,SELL,36040668,0.2,-23654827
2025-05-01,stock_val_1_250501.xls,2025-05-W1,2025-04-28,2025-05-02,PREVIOUS,04/21～04/25,04/21～04/25,委託内訳,金融機関内訳,その他金融機関,BUY,12385841,0.1,
2025-05-01,stock_val_1_250501.xls,2025-05-W1,2025-04-28,2025-05-02,CURRENT,2025-04-28,2025-05-02,委託内訳,金融機関内訳,その他金融機関,SELL,17033332,0.1,
2025-05-01,stock_val_1_250501.xls,2025-05-W1,2025-04-28,2025-05-02,CURRENT,2025-04-28,2025-05-02,委託内訳,金融機関内訳,その他金融機関,BUY,17949920,0.1,916588
2025-05-02,stock_val_1_250502.xls,2025-05-W2,2025-05-07,2025-05-09,PREVIOUS,04/28～05/02,04/28～05/02,委託内訳,,法人,SELL,1567252644,7.4,
2025-05-02,stock_val_1_250502.xls,2025-05-W2,2025-05-07,2025-05-09,PREVIOUS,04/28～05/02,04/28～05/02,委託内訳,,法人,BUY,1588543054,7.4,21290410
2025-05-02,stock_val_1_250502.xls,2025-05-W2,2025-05-07,2025-05-09,CURRENT,2025-05-07,2025-05-09,委託内訳,,法人,SELL,925939076,5.7,-205401277
2025-05-02,stock_val_1_250502.xls,2025-05-W2,2025-05-07,2025-05-09,CURRENT,2025-05-07,2025-05-09,委託内訳,,法人,BUY,720537799,4.5,
2025-05-02,stock_val_1_250502.xls,2025-05-W2,2025-05-07,2025-05-09,PREVIOUS,04/28～05/02,04/28～05/02,委託内訳,,個人,SELL,5647693502,26.7,-167337048
2025-05-02,stock_val_1_250502.xls,2025-05-W2,2025-05-07,2025-05-09,PREVIOUS,04/28～05/02,04/28～05/02,委託内訳,,個人,BUY,5480356454,25.6,
2025-05-02,stock_val_1_250502.xls,2025-05-W2,2025-05-07,2025-05-09,CURRENT,2025-05-07,2025-05-09,委託内訳,,個人,SELL,4255378172,26.3,-357635278
2025-05-02,stock_val_1_250502.xls,2025-05-W2,2025-05-07,2025-05-09,CURRENT,2025-05-07,2025-05-09,委託内訳,,個人,BUY,3897742894,24.5,
2025-05-02,stock_val_1_250502.xls,2025-05-W2,2025-05-07,2025-05-09,PREVIOUS,04/28～05/02,04/28～05/02,委託内訳,,海外投資家,SELL,13844318905,65.4,
2025-05-02,stock_val_1_250502.xls,2025-05-W2,2025-05-07,2025-05-09,PREVIOUS,04/28～05/02,04/28～05/02,委託内訳,,海外投資家,BUY,14238927961,66.5,394609056
2025-05-02,stock_val_1_250502.xls,2025-05-W2,2025-05-07,2025-05-09,CURRENT,2025-05-07,2025-05-09,委託内訳,,海外投資家,SELL,10895870764,67.5,
2025-05-02,stock_val_1_250502.xls,2025-05-W2,2025-05-07,2025-05-09,CURRENT,2025-05-07,2025-05-09,委託内訳,,海外投資家,BUY,11252881096,70.6,357010332
2025-05-02,stock_val_1_250502.xls,2025-05-W2,2025-05-07,2025-05-09,PREVIOUS,04/28～05/02,04/28～05/02,委託内訳,,証券会社,SELL,106331964,0.5,-5546990
2025-05-02,stock_val_1_250502.xls,2025-05-W2,2025-05-07,2025-05-09,PREVIOUS,04/28～05/02,04/28～05/02,委託内訳,,証券会社,BUY,100784974,0.5,
2025-05-02,stock_val_1_250502.xls,2025-05-W2,2025-05-07,2025-05-09,CURRENT,2025-05-07,2025-05-09,委託内訳,,証券会社,SELL,75795714,0.5,-10802416
2025-05-02,stock_val_1_250502.xls,2025-05-W2,2025-05-07,2025-05-09,CURRENT,2025-05-07,2025-05-09,委託内訳,,証券会社,BUY,64993298,0.4,
2025-05-02,stock_val_1_250502.xls,2025-05-W2,2025-05-07,2025-05-09,PREVIOUS,04/28～05/02,04/28～05/02,委託内訳,法人内訳,投資信託,SELL,512356911,2.4,
2025-05-02,stock_val_1_250502.xls,2025-05-W2,2025-05-07,2025-05-09,PREVIOUS,04/28～05/02,04/28～05/02,委託内訳,法人内訳,投資信託,BUY,689970192,3.2,177613281
2025-05-02,stock_val_1_250502.xls,2025-05-W2,2025-05-07,2025-05-09,CURRENT,2025-05-07,2025-05-09,委託内訳,法人内訳,投資信託,SELL,196595812,1.2,
2025-05-02,stock_val_1_250502.xls,2025-05-W2,2025-05-07,2025-05-09,CURRENT,2025-05-07,2025-05-09,委託内訳,法人内訳,投資信託,BUY,228570863,1.4,31975051
2025-05-02,stock_val_1_250502.xls,2025-05-W2,2025-05-07,2025-05-09,PREVIOUS,04/28～05/02,04/28～05/02,委託内訳,法人内訳,事業法人,SELL,175748074,0.8,
2025-05-02,stock_val_1_250502.xls,2025-05-W2,2025-05-07,2025-05-09,PREVIOUS,04/28～05/02,04/28～05/02,委託内訳,法人内訳,事業法人,BUY,281529534,1.3,105781460
2025-05-02,stock_val_1_250502.xls,2025-05-W2,2025-05-07,2025-05-09,CURRENT,2025-05-07,2025-05-09,委託内訳,法人内訳,事業法人,SELL,120489776,0.7,
2025-05-02,stock_val_1_250502.xls,2025-05-W2,2025-05-07,2025-05-09,CURRENT,2025-05-07,2025-05-09,委託内訳,法人内訳,事業法人,BUY,277067543,1.7,156577767
2025-05-02,stock_val_1_250502.xls,2025-05-W2,2025-05-07,2025-05-09,PREVIOUS,04/28～05/02,04/28～05/02,委託内訳,法人内訳,その他法人等,SELL,29070573,0.1,
2025-05-02,stock_val_1_250502.xls,2025-05-W2,2025-05-07,2025-05-09,PREVIOUS,04/28～05/02,04/28～05/02,委託内訳,法人内訳,その他法人等,BUY,53241229,0.2,24170656
2025-05-02,stock_val_1_250502.xls,2025-05-W2,2025-05-07,2025-05-09,CURRENT,2025-05-07,2025-05-09,委託内訳,法人内訳,その他法人等,SELL,28030130,0.2,-7046631
2025-05-02,stock_val_1_250502.xls,2025-05-W2,2025-05-07,2025-05-09,CURRENT,2025-05-07,2025-05-09,委託内訳,法人内訳,その他法人等,BUY,20983499,0.1,
2025-05-02,stock_val_1_250502.xls,2025-05-W2,2025-05-07,2025-05-09,PREVIOUS,04/28～05/02,04/28～05/02,委託内訳,法人内訳,金融機関,SELL,850077086,4.0,-286274987
2025-05-02,stock_val_1_250502.xls,2025-05-W2,2025-05-07,2025-05-09,PREVIOUS,04/28～05/02,04/28～05/02,委託内訳,法人内訳,金融機関,BUY,563802099,2.6,
2025-05-02,stock_val_1_250502.xls,2025-05-W2,2025-05-07,2025-05-09,CURRENT,2025-05-07,2025-05-09,委託内訳,法人内訳,金融機関,SELL,580823358,3.6,-386907464
2025-05-02,stock_val_1_250502.xls,2025-05-W2,2025-05-07,2025-05-09,CURRENT,2025-05-07,2025-05-09,委託内訳,法人内訳,金融機関,BUY,193915894,1.2,
2025-05-02,stock_val_1_250502.xls,2025-05-W2,2025-05-07,2025-05-09,PREVIOUS,04/28～05/02,04/28～05/02,委託内訳,金融機関内訳,生保・損保,SELL,24914818,0.1,-15993133
2025-05-02,stock_val_1_250502.xls,2025-05-W2,2025-05-07,2025-05-09,PREVIOUS,04/28～05/02,04/28～05/02,委託内訳,金融機関内訳,生保・損保,BUY,8921685,0.0,
2025-05-02,stock_val_1_250502.xls,2025-05-W2,2025-05-07,2025-05-09,CURRENT,2025-05-07,2025-05-09,委託内訳,金融機関内訳,生保・損保,SELL,103082084,0.6,-97575520
2025-05-02,stock_val_1_250502.xls,2025-05-W2,2025-05-07,2025-05-09,CURRENT,2025-05-07,2025-05-09,委託内訳,金融機関内訳,生保・損保,BUY,5506564,0.0,
2025-05-02,stock_val_1_250502.xls,2025-05-W2,2025-05-07,2025-05-09,PREVIOUS,04/28～05/02,04/28～05/02,委託内訳,金融機関内訳,都銀・地銀等,SELL,47649211,0.2,-41237903
2025-05-02,stock_val_1_250502.xls,2025-05-W2,2025-05-07,2025-05-09,PREVIOUS,04/28～05/02,04/28～05/02,委託内訳,金融機関内訳,都銀・地銀等,BUY,6411308,0.0,
2025-05-02,stock_val_1_250502.xls,2025-05-W2,2025-05-07,2025-05-09,CURRENT,2025-05-07,2025-05-09,委託内訳,金融機関内訳,都銀・地銀等,SELL,12881276,0.1,-7145331
2025-05-02,stock_val_1_250502.xls,2025-05-W2,2025-05-07,2025-05-09,CURRENT,2025-05-07,2025-05-09,委託内訳,金融機関内訳,都銀・地銀等,BUY,5735945,0.0,
2025-05-02,stock_val_1_250502.xls,2025-05-W2,2025-05-07,2025-05-09,PREVIOUS,04/28～05/02,04/28～05/02,委託内訳,金融機関内訳,信託銀行,SELL,760479725,3.6,-229960539
2025-05-02,stock_val_1_250502.xls,2025-05-W2,2025-05-07,2025-05-09,PREVIOUS,04/28～05/02,04/28～05/02,委託内訳,金融機関内訳,信託銀行,BUY,530519186,2.5,
2025-05-02,stock_val_1_250502.xls,2025-05-W2,2025-05-07,2025-05-09,CURRENT,2025-05-07,2025-05-09,委託内訳,金融機関内訳,信託銀行,SELL,437904288,2.7,-268002308
2025-05-02,stock_val_1_250502.xls,2025-05-W2,2025-05-07,2025-05-09,CURRENT,2025-05-07,2025-05-09,委託内訳,金融機関内訳,信託銀行,BUY,169901980,1.1,
2025-05-02,stock_val_1_250502.xls,2025-05-W2,2025-05-07,2025-05-09,PREVIOUS,04/28～05/02,04/28～05/02,委託内訳,金融機関内訳,その他金融機関,SELL,17033332,0.1,
2025-05-02,stock_val_1_250502.xls,2025-05-W2,2025-05-07,2025-05-09,PREVIOUS,04/28～05/02,04/28～05/02,委託内訳,金融機関内訳,その他金融機関,BUY,17949920,0.1,916588
2025-05-02,stock_val_1_250502.xls,2025-05-W2,2025-05-07,2025-05-09,CURRENT,2025-05-07,2025-05-09,委託内訳,金融機関内訳,その他金融機関,SELL,26955710,0.2,-14184305
2025-05-02,stock_val_1_250502.xls,2025-05-W2,2025-05-07,2025-05-09,CURRENT,2025-05-07,2025-05-09,委託内訳,金融機関内訳,その他金融機関,BUY,12771405,0.1,
2025-05-03,stock_val_1_250503.xls,2025-05-W3,2025-05-12,2025-05-16,PREVIOUS,05/07～05/09,05/07～05/09,委託内訳,,法人,SELL,925939076,5.7,-205401277
2025-05-03,stock_val_1_250503.xls,2025-05-W3,2025-05-12,2025-05-16,PREVIOUS,05/07～05/09,05/07～05/09,委託内訳,,法人,BUY,720537799,4.5,
2025-05-03,stock_val_1_250503.xls,2025-05-W3,2025-05-12,2025-05-16,CURRENT,2025-05-12,2025-05-16,委託内訳,,法人,SELL,2011337004,7.1,-218705436
2025-05-03,stock_val_1_250503.xls,2025-05-W3,2025-05-12,2025-05-16,CURRENT,2025-05-12,2025-05-16,委託内訳,,法人,BUY,1792631568,6.3,
2025-05-03,stock_val_1_250503.xls,2025-05-W3,2025-05-12,2025-05-16,PREVIOUS,05/07～05/09,05/07～05/09,委託内訳,,個人,SELL,4255378172,26.3,-357635278
2025-05-03,stock_val_1_250503.xls,2025-05-W3,2025-05-12,2025-05-16,PREVIOUS,05/07～05/09,05/07～05/09,委託内訳,,個人,BUY,3897742894,24.5,
2025-05-03,stock_val_1_250503.xls,2025-05-W3,2025-05-12,2025-05-16,CURRENT,2025-05-12,2025-05-16,委託内訳,,個人,SELL,7753852255,27.4,-257976300
2025-05-03,stock_val_1_250503.xls,2025-05-W3,2025-05-12,2025-05-16,CURRENT,2025-05-12,2025-05-16,委託内訳,,個人,BUY,7495875955,26.4,
2025-05-03,stock_val_1_250503.xls,2025-05-W3,2025-05-12,2025-05-16,PREVIOUS,05/07～05/09,05/07～05/09,委託内訳,,海外投資家,SELL,10895870764,67.5,
2025-05-03,stock_val_1_250503.xls,2025-05-W3,2025-05-12,2025-05-16,PREVIOUS,05/07～05/09,05/07～05/09,委託内訳,,海外投資家,BUY,11252881096,70.6,357010332
2025-05-03,stock_val_1_250503.xls,2025-05-W3,2025-05-12,2025-05-16,CURRENT,2025-05-12,2025-05-16,委託内訳,,海外投資家,SELL,18388298127,65.0,
2025-05-03,stock_val_1_250503.xls,2025-05-W3,2025-05-12,2025-05-16,CURRENT,2025-05-12,2025-05-16,委託内訳,,海外投資家,BUY,19011577053,66.9,623278926
2025-05-03,stock_val_1_250503.xls,2025-05-W3,2025-05-12,2025-05-16,PREVIOUS,05/07～05/09,05/07～05/09,委託内訳,,証券会社,SELL,75795714,0.5,-10802416
2025-05-03,stock_val_1_250503.xls,2025-05-W3,2025-05-12,2025-05-16,PREVIOUS,05/07～05/09,05/07～05/09,委託内訳,,証券会社,BUY,64993298,0.4,
2025-05-03,stock_val_1_250503.xls,2025-05-W3,2025-05-12,2025-05-16,CURRENT,2025-05-12,2025-05-16,委託内訳,,証券会社,SELL,142283781,0.5,-7744268
2025-05-03,stock_val_1_250503.xls,2025-05-W3,2025-05-12,2025-05-16,CURRENT,2025-05-12,2025-05-16,委託内訳,,証券会社,BUY,134539513,0.5,
2025-05-03,stock_val_1_250503.xls,2025-05-W3,2025-05-12,2025-05-16,PREVIOUS,05/07～05/09,05/07～05/09,委託内訳,法人内訳,投資信託,SELL,196595812,1.2,
2025-05-03,stock_val_1_250503.xls,2025-05-W3,2025-05-12,2025-05-16,PREVIOUS,05/07～05/09,05/07～05/09,委託内訳,法人内訳,投資信託,BUY,228570863,1.4,31975051
2025-05-03,stock_val_1_250503.xls,2025-05-W3,2025-05-12,2025-05-16,CURRENT,2025-05-12,2025-05-16,委託内訳,法人内訳,投資信託,SELL,480028205,1.7,
2025-05-03,stock_val_1_250503.xls,2025-05-W3,2025-05-12,2025-05-16,CURRENT,2025-05-12,2025-05-16,委託内訳,法人内訳,投資信託,BUY,488625990,1.7,8597785
2025-05-03,stock_val_1_250503.xls,2025-05-W3,2025-05-12,2025-05-16,PREVIOUS,05/07～05/09,05/07～05/09,委託内訳,法人内訳,事業法人,SELL,120489776,0.7,
2025-05-03,stock_val_1_250503.xls,2025-05-W3,2025-05-12,2025-05-16,PREVIOUS,05/07～05/09,05/07～05/09,委託内訳,法人内訳,事業法人,BUY,277067543,1.7,156577767
2025-05-03,stock_val_1_250503.xls,2025-05-W3,2025-05-12,2025-05-16,CURRENT,2025-05-12,2025-05-16,委託内訳,法人内訳,事業法人,SELL,427946620,1.5,
2025-05-03,stock_val_1_250503.xls,2025-05-W3,2025-05-12,2025-05-16,CURRENT,2025-05-12,2025-05-16,委託内訳,法人内訳,事業法人,BUY,684012426,2.4,256065806
2025-05-03,stock_val_1_250503.xls,2025-05-W3,2025-05-12,2025-05-16,PREVIOUS,05/07～05/09,05/07～05/09,委託内訳,法人内訳,その他法人等,SELL,28030130,0.2,-7046631
2025-05-03,stock_val_1_250503.xls,2025-05-W3,2025-05-12,2025-05-16,PREVIOUS,05/07～05/09,05/07～05/09,委託内訳,法人内訳,その他法人等,BUY,20983499,0.1,
2025-05-03,stock_val_1_250503.xls,2025-05-W3,2025-05-12,2025-05-16,CURRENT,2025-05-12,2025-05-16,委託内訳,法人内訳,その他法人等,SELL,43438013,0.2,-4087947
2025-05-03,stock_val_1_250503.xls,2025-05-W3,2025-05-12,2025-05-16,CURRENT,2025-05-12,2025-05-16,委託内訳,法人内訳,その他法人等,BUY,39350066,0.1,
2025-05-03,stock_val_1_250503.xls,2025-05-W3,2025-05-12,2025-05-16,PREVIOUS,05/07～05/09,05/07～05/09,委託内訳,法人内訳,金融機関,SELL,580823358,3.6,-386907464
2025-05-03,stock_val_1_250503.xls,2025-05-W3,2025-05-12,2025-05-16,PREVIOUS,05/07～05/09,05/07～05/09,委託内訳,法人内訳,金融機関,BUY,193915894,1.2,
2025-05-03,stock_val_1_250503.xls,2025-05-W3,2025-05-12,2025-05-16,CURRENT,2025-05-12,2025-05-16,委託内訳,法人内訳,金融機関,SELL,1059924166,3.7,-479281080
2025-05-03,stock_val_1_250503.xls,2025-05-W3,2025-05-12,2025-05-16,CURRENT,2025-05-12,2025-05-16,委託内訳,法人内訳,金融機関,BUY,580643086,2.0,
2025-05-03,stock_val_1_250503.xls,2025-05-W3,2025-05-12,2025-05-16,PREVIOUS,05/07～05/09,05/07～05/09,委託内訳,金融機関内訳,生保・損保,SELL,103082084,0.6,-97575520
2025-05-03,stock_val_1_250503.xls,2025-05-W3,2025-05-12,2025-05-16,PREVIOUS,05/07～05/09,05/07～05/09,委託内訳,金融機関内訳,生保・損保,BUY,5506564,0.0,
2025-05-03,stock_val_1_250503.xls,2025-05-W3,2025-05-12,2025-05-16,CURRENT,2025-05-12,2025-05-16,委託内訳,金融機関内訳,生保・損保,SELL,139776297,0.5,-120766553
2025-05-03,stock_val_1_250503.xls,2025-05-W3,2025-05-12,2025-05-16,CURRENT,2025-05-12,2025-05-16,委託内訳,金融機関内訳,生保・損保,BUY,19009744,0.1,
2025-05-03,stock_val_1_250503.xls,2025-05-W3,2025-05-12,2025-05-16,PREVIOUS,05/07～05/09,05/07～05/09,委託内訳,金融機関内訳,都銀・地銀等,SELL,12881276,0.1,-7145331
2025-05-03,stock_val_1_250503.xls,2025-05-W3,2025-05-12,2025-05-16,PREVIOUS,05/07～05/09,05/07～05/09,委託内訳,金融機関内訳,都銀・地銀等,BUY,5735945,0.0,
2025-05-03,stock_val_1_250503.xls,2025-05-W3,2025-05-12,2025-05-16,CURRENT,2025-05-12,2025-05-16,委託内訳,金融機関内訳,都銀・地銀等,SELL,56262332,0.2,-46861259
2025-05-03,stock_val_1_250503.xls,2025-05-W3,2025-05-12,2025-05-16,CURRENT,2025-05-12,2025-05-16,委託内訳,金融機関内訳,都銀・地銀等,BUY,9401073,0.0,
2025-05-03,stock_val_1_250503.xls,2025-05-W3,2025-05-12,2025-05-16,PREVIOUS,05/07～05/09,05/07～05/09,委託内訳,金融機関内訳,信託銀行,SELL,437904288,2.7,-268002308
2025-05-03,stock_val_1_250503.xls,2025-05-W3,2025-05-12,2025-05-16,PREVIOUS,05/07～05/09,05/07～05/09,委託内訳,金融機関内訳,信託銀行,BUY,169901980,1.1,
2025-05-03,stock_val_1_250503.xls,2025-05-W3,2025-05-12,2025-05-16,CURRENT,2025-05-12,2025-05-16,委託内訳,金融機関内訳,信託銀行,SELL,814468647,2.9,-289316543
2025-05-03,stock_val_1_250503.xls,2025-05-W3,2025-05-12,2025-05-16,CURRENT,2025-05-12,2025-05-16,委託内訳,金融機関内訳,信託銀行,BUY,525152104,1.8,
2025-05-03,stock_val_1_250503.xls,2025-05-W3,2025-05-12,2025-05-16,PREVIOUS,05/07～05/09,05/07～05/09,委託内訳,金融機関内訳,その他金融機関,SELL,26955710,0.2,-14184305
2025-05-03,stock_val_1_250503.xls,2025-05-W3,2025-05-12,2025-05-16,PREVIOUS,05/07～05/09,05/07～05/09,委託内訳,金融機関内訳,その他金融機関,BUY,12771405,0.1,
2025-05-03,stock_val_1_250503.xls,2025-05-W3,2025-05-12,2025-05-16,CURRENT,2025-05-12,2025-05-16,委託内訳,金融機関内訳,その他金融機関,SELL,49416890,0.2,-22336725
2025-05-03,stock_val_1_250503.xls,2025-05-W3,2025-05-12,2025-05-16,CURRENT,2025-05-12,2025-05-16,委託内訳,金融機関内訳,その他金融機関,BUY,27080165,0.1,
2025-05-04,stock_val_1_250504.xls,2025-05-W4,2025-05-19,2025-05-23,PREVIOUS,05/12～05/16,05/12～05/16,委託内訳,,法人,SELL,2011337004,7.1,-218705436
2025-05-04,stock_val_1_250504.xls,2025-05-W4,2025-05-19,2025-05-23,PREVIOUS,05/12～05/16,05/12～05/16,委託内訳,,法人,BUY,1792631568,6.3,
2025-05-04,stock_val_1_250504.xls,2025-05-W4,2025-05-19,2025-05-23,CURRENT,2025-05-19,2025-05-23,委託内訳,,法人,SELL,1241987488,5.6,
2025-05-04,stock_val_1_250504.xls,2025-05-W4,2025-05-19,2025-05-23,CURRENT,2025-05-19,2025-05-23,委託内訳,,法人,BUY,1908368880,8.3,666381392
2025-05-04,stock_val_1_250504.xls,2025-05-W4,2025-05-19,2025-05-23,PREVIOUS,05/12～05/16,05/12～05/16,委託内訳,,個人,SELL,7753852255,27.4,-257976300
2025-05-04,stock_val_1_250504.xls,2025-05-W4,2025-05-19,2025-05-23,PREVIOUS,05/12～05/16,05/12～05/16,委託内訳,,個人,BUY,7495875955,26.4,
2025-05-04,stock_val_1_250504.xls,2025-05-W4,2025-05-19,2025-05-23,CURRENT,2025-05-19,2025-05-23,委託内訳,,個人,SELL,6555957392,29.6,-55060613
2025-05-04,stock_val_1_250504.xls,2025-05-W4,2025-05-19,2025-05-23,CURRENT,2025-05-19,2025-05-23,委託内訳,,個人,BUY,6500896779,28.2,
2025-05-04,stock_val_1_250504.xls,2025-05-W4,2025-05-19,2025-05-23,PREVIOUS,05/12～05/16,05/12～05/16,委託内訳,,海外投資家,SELL,18388298127,65.0,
2025-05-04,stock_val_1_250504.xls,2025-05-W4,2025-05-19,2025-05-23,PREVIOUS,05/12～05/16,05/12～05/16,委託内訳,,海外投資家,BUY,19011577053,66.9,623278926
2025-05-04,stock_val_1_250504.xls,2025-05-W4,2025-05-19,2025-05-23,CURRENT,2025-05-19,2025-05-23,委託内訳,,海外投資家,SELL,14291740219,64.4,
2025-05-04,stock_val_1_250504.xls,2025-05-W4,2025-05-19,2025-05-23,CURRENT,2025-05-19,2025-05-23,委託内訳,,海外投資家,BUY,14576763252,63.2,285023033
2025-05-04,stock_val_1_250504.xls,2025-05-W4,2025-05-19,2025-05-23,PREVIOUS,05/12～05/16,05/12～05/16,委託内訳,,証券会社,SELL,142283781,0.5,-7744268
2025-05-04,stock_val_1_250504.xls,2025-05-W4,2025-05-19,2025-05-23,PREVIOUS,05/12～05/16,05/12～05/16,委託内訳,,証券会社,BUY,134539513,0.5,
2025-05-04,stock_val_1_250504.xls,2025-05-W4,2025-05-19,2025-05-23,CURRENT,2025-05-19,2025-05-23,委託内訳,,証券会社,SELL,87660121,0.4,-1660375
2025-05-04,stock_val_1_250504.xls,2025-05-W4,2025-05-19,2025-05-23,CURRENT,2025-05-19,2025-05-23,委託内訳,,証券会社,BUY,85999746,0.4,
2025-05-04,stock_val_1_250504.xls,2025-05-W4,2025-05-19,2025-05-23,PREVIOUS,05/12～05/16,05/12～05/16,委託内訳,法人内訳,投資信託,SELL,480028205,1.7,
2025-05-04,stock_val_1_250504.xls,2025-05-W4,2025-05-19,2025-05-23,PREVIOUS,05/12～05/16,05/12～05/16,委託内訳,法人内訳,投資信託,BUY,488625990,1.7,8597785
2025-05-04,stock_val_1_250504.xls,2025-05-W4,2025-05-19,2025-05-23,CURRENT,2025-05-19,2025-05-23,委託内訳,法人内訳,投資信託,SELL,360963664,1.6,
2025-05-04,stock_val_1_250504.xls,2025-05-W4,2025-05-19,2025-05-23,CURRENT,2025-05-19,2025-05-23,委託内訳,法人内訳,投資信託,BUY,434768123,1.9,73804459
2025-05-04,stock_val_1_250504.xls,2025-05-W4,2025-05-19,2025-05-23,PREVIOUS,05/12～05/16,05/12～05/16,委託内訳,法人内訳,事業法人,SELL,427946620,1.5,
2025-05-04,stock_val_1_250504.xls,2025-05-W4,2025-05-19,2025-05-23,PREVIOUS,05/12～05/16,05/12～05/16,委託内訳,法人内訳,事業法人,BUY,684012426,2.4,256065806
2025-05-04,stock_val_1_250504.xls,2025-05-W4,2025-05-19,2025-05-23,CURRENT,2025-05-19,2025-05-23,委託内訳,法人内訳,事業法人,SELL,191851781,0.9,
2025-05-04,stock_val_1_250504.xls,2025-05-W4,2025-05-19,2025-05-23,CURRENT,2025-05-19,2025-05-23,委託内訳,法人内訳,事業法人,BUY,907475542,3.9,715623761
2025-05-04,stock_val_1_250504.xls,2025-05-W4,2025-05-19,2025-05-23,PREVIOUS,05/12～05/16,05/12～05/16,委託内訳,法人内訳,その他法人等,SELL,43438013,0.2,-4087947
2025-05-04,stock_val_1_250504.xls,2025-05-W4,2025-05-19,2025-05-23,PREVIOUS,05/12～05/16,05/12～05/16,委託内訳,法人内訳,その他法人等,BUY,39350066,0.1,
2025-05-04,stock_val_1_250504.xls,2025-05-W4,2025-05-19,2025-05-23,CURRENT,2025-05-19,2025-05-23,委託内訳,法人内訳,その他法人等,SELL,38292162,0.2,
2025-05-04,stock_val_1_250504.xls,2025-05-W4,2025-05-19,2025-05-23,CURRENT,2025-05-19,2025-05-23,委託内訳,法人内訳,その他法人等,BUY,51467254,0.2,13175092
2025-05-04,stock_val_1_250504.xls,2025-05-W4,2025-05-19,2025-05-23,PREVIOUS,05/12～05/16,05/12～05/16,委託内訳,法人内訳,金融機関,SELL,1059924166,3.7,-479281080
2025-05-04,stock_val_1_250504.xls,2025-05-W4,2025-05-19,2025-05-23,PREVIOUS,05/12～05/16,05/12～05/16,委託内訳,法人内訳,金融機関,BUY,580643086,2.0,
2025-05-04,stock_val_1_250504.xls,2025-05-W4,2025-05-19,2025-05-23,CURRENT,2025-05-19,2025-05-23,委託内訳,法人内訳,金融機関,SELL,650879881,2.9,-136221920
2025-05-04,stock_val_1_250504.xls,2025-05-W4,2025-05-19,2025-05-23,CURRENT,2025-05-19,2025-05-23,委託内訳,法人内訳,金融機関,BUY,514657961,2.2,
2025-05-04,stock_val_1_250504.xls,2025-05-W4,2025-05-19,2025-05-23,PREVIOUS,05/12～05/16,05/12～05/16,委託内訳,金融機関内訳,生保・損保,SELL,139776297,0.5,-120766553
2025-05-04,stock_val_1_250504.xls,2025-05-W4,2025-05-19,2025-05-23,PREVIOUS,05/12～05/16,05/12～05/16,委託内訳,金融機関内訳,生保・損保,BUY,19009744,0.1,
2025-05-04,stock_val_1_250504.xls,2025-05-W4,2025-05-19,2025-05-23,CURRENT,2025-05-19,2025-05-23,委託内訳,金融機関内訳,生保・損保,SELL,100290580,0.5,-79762481
2025-05-04,stock_val_1_250504.xls,2025-05-W4,2025-05-19,2025-05-23,CURRENT,2025-05-19,2025-05-23,委託内訳,金融機関内訳,生保・損保,BUY,20528099,0.1,
2025-05-04,stock_val_1_250504.xls,2025-05-W4,2025-05-19,2025-05-23,PREVIOUS,05/12～05/16,05/12～05/16,委託内訳,金融機関内訳,都銀・地銀等,SELL,56262332,0.2,-46861259
2025-05-04,stock_val_1_250504.xls,2025-05-W4,2025-05-19,2025-05-23,PREVIOUS,05/12～05/16,05/12～05/16,委託内訳,金融機関内訳,都銀・地銀等,BUY,9401073,0.0,
2025-05-04,stock_val_1_250504.xls,2025-05-W4,2025-05-19,2025-05-23,CURRENT,2025-05-19,2025-05-23,委託内訳,金融機関内訳,都銀・地銀等,SELL,32116011,0.1,-19086408
2025-05-04,stock_val_1_250504.xls,2025-05-W4,2025-05-19,2025-05-23,CURRENT,2025-05-19,2025-05-23,委託内訳,金融機関内訳,都銀・地銀等,BUY,13029603,0.1,
2025-05-04,stock_val_1_250504.xls,2025-05-W4,2025-05-19,2025-05-23,PREVIOUS,05/12～05/16,05/12～05/16,委託内訳,金融機関内訳,信託銀行,SELL,814468647,2.9,-289316543
2025-05-04,stock_val_1_250504.xls,2025-05-W4,2025-05-19,2025-05-23,PREVIOUS,05/12～05/16,05/12～05/16,委託内訳,金融機関内訳,信託銀行,BUY,525152104,1.8,
2025-05-04,stock_val_1_250504.xls,2025-05-W4,2025-05-19,2025-05-23,CURRENT,2025-05-19,2025-05-23,委託内訳,金融機関内訳,信託銀行,SELL,498397661,2.2,-35978914
2025-05-04,stock_val_1_250504.xls,2025-05-W4,2025-05-19,2025-05-23,CURRENT,2025-05-19,2025-05-23,委託内訳,金融機関内訳,信託銀行,BUY,462418747,2.0,
2025-05-04,stock_val_1_250504.xls,2025-05-W4,2025-05-19,2025-05-23,PREVIOUS,05/12～05/16,05/12～05/16,委託内訳,金融機関内訳,その他金融機関,SELL,49416890,0.2,-22336725
2025-05-04,stock_val_1_250504.xls,2025-05-W4,2025-05-19,2025-05-23,PREVIOUS,05/12～05/16,05/12～05/16,委託内訳,金融機関内訳,その他金融機関,BUY,27080165,0.1,
2025-05-04,stock_val_1_250504.xls,2025-05-W4,2025-05-19,2025-05-23,CURRENT,2025-05-19,2025-05-23,委託内訳,金融機関内訳,その他金融機関,SELL,20075629,0.1,-1394117
2025-05-04,stock_val_1_250504.xls,2025-05-W4,2025-05-19,2025-05-23,CURRENT,2025-05-19,2025-05-23,委託内訳,金融機関内訳,その他金融機関,BUY,18681512,0.1,
2025-05-05,stock_val_1_250505.xls,2025-05-W5,2025-05-26,2025-05-30,PREVIOUS,05/19～05/23,05/19～05/23,委託内訳,,法人,SELL,1241987488,5.6,
2025-05-05,stock_val_1_250505.xls,2025-05-W5,2025-05-26,2025-05-30,PREVIOUS,05/19～05/23,05/19～05/23,委託内訳,,法人,BUY,1908368880,8.3,666381392
2025-05-05,stock_val_1_250505.xls,2025-05-W5,2025-05-26,2025-05-30,CURRENT,2025-05-26,2025-05-30,委託内訳,,法人,SELL,2212115820,8.5,-233765613
2025-05-05,stock_val_1_250505.xls,2025-05-W5,2025-05-26,2025-05-30,CURRENT,2025-05-26,2025-05-30,委託内訳,,法人,BUY,1978350207,7.6,
2025-05-05,stock_val_1_250505.xls,2025-05-W5,2025-05-26,2025-05-30,PREVIOUS,05/19～05/23,05/19～05/23,委託内訳,,個人,SELL,6555957392,29.6,-55060613
2025-05-05,stock_val_1_250505.xls,2025-05-W5,2025-05-26,2025-05-30,PREVIOUS,05/19～05/23,05/19～05/23,委託内訳,,個人,BUY,6500896779,28.2,
2025-05-05,stock_val_1_250505.xls,2025-05-W5,2025-05-26,2025-05-30,CURRENT,2025-05-26,2025-05-30,委託内訳,,個人,SELL,7067177947,27.2,-356780428
2025-05-05,stock_val_1_250505.xls,2025-05-W5,2025-05-26,2025-05-30,CURRENT,2025-05-26,2025-05-30,委託内訳,,個人,BUY,6710397519,25.8,
2025-05-05,stock_val_1_250505.xls,2025-05-W5,2025-05-26,2025-05-30,PREVIOUS,05/19～05/23,05/19～05/23,委託内訳,,海外投資家,SELL,14291740219,64.4,
2025-05-05,stock_val_1_250505.xls,2025-05-W5,2025-05-26,2025-05-30,PREVIOUS,05/19～05/23,05/19～05/23,委託内訳,,海外投資家,BUY,14576763252,63.2,285023033
2025-05-05,stock_val_1_250505.xls,2025-05-W5,2025-05-26,2025-05-30,CURRENT,2025-05-26,2025-05-30,委託内訳,,海外投資家,SELL,16608487726,63.8,
2025-05-05,stock_val_1_250505.xls,2025-05-W5,2025-05-26,2025-05-30,CURRENT,2025-05-26,2025-05-30,委託内訳,,海外投資家,BUY,17225060543,66.2,616572817
2025-05-05,stock_val_1_250505.xls,2025-05-W5,2025-05-26,2025-05-30,PREVIOUS,05/19～05/23,05/19～05/23,委託内訳,,証券会社,SELL,87660121,0.4,-1660375
2025-05-05,stock_val_1_250505.xls,2025-05-W5,2025-05-26,2025-05-30,PREVIOUS,05/19～05/23,05/19～05/23,委託内訳,,証券会社,BUY,85999746,0.4,
2025-05-05,stock_val_1_250505.xls,2025-05-W5,2025-05-26,2025-05-30,CURRENT,2025-05-26,2025-05-30,委託内訳,,証券会社,SELL,134033617,0.5,-12269335
2025-05-05,stock_val_1_250505.xls,2025-05-W5,2025-05-26,2025-05-30,CURRENT,2025-05-26,2025-05-30,委託内訳,,証券会社,BUY,121764282,0.5,
2025-05-05,stock_val_1_250505.xls,2025-05-W5,2025-05-26,2025-05-30,PREVIOUS,05/19～05/23,05/19～05/23,委託内訳,法人内訳,投資信託,SELL,360963664,1.6,
2025-05-05,stock_val_1_250505.xls,2025-05-W5,2025-05-26,2025-05-30,PREVIOUS,05/19～05/23,05/19～05/23,委託内訳,法人内訳,投資信託,BUY,434768123,1.9,73804459
2025-05-05,stock_val_1_250505.xls,2025-05-W5,2025-05-26,2025-05-30,CURRENT,2025-05-26,2025-05-30,委託内訳,法人内訳,投資信託,SELL,785904606,3.0,-264107351
2025-05-05,stock_val_1_250505.xls,2025-05-W5,2025-05-26,2025-05-30,CURRENT,2025-05-26,2025-05-30,委託内訳,法人内訳,投資信託,BUY,521797255,2.0,
2025-05-05,stock_val_1_250505.xls,2025-05-W5,2025-05-26,2025-05-30,PREVIOUS,05/19～05/23,05/19～05/23,委託内訳,法人内訳,事業法人,SELL,191851781,0.9,
2025-05-05,stock_val_1_250505.xls,2025-05-W5,2025-05-26,2025-05-30,PREVIOUS,05/19～05/23,05/19～05/23,委託内訳,法人内訳,事業法人,BUY,907475542,3.9,715623761
2025-05-05,stock_val_1_250505.xls,2025-05-W5,2025-05-26,2025-05-30,CURRENT,2025-05-26,2025-05-30,委託内訳,法人内訳,事業法人,SELL,241710443,0.9,
2025-05-05,stock_val_1_250505.xls,2025-05-W5,2025-05-26,2025-05-30,CURRENT,2025-05-26,2025-05-30,委託内訳,法人内訳,事業法人,BUY,488637843,1.9,246927400
2025-05-05,stock_val_1_250505.xls,2025-05-W5,2025-05-26,2025-05-30,PREVIOUS,05/19～05/23,05/19～05/23,委託内訳,法人内訳,その他法人等,SELL,38292162,0.2,
2025-05-05,stock_val_1_250505.xls,2025-05-W5,2025-05-26,2025-05-30,PREVIOUS,05/19～05/23,05/19～05/23,委託内訳,法人内訳,その他法人等,BUY,51467254,0.2,13175092
2025-05-05,stock_val_1_250505.xls,2025-05-W5,2025-05-26,2025-05-30,CURRENT,2025-05-26,2025-05-30,委託内訳,法人内訳,その他法人等,SELL,43317913,0.2,
2025-05-05,stock_val_1_250505.xls,2025-05-W5,2025-05-26,2025-05-30,CURRENT,2025-05-26,2025-05-30,委託内訳,法人内訳,その他法人等,BUY,57173310,0.2,13855397
2025-05-05,stock_val_1_250505.xls,2025-05-W5,2025-05-26,2025-05-30,PREVIOUS,05/19～05/23,05/19～05/23,委託内訳,法人内訳,金融機関,SELL,650879881,2.9,-136221920
2025-05-05,stock_val_1_250505.xls,2025-05-W5,2025-05-26,2025-05-30,PREVIOUS,05/19～05/23,05/19～05/23,委託内訳,法人内訳,金融機関,BUY,514657961,2.2,
2025-05-05,stock_val_1_250505.xls,2025-05-W5,2025-05-26,2025-05-30,CURRENT,2025-05-26,2025-05-30,委託内訳,法人内訳,金融機関,SELL,1141182858,4.4,-230441059
2025-05-05,stock_val_1_250505.xls,2025-05-W5,2025-05-26,2025-05-30,CURRENT,2025-05-26,2025-05-30,委託内訳,法人内訳,金融機関,BUY,910741799,3.5,
2025-05-05,stock_val_1_250505.xls,2025-05-W5,2025-05-26,2025-05-30,PREVIOUS,05/19～05/23,05/19～05/23,委託内訳,金融機関内訳,生保・損保,SELL,100290580,0.5,-79762481
2025-05-05,stock_val_1_250505.xls,2025-05-W5,2025-05-26,2025-05-30,PREVIOUS,05/19～05/23,05/19～05/23,委託内訳,金融機関内訳,生保・損保,BUY,20528099,0.1,
2025-05-05,stock_val_1_250505.xls,2025-05-W5,2025-05-26,2025-05-30,CURRENT,2025-05-26,2025-05-30,委託内訳,金融機関内訳,生保・損保,SELL,144955577,0.6,-91381369
2025-05-05,stock_val_1_250505.xls,2025-05-W5,2025-05-26,2025-05-30,CURRENT,2025-05-26,2025-05-30,委託内訳,金融機関内訳,生保・損保,BUY,53574208,0.2,
2025-05-05,stock_val_1_250505.xls,2025-05-W5,2025-05-26,2025-05-30,PREVIOUS,05/19～05/23,05/19～05/23,委託内訳,金融機関内訳,都銀・地銀等,SELL,32116011,0.1,-19086408
2025-05-05,stock_val_1_250505.xls,2025-05-W5,2025-05-26,2025-05-30,PREVIOUS,05/19～05/23,05/19～05/23,委託内訳,金融機関内訳,都銀・地銀等,BUY,13029603,0.1,
2025-05-05,stock_val_1_250505.xls,2025-05-W5,2025-05-26,2025-05-30,CURRENT,2025-05-26,2025-05-30,委託内訳,金融機関内訳,都銀・地銀等,SELL,39124106,0.2,-20870483
2025-05-05,stock_val_1_250505.xls,2025-05-W5,2025-05-26,2025-05-30,CURRENT,2025-05-26,2025-05-30,委託内訳,金融機関内訳,都銀・地銀等,BUY,18253623,0.1,
2025-05-05,stock_val_1_250505.xls,2025-05-W5,2025-05-26,2025-05-30,PREVIOUS,05/19～05/23,05/19～05/23,委託内訳,金融機関内訳,信託銀行,SELL,498397661,2.2,-35978914
2025-05-05,stock_val_1_250505.xls,2025-05-W5,2025-05-26,2025-05-30,PREVIOUS,05/19～05/23,05/19～05/23,委託内訳,金融機関内訳,信託銀行,BUY,462418747,2.0,
2025-05-05,stock_val_1_250505.xls,2025-05-W5,2025-05-26,2025-05-30,CURRENT,2025-05-26,2025-05-30,委託内訳,金融機関内訳,信託銀行,SELL,922078253,3.5,-98149711
2025-05-05,stock_val_1_250505.xls,2025-05-W5,2025-05-26,2025-05-30,CURRENT,2025-05-26,2025-05-30,委託内訳,金融機関内訳,信託銀行,BUY,823928542,3.2,
2025-05-05,stock_val_1_250505.xls,2025-05-W5,2025-05-26,2025-05-30,PREVIOUS,05/19～05/23,05/19～05/23,委託内訳,金融機関内訳,その他金融機関,SELL,20075629,0.1,-1394117
2025-05-05,stock_val_1_250505.xls,2025-05-W5,2025-05-26,2025-05-30,PREVIOUS,05/19～05/23,05/19～05/23,委託内訳,金融機関内訳,その他金融機関,BUY,18681512,0.1,
2025-05-05,stock_val_1_250505.xls,2025-05-W5,2025-05-26,2025-05-30,CURRENT,2025-05-26,2025-05-30,委託内訳,金融機関内訳,その他金融機関,SELL,35024922,0.1,-20039496
2025-05-05,stock_val_1_250505.xls,2025-05-W5,2025-05-26,2025-05-30,CURRENT,2025-05-26,2025-05-30,委託内訳,金融機関内訳,その他金融機関,BUY,14985426,0.1,
2025-06-01,stock_val_1_250601.xls,2025-06-W1,2025-06-02,2025-06-06,PREVIOUS,05/26～05/30,05/26～05/30,委託内訳,,法人,SELL,2212115820,8.5,-233765613
2025-06-01,stock_val_1_250601.xls,2025-06-W1,2025-06-02,2025-06-06,PREVIOUS,05/26～05/30,05/26～05/30,委託内訳,,法人,BUY,1978350207,7.6,
2025-06-01,stock_val_1_250601.xls,2025-06-W1,2025-06-02,2025-06-06,CURRENT,2025-06-02,2025-06-06,委託内訳,,法人,SELL,1805179013,8.1,-185712238
2025-06-01,stock_val_1_250601.xls,2025-06-W1,2025-06-02,2025-06-06,CURRENT,2025-06-02,2025-06-06,委託内訳,,法人,BUY,1619466775,7.1,
2025-06-01,stock_val_1_250601.xls,2025-06-W1,2025-06-02,2025-06-06,PREVIOUS,05/26～05/30,05/26～05/30,委託内訳,,個人,SELL,7067177947,27.2,-356780428
2025-06-01,stock_val_1_250601.xls,2025-06-W1,2025-06-02,2025-06-06,PREVIOUS,05/26～05/30,05/26～05/30,委託内訳,,個人,BUY,6710397519,25.8,
2025-06-01,stock_val_1_250601.xls,2025-06-W1,2025-06-02,2025-06-06,CURRENT,2025-06-02,2025-06-06,委託内訳,,個人,SELL,6453496773,28.8,
2025-06-01,stock_val_1_250601.xls,2025-06-W1,2025-06-02,2025-06-06,CURRENT,2025-06-02,2025-06-06,委託内訳,,個人,BUY,6615345906,29.1,161849133
2025-06-01,stock_val_1_250601.xls,2025-06-W1,2025-06-02,2025-06-06,PREVIOUS,05/26～05/30,05/26～05/30,委託内訳,,海外投資家,SELL,16608487726,63.8,
2025-06-01,stock_val_1_250601.xls,2025-06-W1,2025-06-02,2025-06-06,PREVIOUS,05/26～05/30,05/26～05/30,委託内訳,,海外投資家,BUY,17225060543,66.2,616572817
2025-06-01,stock_val_1_250601.xls,2025-06-W1,2025-06-02,2025-06-06,CURRENT,2025-06-02,2025-06-06,委託内訳,,海外投資家,SELL,14005999056,62.6,
2025-06-01,stock_val_1_250601.xls,2025-06-W1,2025-06-02,2025-06-06,CURRENT,2025-06-02,2025-06-06,委託内訳,,海外投資家,BUY,14404590832,63.3,398591776
2025-06-01,stock_val_1_250601.xls,2025-06-W1,2025-06-02,2025-06-06,PREVIOUS,05/26～05/30,05/26～05/30,委託内訳,,証券会社,SELL,134033617,0.5,-12269335
2025-06-01,stock_val_1_250601.xls,2025-06-W1,2025-06-02,2025-06-06,PREVIOUS,05/26～05/30,05/26～05/30,委託内訳,,証券会社,BUY,121764282,0.5,
2025-06-01,stock_val_1_250601.xls,2025-06-W1,2025-06-02,2025-06-06,CURRENT,2025-06-02,2025-06-06,委託内訳,,証券会社,SELL,108181981,0.5,
2025-06-01,stock_val_1_250601.xls,2025-06-W1,2025-06-02,2025-06-06,CURRENT,2025-06-02,2025-06-06,委託内訳,,証券会社,BUY,114169172,0.5,5987191
2025-06-01,stock_val_1_250601.xls,2025-06-W1,2025-06-02,2025-06-06,PREVIOUS,05/26～05/30,05/26～05/30,委託内訳,法人内訳,投資信託,SELL,785904606,3.0,-264107351
2025-06-01,stock_val_1_250601.xls,2025-06-W1,2025-06-02,2025-06-06,PREVIOUS,05/26～05/30,05/26～05/30,委託内訳,法人内訳,投資信託,BUY,521797255,2.0,
2025-06-01,stock_val_1_250601.xls,2025-06-W1,2025-06-02,2025-06-06,CURRENT,2025-06-02,2025-06-06,委託内訳,法人内訳,投資信託,SELL,480620488,2.1,-21117347
2025-06-01,stock_val_1_250601.xls,2025-06-W1,2025-06-02,2025-06-06,CURRENT,2025-06-02,2025-06-06,委託内訳,法人内訳,投資信託,BUY,459503141,2.0,
2025-06-01,stock_val_1_250601.xls,2025-06-W1,2025-06-02,2025-06-06,PREVIOUS,05/26～05/30,05/26～05/30,委託内訳,法人内訳,事業法人,SELL,241710443,0.9,
2025-06-01,stock_val_1_250601.xls,2025-06-W1,2025-06-02,2025-06-06,PREVIOUS,05/26～05/30,05/26～05/30,委託内訳,法人内訳,事業法人,BUY,488637843,1.9,246927400
2025-06-01,stock_val_1_250601.xls,2025-06-W1,2025-06-02,2025-06-06,CURRENT,2025-06-02,2025-06-06,委託内訳,法人内訳,事業法人,SELL,195328604,0.9,
2025-06-01,stock_val_1_250601.xls,2025-06-W1,2025-06-02,2025-06-06,CURRENT,2025-06-02,2025-06-06,委託内訳,法人内訳,事業法人,BUY,539973075,2.4,344644471
2025-06-01,stock_val_1_250601.xls,2025-06-W1,2025-06-02,2025-06-06,PREVIOUS,05/26～05/30,05/26～05/30,委託内訳,法人内訳,その他法人等,SELL,43317913,0.2,
2025-06-01,stock_val_1_250601.xls,2025-06-W1,2025-06-02,2025-06-06,PREVIOUS,05/26～05/30,05/26～05/30,委託内訳,法人内訳,その他法人等,BUY,57173310,0.2,13855397
2025-06-01,stock_val_1_250601.xls,2025-06-W1,2025-06-02,2025-06-06,CURRENT,2025-06-02,2025-06-06,委託内訳,法人内訳,その他法人等,SELL,37079600,0.2,
2025-06-01,stock_val_1_250601.xls,2025-06-W1,2025-06-02,2025-06-06,CURRENT,2025-06-02,2025-06-06,委託内訳,法人内訳,その他法人等,BUY,61451166,0.3,24371566
2025-06-01,stock_val_1_250601.xls,2025-06-W1,2025-06-02,2025-06-06,PREVIOUS,05/26～05/30,05/26～05/30,委託内訳,法人内訳,金融機関,SELL,1141182858,4.4,-230441059
2025-06-01,stock_val_1_250601.xls,2025-06-W1,2025-06-02,2025-06-06,PREVIOUS,05/26～05/30,05/26～05/30,委託内訳,法人内訳,金融機関,BUY,910741799,3.5,
2025-06-01,stock_val_1_250601.xls,2025-06-W1,2025-06-02,2025-06-06,CURRENT,2025-06-02,2025-06-06,委託内訳,法人内訳,金融機関,SELL,1092150321,4.9,-533610928
2025-06-01,stock_val_1_250601.xls,2025-06-W1,2025-06-02,2025-06-06,CURRENT,2025-06-02,2025-06-06,委託内訳,法人内訳,金融機関,BUY,558539393,2.5,
2025-06-01,stock_val_1_250601.xls,2025-06-W1,2025-06-02,2025-06-06,PREVIOUS,05/26～05/30,05/26～05/30,委託内訳,金融機関内訳,生保・損保,SELL,144955577,0.6,-91381369
2025-06-01,stock_val_1_250601.xls,2025-06-W1,2025-06-02,2025-06-06,PREVIOUS,05/26～05/30,05/26～05/30,委託内訳,金融機関内訳,生保・損保,BUY,53574208,0.2,
2025-06-01,stock_val_1_250601.xls,2025-06-W1,2025-06-02,2025-06-06,CURRENT,2025-06-02,2025-06-06,委託内訳,金融機関内訳,生保・損保,SELL,61297967,0.3,-33616378
2025-06-01,stock_val_1_250601.xls,2025-06-W1,2025-06-02,2025-06-06,CURRENT,2025-06-02,2025-06-06,委託内訳,金融機関内訳,生保・損保,BUY,27681589,0.1,
2025-06-01,stock_val_1_250601.xls,2025-06-W1,2025-06-02,2025-06-06,PREVIOUS,05/26～05/30,05/26～05/30,委託内訳,金融機関内訳,都銀・地銀等,SELL,39124106,0.2,-20870483
2025-06-01,stock_val_1_250601.xls,2025-06-W1,2025-06-02,2025-06-06,PREVIOUS,05/26～05/30,05/26～05/30,委託内訳,金融機関内訳,都銀・地銀等,BUY,18253623,0.1,
2025-06-01,stock_val_1_250601.xls,2025-06-W1,2025-06-02,2025-06-06,CURRENT,2025-06-02,2025-06-06,委託内訳,金融機関内訳,都銀・地銀等,SELL,53612272,0.2,-17899657
2025-06-01,stock_val_1_250601.xls,2025-06-W1,2025-06-02,2025-06-06,CURRENT,2025-06-02,2025-06-06,委託内訳,金融機関内訳,都銀・地銀等,BUY,35712615,0.2,
2025-06-01,stock_val_1_250601.xls,2025-06-W1,2025-06-02,2025-06-06,PREVIOUS,05/26～05/30,05/26～05/30,委託内訳,金融機関内訳,信託銀行,SELL,922078253,3.5,-98149711
2025-06-01,stock_val_1_250601.xls,2025-06-W1,2025-06-02,2025-06-06,PREVIOUS,05/26～05/30,05/26～05/30,委託内訳,金融機関内訳,信託銀行,BUY,823928542,3.2,
2025-06-01,stock_val_1_250601.xls,2025-06-W1,2025-06-02,2025-06-06,CURRENT,2025-06-02,2025-06-06,委託内訳,金融機関内訳,信託銀行,SELL,950959694,4.3,-473836456
2025-06-01,stock_val_1_250601.xls,2025-06-W1,2025-06-02,2025-06-06,CURRENT,2025-06-02,2025-06-06,委託内訳,金融機関内訳,信託銀行,BUY,477123238,2.1,
2025-06-01,stock_val_1_250601.xls,2025-06-W1,2025-06-02,2025-06-06,PREVIOUS,05/26～05/30,05/26～05/30,委託内訳,金融機関内訳,その他金融機関,SELL,35024922,0.1,-20039496
2025-06-01,stock_val_1_250601.xls,2025-06-W1,2025-06-02,2025-06-06,PREVIOUS,05/26～05/30,05/26～05/30,委託内訳,金融機関内訳,その他金融機関,BUY,14985426,0.1,
2025-06-01,stock_val_1_250601.xls,2025-06-W1,2025-06-02,2025-06-06,CURRENT,2025-06-02,2025-06-06,委託内訳,金融機関内訳,その他金融機関,SELL,26280388,0.1,-8258437
2025-06-01,stock_val_1_250601.xls,2025-06-W1,2025-06-02,2025-06-06,CURRENT,2025-06-02,2025-06-06,委託内訳,金融機関内訳,その他金融機関,BUY,18021951,0.1,
2025-06-02,stock_val_1_250602.xls,2025-06-W2,2025-06-09,2025-06-13,PREVIOUS,06/02～06/06,06/02～06/06,委託内訳,,法人,SELL,1805179013,8.1,-185712238
2025-06-02,stock_val_1_250602.xls,2025-06-W2,2025-06-09,2025-06-13,PREVIOUS,06/02～06/06,06/02～06/06,委託内訳,,法人,BUY,1619466775,7.1,
2025-06-02,stock_val_1_250602.xls,2025-06-W2,2025-06-09,2025-06-13,CURRENT,2025-06-09,2025-06-13,委託内訳,,法人,SELL,1138114104,5.0,
2025-06-02,stock_val_1_250602.xls,2025-06-W2,2025-06-09,2025-06-13,CURRENT,2025-06-09,2025-06-13,委託内訳,,法人,BUY,1351427734,5.9,213313630
2025-06-02,stock_val_1_250602.xls,2025-06-W2,2025-06-09,2025-06-13,PREVIOUS,06/02～06/06,06/02～06/06,委託内訳,,個人,SELL,6453496773,28.8,
2025-06-02,stock_val_1_250602.xls,2025-06-W2,2025-06-09,2025-06-13,PREVIOUS,06/02～06/06,06/02～06/06,委託内訳,,個人,BUY,6615345906,29.1,161849133
2025-06-02,stock_val_1_250602.xls,2025-06-W2,2025-06-09,2025-06-13,CURRENT,2025-06-09,2025-06-13,委託内訳,,個人,SELL,6924905870,30.4,-4009916
2025-06-02,stock_val_1_250602.xls,2025-06-W2,2025-06-09,2025-06-13,CURRENT,2025-06-09,2025-06-13,委託内訳,,個人,BUY,6920895954,30.0,
2025-06-02,stock_val_1_250602.xls,2025-06-W2,2025-06-09,2025-06-13,PREVIOUS,06/02～06/06,06/02～06/06,委託内訳,,海外投資家,SELL,14005999056,62.6,
2025-06-02,stock_val_1_250602.xls,2025-06-W2,2025-06-09,2025-06-13,PREVIOUS,06/02～06/06,06/02～06/06,委託内訳,,海外投資家,BUY,14404590832,63.3,398591776
2025-06-02,stock_val_1_250602.xls,2025-06-W2,2025-06-09,2025-06-13,CURRENT,2025-06-09,2025-06-13,委託内訳,,海外投資家,SELL,14596837959,64.1,
2025-06-02,stock_val_1_250602.xls,2025-06-W2,2025-06-09,2025-06-13,CURRENT,2025-06-09,2025-06-13,委託内訳,,海外投資家,BUY,14696542913,63.7,99704954
2025-06-02,stock_val_1_250602.xls,2025-06-W2,2025-06-09,2025-06-13,PREVIOUS,06/02～06/06,06/02～06/06,委託内訳,,証券会社,SELL,108181981,0.5,
2025-06-02,stock_val_1_250602.xls,2025-06-W2,2025-06-09,2025-06-13,PREVIOUS,06/02～06/06,06/02～06/06,委託内訳,,証券会社,BUY,114169172,0.5,5987191
2025-06-02,stock_val_1_250602.xls,2025-06-W2,2025-06-09,2025-06-13,CURRENT,2025-06-09,2025-06-13,委託内訳,,証券会社,SELL,103944865,0.5,-9388006
2025-06-02,stock_val_1_250602.xls,2025-06-W2,2025-06-09,2025-06-13,CURRENT,2025-06-09,2025-06-13,委託内訳,,証券会社,BUY,94556859,0.4,
2025-06-02,stock_val_1_250602.xls,2025-06-W2,2025-06-09,2025-06-13,PREVIOUS,06/02～06/06,06/02～06/06,委託内訳,法人内訳,投資信託,SELL,480620488,2.1,-21117347
2025-06-02,stock_val_1_250602.xls,2025-06-W2,2025-06-09,2025-06-13,PREVIOUS,06/02～06/06,06/02～06/06,委託内訳,法人内訳,投資信託,BUY,459503141,2.0,
2025-06-02,stock_val_1_250602.xls,2025-06-W2,2025-06-09,2025-06-13,CURRENT,2025-06-09,2025-06-13,委託内訳,法人内訳,投資信託,SELL,342471810,1.5,-2647681
2025-06-02,stock_val_1_250602.xls,2025-06-W2,2025-06-09,2025-06-13,CURRENT,2025-06-09,2025-06-13,委託内訳,法人内訳,投資信託,BUY,339824129,1.5,
2025-06-02,stock_val_1_250602.xls,2025-06-W2,2025-06-09,2025-06-13,PREVIOUS,06/02～06/06,06/02～06/06,委託内訳,法人内訳,事業法人,SELL,195328604,0.9,
2025-06-02,stock_val_1_250602.xls,2025-06-W2,2025-06-09,2025-06-13,PREVIOUS,06/02～06/06,06/02～06/06,委託内訳,法人内訳,事業法人,BUY,539973075,2.4,344644471
2025-06-02,stock_val_1_250602.xls,2025-06-W2,2025-06-09,2025-06-13,CURRENT,2025-06-09,2025-06-13,委託内訳,法人内訳,事業法人,SELL,212087540,0.9,
2025-06-02,stock_val_1_250602.xls,2025-06-W2,2025-06-09,2025-06-13,CURRENT,2025-06-09,2025-06-13,委託内訳,法人内訳,事業法人,BUY,535077490,2.3,322989950
2025-06-02,stock_val_1_250602.xls,2025-06-W2,2025-06-09,2025-06-13,PREVIOUS,06/02～06/06,06/02～06/06,委託内訳,法人内訳,その他法人等,SELL,37079600,0.2,
2025-06-02,stock_val_1_250602.xls,2025-06-W2,2025-06-09,2025-06-13,PREVIOUS,06/02～06/06,06/02～06/06,委託内訳,法人内訳,その他法人等,BUY,61451166,0.3,24371566
2025-06-02,stock_val_1_250602.xls,2025-06-W2,2025-06-09,2025-06-13,CURRENT,2025-06-09,2025-06-13,委託内訳,法人内訳,その他法人等,SELL,36370211,0.2,
2025-06-02,stock_val_1_250602.xls,2025-06-W2,2025-06-09,2025-06-13,CURRENT,2025-06-09,2025-06-13,委託内訳,法人内訳,その他法人等,BUY,65453669,0.3,29083458
2025-06-02,stock_val_1_250602.xls,2025-06-W2,2025-06-09,2025-06-13,PREVIOUS,06/02～06/06,06/02～06/06,委託内訳,法人内訳,金融機関,SELL,1092150321,4.9,-533610928
2025-06-02,stock_val_1_250602.xls,2025-06-W2,2025-06-09,2025-06-13,PREVIOUS,06/02～06/06,06/02～06/06,委託内訳,法人内訳,金融機関,BUY,558539393,2.5,
2025-06-02,stock_val_1_250602.xls,2025-06-W2,2025-06-09,2025-06-13,CURRENT,2025-06-09,2025-06-13,委託内訳,法人内訳,金融機関,SELL,547184543,2.4,-136112097
2025-06-02,stock_val_1_250602.xls,2025-06-W2,2025-06-09,2025-06-13,CURRENT,2025-06-09,2025-06-13,委託内訳,法人内訳,金融機関,BUY,411072446,1.8,
2025-06-02,stock_val_1_250602.xls,2025-06-W2,2025-06-09,2025-06-13,PREVIOUS,06/02～06/06,06/02～06/06,委託内訳,金融機関内訳,生保・損保,SELL,61297967,0.3,-33616378
2025-06-02,stock_val_1_250602.xls,2025-06-W2,2025-06-09,2025-06-13,PREVIOUS,06/02～06/06,06/02～06/06,委託内訳,金融機関内訳,生保・損保,BUY,27681589,0.1,
2025-06-02,stock_val_1_250602.xls,2025-06-W2,2025-06-09,2025-06-13,CURRENT,2025-06-09,2025-06-13,委託内訳,金融機関内訳,生保・損保,SELL,100548954,0.4,-83286087
2025-06-02,stock_val_1_250602.xls,2025-06-W2,2025-06-09,2025-06-13,CURRENT,2025-06-09,2025-06-13,委託内訳,金融機関内訳,生保・損保,BUY,17262867,0.1,
2025-06-02,stock_val_1_250602.xls,2025-06-W2,2025-06-09,2025-06-13,PREVIOUS,06/02～06/06,06/02～06/06,委託内訳,金融機関内訳,都銀・地銀等,SELL,53612272,0.2,-17899657
2025-06-02,stock_val_1_250602.xls,2025-06-W2,2025-06-09,2025-06-13,PREVIOUS,06/02～06/06,06/02～06/06,委託内訳,金融機関内訳,都銀・地銀等,BUY,35712615,0.2,
2025-06-02,stock_val_1_250602.xls,2025-06-W2,2025-06-09,2025-06-13,CURRENT,2025-06-09,2025-06-13,委託内訳,金融機関内訳,都銀・地銀等,SELL,46572745,0.2,-23523789
2025-06-02,stock_val_1_250602.xls,2025-06-W2,2025-06-09,2025-06-13,CURRENT,2025-06-09,2025-06-13,委託内訳,金融機関内訳,都銀・地銀等,BUY,23048956,0.1,
2025-06-02,stock_val_1_250602.xls,2025-06-W2,2025-06-09,2025-06-13,PREVIOUS,06/02～06/06,06/02～06/06,委託内訳,金融機関内訳,信託銀行,SELL,950959694,4.3,-473836456
2025-06-02,stock_val_1_250602.xls,2025-06-W2,2025-06-09,2025-06-13,PREVIOUS,06/02～06/06,06/02～06/06,委託内訳,金融機関内訳,信託銀行,BUY,477123238,2.1,
2025-06-02,stock_val_1_250602.xls,2025-06-W2,2025-06-09,2025-06-13,CURRENT,2025-06-09,2025-06-13,委託内訳,金融機関内訳,信託銀行,SELL,382546075,1.7,-25169482
2025-06-02,stock_val_1_250602.xls,2025-06-W2,2025-06-09,2025-06-13,CURRENT,2025-06-09,2025-06-13,委託内訳,金融機関内訳,信託銀行,BUY,357376593,1.5,
2025-06-02,stock_val_1_250602.xls,2025-06-W2,2025-06-09,2025-06-13,PREVIOUS,06/02～06/06,06/02～06/06,委託内訳,金融機関内訳,その他金融機関,SELL,26280388,0.1,-8258437
2025-06-02,stock_val_1_250602.xls,2025-06-W2,2025-06-09,2025-06-13,PREVIOUS,06/02～06/06,06/02～06/06,委託内訳,金融機関内訳,その他金融機関,BUY,18021951,0.1,
2025-06-02,stock_val_1_250602.xls,2025-06-W2,2025-06-09,2025-06-13,CURRENT,2025-06-09,2025-06-13,委託内訳,金融機関内訳,その他金融機関,SELL,17516769,0.1,-4132739
2025-06-02,stock_val_1_250602.xls,2025-06-W2,2025-06-09,2025-06-13,CURRENT,2025-06-09,2025-06-13,委託内訳,金融機関内訳,その他金融機関,BUY,13384030,0.1,
2025-06-03,stock_val_1_250603.xls,2025-06-W3,2025-06-16,2025-06-20,PREVIOUS,06/09～06/13,06/09～06/13,委託内訳,,法人,SELL,1138114104,5.0,
2025-06-03,stock_val_1_250603.xls,2025-06-W3,2025-06-16,2025-06-20,PREVIOUS,06/09～06/13,06/09～06/13,委託内訳,,法人,BUY,1351427734,5.9,213313630
2025-06-03,stock_val_1_250603.xls,2025-06-W3,2025-06-16,2025-06-20,CURRENT,2025-06-16,2025-06-20,委託内訳,,法人,SELL,1734430261,6.7,
2025-06-03,stock_val_1_250603.xls,2025-06-W3,2025-06-16,2025-06-20,CURRENT,2025-06-16,2025-06-20,委託内訳,,法人,BUY,1924556955,7.4,190126694
2025-06-03,stock_val_1_250603.xls,2025-06-W3,2025-06-16,2025-06-20,PREVIOUS,06/09～06/13,06/09～06/13,委託内訳,,個人,SELL,6924905870,30.4,-4009916
2025-06-03,stock_val_1_250603.xls,2025-06-W3,2025-06-16,2025-06-20,PREVIOUS,06/09～06/13,06/09～06/13,委託内訳,,個人,BUY,6920895954,30.0,
2025-06-03,stock_val_1_250603.xls,2025-06-W3,2025-06-16,2025-06-20,CURRENT,2025-06-16,2025-06-20,委託内訳,,個人,SELL,7548587000,29.1,-232631240
2025-06-03,stock_val_1_250603.xls,2025-06-W3,2025-06-16,2025-06-20,CURRENT,2025-06-16,2025-06-20,委託内訳,,個人,BUY,7315955760,28.2,
2025-06-03,stock_val_1_250603.xls,2025-06-W3,2025-06-16,2025-06-20,PREVIOUS,06/09～06/13,06/09～06/13,委託内訳,,海外投資家,SELL,14596837959,64.1,
2025-06-03,stock_val_1_250603.xls,2025-06-W3,2025-06-16,2025-06-20,PREVIOUS,06/09～06/13,06/09～06/13,委託内訳,,海外投資家,BUY,14696542913,63.7,99704954
2025-06-03,stock_val_1_250603.xls,2025-06-W3,2025-06-16,2025-06-20,CURRENT,2025-06-16,2025-06-20,委託内訳,,海外投資家,SELL,16534203326,63.8,
2025-06-03,stock_val_1_250603.xls,2025-06-W3,2025-06-16,2025-06-20,CURRENT,2025-06-16,2025-06-20,委託内訳,,海外投資家,BUY,16622663225,64.0,88459899
2025-06-03,stock_val_1_250603.xls,2025-06-W3,2025-06-16,2025-06-20,PREVIOUS,06/09～06/13,06/09～06/13,委託内訳,,証券会社,SELL,103944865,0.5,-9388006
2025-06-03,stock_val_1_250603.xls,2025-06-W3,2025-06-16,2025-06-20,PREVIOUS,06/09～06/13,06/09～06/13,委託内訳,,証券会社,BUY,94556859,0.4,
2025-06-03,stock_val_1_250603.xls,2025-06-W3,2025-06-16,2025-06-20,CURRENT,2025-06-16,2025-06-20,委託内訳,,証券会社,SELL,118408532,0.5,-12621726
2025-06-03,stock_val_1_250603.xls,2025-06-W3,2025-06-16,2025-06-20,CURRENT,2025-06-16,2025-06-20,委託内訳,,証券会社,BUY,105786806,0.4,
2025-06-03,stock_val_1_250603.xls,2025-06-W3,2025-06-16,2025-06-20,PREVIOUS,06/09～06/13,06/09～06/13,委託内訳,法人内訳,投資信託,SELL,342471810,1.5,-2647681
2025-06-03,stock_val_1_250603.xls,2025-06-W3,2025-06-16,2025-06-20,PREVIOUS,06/09～06/13,06/09～06/13,委託内訳,法人内訳,投資信託,BUY,339824129,1.5,
2025-06-03,stock_val_1_250603.xls,2025-06-W3,2025-06-16,2025-06-20,CURRENT,2025-06-16,2025-06-20,委託内訳,法人内訳,投資信託,SELL,589252552,2.3,
2025-06-03,stock_val_1_250603.xls,2025-06-W3,2025-06-16,2025-06-20,CURRENT,2025-06-16,2025-06-20,委託内訳,法人内訳,投資信託,BUY,650649053,2.5,61396501
2025-06-03,stock_val_1_250603.xls,2025-06-W3,2025-06-16,2025-06-20,PREVIOUS,06/09～06/13,06/09～06/13,委託内訳,法人内訳,事業法人,SELL,212087540,0.9,
2025-06-03,stock_val_1_250603.xls,2025-06-W3,2025-06-16,2025-06-20,PREVIOUS,06/09～06/13,06/09～06/13,委託内訳,法人内訳,事業法人,BUY,535077490,2.3,322989950
2025-06-03,stock_val_1_250603.xls,2025-06-W3,2025-06-16,2025-06-20,CURRENT,2025-06-16,2025-06-20,委託内訳,法人内訳,事業法人,SELL,272483468,1.1,
2025-06-03,stock_val_1_250603.xls,2025-06-W3,2025-06-16,2025-06-20,CURRENT,2025-06-16,2025-06-20,委託内訳,法人内訳,事業法人,BUY,570034948,2.2,297551480
2025-06-03,stock_val_1_250603.xls,2025-06-W3,2025-06-16,2025-06-20,PREVIOUS,06/09～06/13,06/09～06/13,委託内訳,法人内訳,その他法人等,SELL,36370211,0.2,
2025-06-03,stock_val_1_250603.xls,2025-06-W3,2025-06-16,2025-06-20,PREVIOUS,06/09～06/13,06/09～06/13,委託内訳,法人内訳,その他法人等,BUY,65453669,0.3,29083458
2025-06-03,stock_val_1_250603.xls,2025-06-W3,2025-06-16,2025-06-20,CURRENT,2025-06-16,2025-06-20,委託内訳,法人内訳,その他法人等,SELL,49098248,0.2,
2025-06-03,stock_val_1_250603.xls,2025-06-W3,2025-06-16,2025-06-20,CURRENT,2025-06-16,2025-06-20,委託内訳,法人内訳,その他法人等,BUY,60262775,0.2,11164527
2025-06-03,stock_val_1_250603.xls,2025-06-W3,2025-06-16,2025-06-20,PREVIOUS,06/09～06/13,06/09～06/13,委託内訳,法人内訳,金融機関,SELL,547184543,2.4,-136112097
2025-06-03,stock_val_1_250603.xls,2025-06-W3,2025-06-16,2025-06-20,PREVIOUS,06/09～06/13,06/09～06/13,委託内訳,法人内訳,金融機関,BUY,411072446,1.8,
2025-06-03,stock_val_1_250603.xls,2025-06-W3,2025-06-16,2025-06-20,CURRENT,2025-06-16,2025-06-20,委託内訳,法人内訳,金融機関,SELL,823595993,3.2,-179985814
2025-06-03,stock_val_1_250603.xls,2025-06-W3,2025-06-16,2025-06-20,CURRENT,2025-06-16,2025-06-20,委託内訳,法人内訳,金融機関,BUY,643610179,2.5,
2025-06-03,stock_val_1_250603.xls,2025-06-W3,2025-06-16,2025-06-20,PREVIOUS,06/09～06/13,06/09～06/13,委託内訳,金融機関内訳,生保・損保,SELL,100548954,0.4,-83286087
2025-06-03,stock_val_1_250603.xls,2025-06-W3,2025-06-16,2025-06-20,PREVIOUS,06/09～06/13,06/09～06/13,委託内訳,金融機関内訳,生保・損保,BUY,17262867,0.1,
2025-06-03,stock_val_1_250603.xls,2025-06-W3,2025-06-16,2025-06-20,CURRENT,2025-06-16,2025-06-20,委託内訳,金融機関内訳,生保・損保,SELL,58436084,0.2,-49401191
2025-06-03,stock_val_1_250603.xls,2025-06-W3,2025-06-16,2025-06-20,CURRENT,2025-06-16,2025-06-20,委託内訳,金融機関内訳,生保・損保,BUY,9034893,0.0,
2025-06-03,stock_val_1_250603.xls,2025-06-W3,2025-06-16,2025-06-20,PREVIOUS,06/09～06/13,06/09～06/13,委託内訳,金融機関内訳,都銀・地銀等,SELL,46572745,0.2,-23523789
2025-06-03,stock_val_1_250603.xls,2025-06-W3,2025-06-16,2025-06-20,PREVIOUS,06/09～06/13,06/09～06/13,委託内訳,金融機関内訳,都銀・地銀等,BUY,23048956,0.1,
2025-06-03,stock_val_1_250603.xls,2025-06-W3,2025-06-16,2025-06-20,CURRENT,2025-06-16,2025-06-20,委託内訳,金融機関内訳,都銀・地銀等,SELL,41046273,0.2,-30950871
2025-06-03,stock_val_1_250603.xls,2025-06-W3,2025-06-16,2025-06-20,CURRENT,2025-06-16,2025-06-20,委託内訳,金融機関内訳,都銀・地銀等,BUY,10095402,0.0,
2025-06-03,stock_val_1_250603.xls,2025-06-W3,2025-06-16,2025-06-20,PREVIOUS,06/09～06/13,06/09～06/13,委託内訳,金融機関内訳,信託銀行,SELL,382546075,1.7,-25169482
2025-06-03,stock_val_1_250603.xls,2025-06-W3,2025-06-16,2025-06-20,PREVIOUS,06/09～06/13,06/09～06/13,委託内訳,金融機関内訳,信託銀行,BUY,357376593,1.5,
2025-06-03,stock_val_1_250603.xls,2025-06-W3,2025-06-16,2025-06-20,CURRENT,2025-06-16,2025-06-20,委託内訳,金融機関内訳,信託銀行,SELL,706852949,2.7,-107371713
2025-06-03,stock_val_1_250603.xls,2025-06-W3,2025-06-16,2025-06-20,CURRENT,2025-06-16,2025-06-20,委託内訳,金融機関内訳,信託銀行,BUY,599481236,2.3,
2025-06-03,stock_val_1_250603.xls,2025-06-W3,2025-06-16,2025-06-20,PREVIOUS,06/09～06/13,06/09～06/13,委託内訳,金融機関内訳,その他金融機関,SELL,17516769,0.1,-4132739
2025-06-03,stock_val_1_250603.xls,2025-06-W3,2025-06-16,2025-06-20,PREVIOUS,06/09～06/13,06/09～06/13,委託内訳,金融機関内訳,その他金融機関,BUY,13384030,0.1,
2025-06-03,stock_val_1_250603.xls,2025-06-W3,2025-06-16,2025-06-20,CURRENT,2025-06-16,2025-06-20,委託内訳,金融機関内訳,その他金融機関,SELL,17260687,0.1,
2025-06-03,stock_val_1_250603.xls,2025-06-W3,2025-06-16,2025-06-20,CURRENT,2025-06-16,2025-06-20,委託内訳,金融機関内訳,その他金融機関,BUY,24998648,0.1,7737961
2025-06-04,stock_val_1_250604.xls,2025-06-W4,2025-06-23,2025-06-27,PREVIOUS,06/16～06/20,06/16～06/20,委託内訳,,法人,SELL,1734430261,6.7,
2025-06-04,stock_val_1_250604.xls,2025-06-W4,2025-06-23,2025-06-27,PREVIOUS,06/16～06/20,06/16～06/20,委託内訳,,法人,BUY,1924556955,7.4,190126694
2025-06-04,stock_val_1_250604.xls,2025-06-W4,2025-06-23,2025-06-27,CURRENT,2025-06-23,2025-06-27,委託内訳,,法人,SELL,1482867810,5.8,
2025-06-04,stock_val_1_250604.xls,2025-06-W4,2025-06-23,2025-06-27,CURRENT,2025-06-23,2025-06-27,委託内訳,,法人,BUY,1611957483,6.3,129089673
2025-06-04,stock_val_1_250604.xls,2025-06-W4,2025-06-23,2025-06-27,PREVIOUS,06/16～06/20,06/16～06/20,委託内訳,,個人,SELL,7548587000,29.1,-232631240
2025-06-04,stock_val_1_250604.xls,2025-06-W4,2025-06-23,2025-06-27,PREVIOUS,06/16～06/20,06/16～06/20,委託内訳,,個人,BUY,7315955760,28.2,
2025-06-04,stock_val_1_250604.xls,2025-06-W4,2025-06-23,2025-06-27,CURRENT,2025-06-23,2025-06-27,委託内訳,,個人,SELL,8316339081,32.3,-591709901
2025-06-04,stock_val_1_250604.xls,2025-06-W4,2025-06-23,2025-06-27,CURRENT,2025-06-23,2025-06-27,委託内訳,,個人,BUY,7724629180,30.1,
2025-06-04,stock_val_1_250604.xls,2025-06-W4,2025-06-23,2025-06-27,PREVIOUS,06/16～06/20,06/16～06/20,委託内訳,,海外投資家,SELL,16534203326,63.8,
2025-06-04,stock_val_1_250604.xls,2025-06-W4,2025-06-23,2025-06-27,PREVIOUS,06/16～06/20,06/16～06/20,委託内訳,,海外投資家,BUY,16622663225,64.0,88459899
2025-06-04,stock_val_1_250604.xls,2025-06-W4,2025-06-23,2025-06-27,CURRENT,2025-06-23,2025-06-27,委託内訳,,海外投資家,SELL,15850198182,61.5,
2025-06-04,stock_val_1_250604.xls,2025-06-W4,2025-06-23,2025-06-27,CURRENT,2025-06-23,2025-06-27,委託内訳,,海外投資家,BUY,16190020386,63.1,339822204
2025-06-04,stock_val_1_250604.xls,2025-06-W4,2025-06-23,2025-06-27,PREVIOUS,06/16～06/20,06/16～06/20,委託内訳,,証券会社,SELL,118408532,0.5,-12621726
2025-06-04,stock_val_1_250604.xls,2025-06-W4,2025-06-23,2025-06-27,PREVIOUS,06/16～06/20,06/16～06/20,委託内訳,,証券会社,BUY,105786806,0.4,
2025-06-04,stock_val_1_250604.xls,2025-06-W4,2025-06-23,2025-06-27,CURRENT,2025-06-23,2025-06-27,委託内訳,,証券会社,SELL,134422461,0.5,-17358043
2025-06-04,stock_val_1_250604.xls,2025-06-W4,2025-06-23,2025-06-27,CURRENT,2025-06-23,2025-06-27,委託内訳,,証券会社,BUY,117064418,0.5,
2025-06-04,stock_val_1_250604.xls,2025-06-W4,2025-06-23,2025-06-27,PREVIOUS,06/16～06/20,06/16～06/20,委託内訳,法人内訳,投資信託,SELL,589252552,2.3,
2025-06-04,stock_val_1_250604.xls,2025-06-W4,2025-06-23,2025-06-27,PREVIOUS,06/16～06/20,06/16～06/20,委託内訳,法人内訳,投資信託,BUY,650649053,2.5,61396501
2025-06-04,stock_val_1_250604.xls,2025-06-W4,2025-06-23,2025-06-27,CURRENT,2025-06-23,2025-06-27,委託内訳,法人内訳,投資信託,SELL,476979626,1.8,
2025-06-04,stock_val_1_250604.xls,2025-06-W4,2025-06-23,2025-06-27,CURRENT,2025-06-23,2025-06-27,委託内訳,法人内訳,投資信託,BUY,597415342,2.3,120435716
2025-06-04,stock_val_1_250604.xls,2025-06-W4,2025-06-23,2025-06-27,PREVIOUS,06/16～06/20,06/16～06/20,委託内訳,法人内訳,事業法人,SELL,272483468,1.1,
2025-06-04,stock_val_1_250604.xls,2025-06-W4,2025-06-23,2025-06-27,PREVIOUS,06/16～06/20,06/16～06/20,委託内訳,法人内訳,事業法人,BUY,570034948,2.2,297551480
2025-06-04,stock_val_1_250604.xls,2025-06-W4,2025-06-23,2025-06-27,CURRENT,2025-06-23,2025-06-27,委託内訳,法人内訳,事業法人,SELL,266294811,1.0,
2025-06-04,stock_val_1_250604.xls,2025-06-W4,2025-06-23,2025-06-27,CURRENT,2025-06-23,2025-06-27,委託内訳,法人内訳,事業法人,BUY,308334220,1.2,42039409
2025-06-04,stock_val_1_250604.xls,2025-06-W4,2025-06-23,2025-06-27,PREVIOUS,06/16～06/20,06/16～06/20,委託内訳,法人内訳,その他法人等,SELL,49098248,0.2,
2025-06-04,stock_val_1_250604.xls,2025-06-W4,2025-06-23,2025-06-27,PREVIOUS,06/16～06/20,06/16～06/20,委託内訳,法人内訳,その他法人等,BUY,60262775,0.2,11164527
2025-06-04,stock_val_1_250604.xls,2025-06-W4,2025-06-23,2025-06-27,CURRENT,2025-06-23,2025-06-27,委託内訳,法人内訳,その他法人等,SELL,49800731,0.2,
2025-06-04,stock_val_1_250604.xls,2025-06-W4,2025-06-23,2025-06-27,CURRENT,2025-06-23,2025-06-27,委託内訳,法人内訳,その他法人等,BUY,106102769,0.4,56302038
2025-06-04,stock_val_1_250604.xls,2025-06-W4,2025-06-23,2025-06-27,PREVIOUS,06/16～06/20,06/16～06/20,委託内訳,法人内訳,金融機関,SELL,823595993,3.2,-179985814
2025-06-04,stock_val_1_250604.xls,2025-06-W4,2025-06-23,2025-06-27,PREVIOUS,06/16～06/20,06/16～06/20,委託内訳,法人内訳,金融機関,BUY,643610179,2.5,
2025-06-04,stock_val_1_250604.xls,2025-06-W4,2025-06-23,2025-06-27,CURRENT,2025-06-23,2025-06-27,委託内訳,法人内訳,金融機関,SELL,689792642,2.7,-89687490
2025-06-04,stock_val_1_250604.xls,2025-06-W4,2025-06-23,2025-06-27,CURRENT,2025-06-23,2025-06-27,委託内訳,法人内訳,金融機関,BUY,600105152,2.3,
2025-06-04,stock_val_1_250604.xls,2025-06-W4,2025-06-23,2025-06-27,PREVIOUS,06/16～06/20,06/16～06/20,委託内訳,金融機関内訳,生保・損保,SELL,58436084,0.2,-49401191
2025-06-04,stock_val_1_250604.xls,2025-06-W4,2025-06-23,2025-06-27,PREVIOUS,06/16～06/20,06/16～06/20,委託内訳,金融機関内訳,生保・損保,BUY,9034893,0.0,
2025-06-04,stock_val_1_250604.xls,2025-06-W4,2025-06-23,2025-06-27,CURRENT,2025-06-23,2025-06-27,委託内訳,金融機関内訳,生保・損保,SELL,28235212,0.1,-615
2025-06-04,stock_val_1_250604.xls,2025-06-W4,2025-06-23,2025-06-27,CURRENT,2025-06-23,2025-06-27,委託内訳,金融機関内訳,生保・損保,BUY,28234597,0.1,
2025-06-04,stock_val_1_250604.xls,2025-06-W4,2025-06-23,2025-06-27,PREVIOUS,06/16～06/20,06/16～06/20,委託内訳,金融機関内訳,都銀・地銀等,SELL,41046273,0.2,-30950871
2025-06-04,stock_val_1_250604.xls,2025-06-W4,2025-06-23,2025-06-27,PREVIOUS,06/16～06/20,06/16～06/20,委託内訳,金融機関内訳,都銀・地銀等,BUY,10095402,0.0,
2025-06-04,stock_val_1_250604.xls,2025-06-W4,2025-06-23,2025-06-27,CURRENT,2025-06-23,2025-06-27,委託内訳,金融機関内訳,都銀・地銀等,SELL,39445073,0.2,-11890784
2025-06-04,stock_val_1_250604.xls,2025-06-W4,2025-06-23,2025-06-27,CURRENT,2025-06-23,2025-06-27,委託内訳,金融機関内訳,都銀・地銀等,BUY,27554289,0.1,
2025-06-04,stock_val_1_250604.xls,2025-06-W4,2025-06-23,2025-06-27,PREVIOUS,06/16～06/20,06/16～06/20,委託内訳,金融機関内訳,信託銀行,SELL,706852949,2.7,-107371713
2025-06-04,stock_val_1_250604.xls,2025-06-W4,2025-06-23,2025-06-27,PREVIOUS,06/16～06/20,06/16～06/20,委託内訳,金融機関内訳,信託銀行,BUY,599481236,2.3,
2025-06-04,stock_val_1_250604.xls,2025-06-W4,2025-06-23,2025-06-27,CURRENT,2025-06-23,2025-06-27,委託内訳,金融機関内訳,信託銀行,SELL,565886962,2.2,-47324832
2025-06-04,stock_val_1_250604.xls,2025-06-W4,2025-06-23,2025-06-27,CURRENT,2025-06-23,2025-06-27,委託内訳,金融機関内訳,信託銀行,BUY,518562130,2.0,
2025-06-04,stock_val_1_250604.xls,2025-06-W4,2025-06-23,2025-06-27,PREVIOUS,06/16～06/20,06/16～06/20,委託内訳,金融機関内訳,その他金融機関,SELL,17260687,0.1,
2025-06-04,stock_val_1_250604.xls,2025-06-W4,2025-06-23,2025-06-27,PREVIOUS,06/16～06/20,06/16～06/20,委託内訳,金融機関内訳,その他金融機関,BUY,24998648,0.1,7737961
2025-06-04,stock_val_1_250604.xls,2025-06-W4,2025-06-23,2025-06-27,CURRENT,2025-06-23,2025-06-27,委託内訳,金融機関内訳,その他金融機関,SELL,56225395,0.2,-30471259
2025-06-04,stock_val_1_250604.xls,2025-06-W4,2025-06-23,2025-06-27,CURRENT,2025-06-23,2025-06-27,委託内訳,金融機関内訳,その他金融機関,BUY,25754136,0.1,
2025-07-01,stock_val_1_250701.xls,2025-07-W1,2025-06-30,2025-07-04,PREVIOUS,06/23～06/27,06/23～06/27,委託内訳,,法人,SELL,1482867810,5.8,
2025-07-01,stock_val_1_250701.xls,2025-07-W1,2025-06-30,2025-07-04,PREVIOUS,06/23～06/27,06/23～06/27,委託内訳,,法人,BUY,1611957483,6.3,129089673
2025-07-01,stock_val_1_250701.xls,2025-07-W1,2025-06-30,2025-07-04,CURRENT,2025-06-30,2025-07-04,委託内訳,,法人,SELL,1797238533,7.0,
2025-07-01,stock_val_1_250701.xls,2025-07-W1,2025-06-30,2025-07-04,CURRENT,2025-06-30,2025-07-04,委託内訳,,法人,BUY,1896138986,7.2,98900453
2025-07-01,stock_val_1_250701.xls,2025-07-W1,2025-06-30,2025-07-04,PREVIOUS,06/23～06/27,06/23～06/27,委託内訳,,個人,SELL,8316339081,32.3,-591709901
2025-07-01,stock_val_1_250701.xls,2025-07-W1,2025-06-30,2025-07-04,PREVIOUS,06/23～06/27,06/23～06/27,委託内訳,,個人,BUY,7724629180,30.1,
2025-07-01,stock_val_1_250701.xls,2025-07-W1,2025-06-30,2025-07-04,CURRENT,2025-06-30,2025-07-04,委託内訳,,個人,SELL,7893299599,30.7,-60326993
2025-07-01,stock_val_1_250701.xls,2025-07-W1,2025-06-30,2025-07-04,CURRENT,2025-06-30,2025-07-04,委託内訳,,個人,BUY,7832972606,29.8,
2025-07-01,stock_val_1_250701.xls,2025-07-W1,2025-06-30,2025-07-04,PREVIOUS,06/23～06/27,06/23～06/27,委託内訳,,海外投資家,SELL,15850198182,61.5,
2025-07-01,stock_val_1_250701.xls,2025-07-W1,2025-06-30,2025-07-04,PREVIOUS,06/23～06/27,06/23～06/27,委託内訳,,海外投資家,BUY,16190020386,63.1,339822204
2025-07-01,stock_val_1_250701.xls,2025-07-W1,2025-06-30,2025-07-04,CURRENT,2025-06-30,2025-07-04,委託内訳,,海外投資家,SELL,15895377483,61.9,
2025-07-01,stock_val_1_250701.xls,2025-07-W1,2025-06-30,2025-07-04,CURRENT,2025-06-30,2025-07-04,委託内訳,,海外投資家,BUY,16441014959,62.6,545637476
2025-07-01,stock_val_1_250701.xls,2025-07-W1,2025-06-30,2025-07-04,PREVIOUS,06/23～06/27,06/23～06/27,委託内訳,,証券会社,SELL,134422461,0.5,-17358043
2025-07-01,stock_val_1_250701.xls,2025-07-W1,2025-06-30,2025-07-04,PREVIOUS,06/23～06/27,06/23～06/27,委託内訳,,証券会社,BUY,117064418,0.5,
2025-07-01,stock_val_1_250701.xls,2025-07-W1,2025-06-30,2025-07-04,CURRENT,2025-06-30,2025-07-04,委託内訳,,証券会社,SELL,106056829,0.4,
2025-07-01,stock_val_1_250701.xls,2025-07-W1,2025-06-30,2025-07-04,CURRENT,2025-06-30,2025-07-04,委託内訳,,証券会社,BUY,110534752,0.4,4477923
2025-07-01,stock_val_1_250701.xls,2025-07-W1,2025-06-30,2025-07-04,PREVIOUS,06/23～06/27,06/23～06/27,委託内訳,法人内訳,投資信託,SELL,476979626,1.8,
2025-07-01,stock_val_1_250701.xls,2025-07-W1,2025-06-30,2025-07-04,PREVIOUS,06/23～06/27,06/23～06/27,委託内訳,法人内訳,投資信託,BUY,597415342,2.3,120435716
2025-07-01,stock_val_1_250701.xls,2025-07-W1,2025-06-30,2025-07-04,CURRENT,2025-06-30,2025-07-04,委託内訳,法人内訳,投資信託,SELL,698090761,2.7,-156189504
2025-07-01,stock_val_1_250701.xls,2025-07-W1,2025-06-30,2025-07-04,CURRENT,2025-06-30,2025-07-04,委託内訳,法人内訳,投資信託,BUY,541901257,2.1,
2025-07-01,stock_val_1_250701.xls,2025-07-W1,2025-06-30,2025-07-04,PREVIOUS,06/23～06/27,06/23～06/27,委託内訳,法人内訳,事業法人,SELL,266294811,1.0,
2025-07-01,stock_val_1_250701.xls,2025-07-W1,2025-06-30,2025-07-04,PREVIOUS,06/23～06/27,06/23～06/27,委託内訳,法人内訳,事業法人,BUY,308334220,1.2,42039409
2025-07-01,stock_val_1_250701.xls,2025-07-W1,2025-06-30,2025-07-04,CURRENT,2025-06-30,2025-07-04,委託内訳,法人内訳,事業法人,SELL,231917453,0.9,
2025-07-01,stock_val_1_250701.xls,2025-07-W1,2025-06-30,2025-07-04,CURRENT,2025-06-30,2025-07-04,委託内訳,法人内訳,事業法人,BUY,477397156,1.8,245479703
2025-07-01,stock_val_1_250701.xls,2025-07-W1,2025-06-30,2025-07-04,PREVIOUS,06/23～06/27,06/23～06/27,委託内訳,法人内訳,その他法人等,SELL,49800731,0.2,
2025-07-01,stock_val_1_250701.xls,2025-07-W1,2025-06-30,2025-07-04,PREVIOUS,06/23～06/27,06/23～06/27,委託内訳,法人内訳,その他法人等,BUY,106102769,0.4,56302038
2025-07-01,stock_val_1_250701.xls,2025-07-W1,2025-06-30,2025-07-04,CURRENT,2025-06-30,2025-07-04,委託内訳,法人内訳,その他法人等,SELL,80147902,0.3,
2025-07-01,stock_val_1_250701.xls,2025-07-W1,2025-06-30,2025-07-04,CURRENT,2025-06-30,2025-07-04,委託内訳,法人内訳,その他法人等,BUY,89869354,0.3,9721452
2025-07-01,stock_val_1_250701.xls,2025-07-W1,2025-06-30,2025-07-04,PREVIOUS,06/23～06/27,06/23～06/27,委託内訳,法人内訳,金融機関,SELL,689792642,2.7,-89687490
2025-07-01,stock_val_1_250701.xls,2025-07-W1,2025-06-30,2025-07-04,PREVIOUS,06/23～06/27,06/23～06/27,委託内訳,法人内訳,金融機関,BUY,600105152,2.3,
2025-07-01,stock_val_1_250701.xls,2025-07-W1,2025-06-30,2025-07-04,CURRENT,2025-06-30,2025-07-04,委託内訳,法人内訳,金融機関,SELL,787082417,3.1,-111198
2025-07-01,stock_val_1_250701.xls,2025-07-W1,2025-06-30,2025-07-04,CURRENT,2025-06-30,2025-07-04,委託内訳,法人内訳,金融機関,BUY,786971219,3.0,
2025-07-01,stock_val_1_250701.xls,2025-07-W1,2025-06-30,2025-07-04,PREVIOUS,06/23～06/27,06/23～06/27,委託内訳,金融機関内訳,生保・損保,SELL,28235212,0.1,-615
2025-07-01,stock_val_1_250701.xls,2025-07-W1,2025-06-30,2025-07-04,PREVIOUS,06/23～06/27,06/23～06/27,委託内訳,金融機関内訳,生保・損保,BUY,28234597,0.1,
2025-07-01,stock_val_1_250701.xls,2025-07-W1,2025-06-30,2025-07-04,CURRENT,2025-06-30,2025-07-04,委託内訳,金融機関内訳,生保・損保,SELL,58752569,0.2,-52287721
2025-07-01,stock_val_1_250701.xls,2025-07-W1,2025-06-30,2025-07-04,CURRENT,2025-06-30,2025-07-04,委託内訳,金融機関内訳,生保・損保,BUY,6464848,0.0,
2025-07-01,stock_val_1_250701.xls,2025-07-W1,2025-06-30,2025-07-04,PREVIOUS,06/23～06/27,06/23～06/27,委託内訳,金融機関内訳,都銀・地銀等,SELL,39445073,0.2,-11890784
2025-07-01,stock_val_1_250701.xls,2025-07-W1,2025-06-30,2025-07-04,PREVIOUS,06/23～06/27,06/23～06/27,委託内訳,金融機関内訳,都銀・地銀等,BUY,27554289,0.1,
2025-07-01,stock_val_1_250701.xls,2025-07-W1,2025-06-30,2025-07-04,CURRENT,2025-06-30,2025-07-04,委託内訳,金融機関内訳,都銀・地銀等,SELL,31124500,0.1,-23105214
2025-07-01,stock_val_1_250701.xls,2025-07-W1,2025-06-30,2025-07-04,CURRENT,2025-06-30,2025-07-04,委託内訳,金融機関内訳,都銀・地銀等,BUY,8019286,0.0,
2025-07-01,stock_val_1_250701.xls,2025-07-W1,2025-06-30,2025-07-04,PREVIOUS,06/23～06/27,06/23～06/27,委託内訳,金融機関内訳,信託銀行,SELL,565886962,2.2,-47324832
2025-07-01,stock_val_1_250701.xls,2025-07-W1,2025-06-30,2025-07-04,PREVIOUS,06/23～06/27,06/23～06/27,委託内訳,金融機関内訳,信託銀行,BUY,518562130,2.0,
2025-07-01,stock_val_1_250701.xls,2025-07-W1,2025-06-30,2025-07-04,CURRENT,2025-06-30,2025-07-04,委託内訳,金融機関内訳,信託銀行,SELL,662878969,2.6,
2025-07-01,stock_val_1_250701.xls,2025-07-W1,2025-06-30,2025-07-04,CURRENT,2025-06-30,2025-07-04,委託内訳,金融機関内訳,信託銀行,BUY,747683565,2.8,84804596
2025-07-01,stock_val_1_250701.xls,2025-07-W1,2025-06-30,2025-07-04,PREVIOUS,06/23～06/27,06/23～06/27,委託内訳,金融機関内訳,その他金融機関,SELL,56225395,0.2,-30471259
2025-07-01,stock_val_1_250701.xls,2025-07-W1,2025-06-30,2025-07-04,PREVIOUS,06/23～06/27,06/23～06/27,委託内訳,金融機関内訳,その他金融機関,BUY,25754136,0.1,
2025-07-01,stock_val_1_250701.xls,2025-07-W1,2025-06-30,2025-07-04,CURRENT,2025-06-30,2025-07-04,委託内訳,金融機関内訳,その他金融機関,SELL,34326379,0.1,-9522859
2025-07-01,stock_val_1_250701.xls,2025-07-W1,2025-06-30,2025-07-04,CURRENT,2025-06-30,2025-07-04,委託内訳,金融機関内訳,その他金融機関,BUY,24803520,0.1,
2025-07-02,stock_val_1_250702.xls,2025-07-W2,2025-07-07,2025-07-11,PREVIOUS,06/30～07/04,06/30～07/04,委託内訳,,法人,SELL,1797238533,7.0,
2025-07-02,stock_val_1_250702.xls,2025-07-W2,2025-07-07,2025-07-11,PREVIOUS,06/30～07/04,06/30～07/04,委託内訳,,法人,BUY,1896138986,7.2,98900453
2025-07-02,stock_val_1_250702.xls,2025-07-W2,2025-07-07,2025-07-11,CURRENT,2025-07-07,2025-07-11,委託内訳,,法人,SELL,1698379892,7.2,-234311260
2025-07-02,stock_val_1_250702.xls,2025-07-W2,2025-07-07,2025-07-11,CURRENT,2025-07-07,2025-07-11,委託内訳,,法人,BUY,1464068632,6.1,
2025-07-02,stock_val_1_250702.xls,2025-07-W2,2025-07-07,2025-07-11,PREVIOUS,06/30～07/04,06/30～07/04,委託内訳,,個人,SELL,7893299599,30.7,-60326993
2025-07-02,stock_val_1_250702.xls,2025-07-W2,2025-07-07,2025-07-11,PREVIOUS,06/30～07/04,06/30～07/04,委託内訳,,個人,BUY,7832972606,29.8,
2025-07-02,stock_val_1_250702.xls,2025-07-W2,2025-07-07,2025-07-11,CURRENT,2025-07-07,2025-07-11,委託内訳,,個人,SELL,6867169582,29.0,-66547033
2025-07-02,stock_val_1_250702.xls,2025-07-W2,2025-07-07,2025-07-11,CURRENT,2025-07-07,2025-07-11,委託内訳,,個人,BUY,6800622549,28.6,
2025-07-02,stock_val_1_250702.xls,2025-07-W2,2025-07-07,2025-07-11,PREVIOUS,06/30～07/04,06/30～07/04,委託内訳,,海外投資家,SELL,15895377483,61.9,
2025-07-02,stock_val_1_250702.xls,2025-07-W2,2025-07-07,2025-07-11,PREVIOUS,06/30～07/04,06/30～07/04,委託内訳,,海外投資家,BUY,16441014959,62.6,545637476
2025-07-02,stock_val_1_250702.xls,2025-07-W2,2025-07-07,2025-07-11,CURRENT,2025-07-07,2025-07-11,委託内訳,,海外投資家,SELL,15036321406,63.4,
2025-07-02,stock_val_1_250702.xls,2025-07-W2,2025-07-07,2025-07-11,CURRENT,2025-07-07,2025-07-11,委託内訳,,海外投資家,BUY,15439406537,64.8,403085131
2025-07-02,stock_val_1_250702.xls,2025-07-W2,2025-07-07,2025-07-11,PREVIOUS,06/30～07/04,06/30～07/04,委託内訳,,証券会社,SELL,106056829,0.4,
2025-07-02,stock_val_1_250702.xls,2025-07-W2,2025-07-07,2025-07-11,PREVIOUS,06/30～07/04,06/30～07/04,委託内訳,,証券会社,BUY,110534752,0.4,4477923
2025-07-02,stock_val_1_250702.xls,2025-07-W2,2025-07-07,2025-07-11,CURRENT,2025-07-07,2025-07-11,委託内訳,,証券会社,SELL,106391231,0.4,
2025-07-02,stock_val_1_250702.xls,2025-07-W2,2025-07-07,2025-07-11,CURRENT,2025-07-07,2025-07-11,委託内訳,,証券会社,BUY,108825180,0.5,2433949
2025-07-02,stock_val_1_250702.xls,2025-07-W2,2025-07-07,2025-07-11,PREVIOUS,06/30～07/04,06/30～07/04,委託内訳,法人内訳,投資信託,SELL,698090761,2.7,-156189504
2025-07-02,stock_val_1_250702.xls,2025-07-W2,2025-07-07,2025-07-11,PREVIOUS,06/30～07/04,06/30～07/04,委託内訳,法人内訳,投資信託,BUY,541901257,2.1,
2025-07-02,stock_val_1_250702.xls,2025-07-W2,2025-07-07,2025-07-11,CURRENT,2025-07-07,2025-07-11,委託内訳,法人内訳,投資信託,SELL,850889155,3.6,-442782603
2025-07-02,stock_val_1_250702.xls,2025-07-W2,2025-07-07,2025-07-11,CURRENT,2025-07-07,2025-07-11,委託内訳,法人内訳,投資信託,BUY,408106552,1.7,
2025-07-02,stock_val_1_250702.xls,2025-07-W2,2025-07-07,2025-07-11,PREVIOUS,06/30～07/04,06/30～07/04,委託内訳,法人内訳,事業法人,SELL,231917453,0.9,
2025-07-02,stock_val_1_250702.xls,2025-07-W2,2025-07-07,2025-07-11,PREVIOUS,06/30～07/04,06/30～07/04,委託内訳,法人内訳,事業法人,BUY,477397156,1.8,245479703
2025-07-02,stock_val_1_250702.xls,2025-07-W2,2025-07-07,2025-07-11,CURRENT,2025-07-07,2025-07-11,委託内訳,法人内訳,事業法人,SELL,240975686,1.0,
2025-07-02,stock_val_1_250702.xls,2025-07-W2,2025-07-07,2025-07-11,CURRENT,2025-07-07,2025-07-11,委託内訳,法人内訳,事業法人,BUY,469061906,2.0,228086220
2025-07-02,stock_val_1_250702.xls,2025-07-W2,2025-07-07,2025-07-11,PREVIOUS,06/30～07/04,06/30～07/04,委託内訳,法人内訳,その他法人等,SELL,80147902,0.3,
2025-07-02,stock_val_1_250702.xls,2025-07-W2,2025-07-07,2025-07-11,PREVIOUS,06/30～07/04,06/30～07/04,委託内訳,法人内訳,その他法人等,BUY,89869354,0.3,9721452
2025-07-02,stock_val_1_250702.xls,2025-07-W2,2025-07-07,2025-07-11,CURRENT,2025-07-07,2025-07-11,委託内訳,法人内訳,その他法人等,SELL,56947199,0.2,
2025-07-02,stock_val_1_250702.xls,2025-07-W2,2025-07-07,2025-07-11,CURRENT,2025-07-07,2025-07-11,委託内訳,法人内訳,その他法人等,BUY,105743990,0.4,48796791
2025-07-02,stock_val_1_250702.xls,2025-07-W2,2025-07-07,2025-07-11,PREVIOUS,06/30～07/04,06/30～07/04,委託内訳,法人内訳,金融機関,SELL,787082417,3.1,-111198
2025-07-02,stock_val_1_250702.xls,2025-07-W2,2025-07-07,2025-07-11,PREVIOUS,06/30～07/04,06/30～07/04,委託内訳,法人内訳,金融機関,BUY,786971219,3.0,
2025-07-02,stock_val_1_250702.xls,2025-07-W2,2025-07-07,2025-07-11,CURRENT,2025-07-07,2025-07-11,委託内訳,法人内訳,金融機関,SELL,549567852,2.3,-68411668
2025-07-02,stock_val_1_250702.xls,2025-07-W2,2025-07-07,2025-07-11,CURRENT,2025-07-07,2025-07-11,委託内訳,法人内訳,金融機関,BUY,481156184,2.0,
2025-07-02,stock_val_1_250702.xls,2025-07-W2,2025-07-07,2025-07-11,PREVIOUS,06/30～07/04,06/30～07/04,委託内訳,金融機関内訳,生保・損保,SELL,58752569,0.2,-52287721
2025-07-02,stock_val_1_250702.xls,2025-07-W2,2025-07-07,2025-07-11,PREVIOUS,06/30～07/04,06/30～07/04,委託内訳,金融機関内訳,生保・損保,BUY,6464848,0.0,
2025-07-02,stock_val_1_250702.xls,2025-07-W2,2025-07-07,2025-07-11,CURRENT,2025-07-07,2025-07-11,委託内訳,金融機関内訳,生保・損保,SELL,49591185,0.2,-2136979
2025-07-02,stock_val_1_250702.xls,2025-07-W2,2025-07-07,2025-07-11,CURRENT,2025-07-07,2025-07-11,委託内訳,金融機関内訳,生保・損保,BUY,47454206,0.2,
2025-07-02,stock_val_1_250702.xls,2025-07-W2,2025-07-07,2025-07-11,PREVIOUS,06/30～07/04,06/30～07/04,委託内訳,金融機関内訳,都銀・地銀等,SELL,31124500,0.1,-23105214
2025-07-02,stock_val_1_250702.xls,2025-07-W2,2025-07-07,2025-07-11,PREVIOUS,06/30～07/04,06/30～07/04,委託内訳,金融機関内訳,都銀・地銀等,BUY,8019286,0.0,
2025-07-02,stock_val_1_250702.xls,2025-07-W2,2025-07-07,2025-07-11,CURRENT,2025-07-07,2025-07-11,委託内訳,金融機関内訳,都銀・地銀等,SELL,52293657,0.2,-27560303
2025-07-02,stock_val_1_250702.xls,2025-07-W2,2025-07-07,2025-07-11,CURRENT,2025-07-07,2025-07-11,委託内訳,金融機関内訳,都銀・地銀等,BUY,24733354,0.1,
2025-07-02,stock_val_1_250702.xls,2025-07-W2,2025-07-07,2025-07-11,PREVIOUS,06/30～07/04,06/30～07/04,委託内訳,金融機関内訳,信託銀行,SELL,662878969,2.6,
2025-07-02,stock_val_1_250702.xls,2025-07-W2,2025-07-07,2025-07-11,PREVIOUS,06/30～07/04,06/30～07/04,委託内訳,金融機関内訳,信託銀行,BUY,747683565,2.8,84804596
2025-07-02,stock_val_1_250702.xls,2025-07-W2,2025-07-07,2025-07-11,CURRENT,2025-07-07,2025-07-11,委託内訳,金融機関内訳,信託銀行,SELL,423442230,1.8,-35303818
2025-07-02,stock_val_1_250702.xls,2025-07-W2,2025-07-07,2025-07-11,CURRENT,2025-07-07,2025-07-11,委託内訳,金融機関内訳,信託銀行,BUY,388138412,1.6,
2025-07-02,stock_val_1_250702.xls,2025-07-W2,2025-07-07,2025-07-11,PREVIOUS,06/30～07/04,06/30～07/04,委託内訳,金融機関内訳,その他金融機関,SELL,34326379,0.1,-9522859
2025-07-02,stock_val_1_250702.xls,2025-07-W2,2025-07-07,2025-07-11,PREVIOUS,06/30～07/04,06/30～07/04,委託内訳,金融機関内訳,その他金融機関,BUY,24803520,0.1,
2025-07-02,stock_val_1_250702.xls,2025-07-W2,2025-07-07,2025-07-11,CURRENT,2025-07-07,2025-07-11,委託内訳,金融機関内訳,その他金融機関,SELL,24240780,0.1,-3410568
2025-07-02,stock_val_1_250702.xls,2025-07-W2,2025-07-07,2025-07-11,CURRENT,2025-07-07,2025-07-11,委託内訳,金融機関内訳,その他金融機関,BUY,20830212,0.1,
2025-07-03,stock_val_1_250703.xls,2025-07-W3,2025-07-14,2025-07-18,PREVIOUS,07/07～07/11,07/07～07/11,委託内訳,,法人,SELL,1698379892,7.2,-234311260
2025-07-03,stock_val_1_250703.xls,2025-07-W3,2025-07-14,2025-07-18,PREVIOUS,07/07～07/11,07/07～07/11,委託内訳,,法人,BUY,1464068632,6.1,
2025-07-03,stock_val_1_250703.xls,2025-07-W3,2025-07-14,2025-07-18,CURRENT,2025-07-14,2025-07-18,委託内訳,,法人,SELL,1121761649,5.0,
2025-07-03,stock_val_1_250703.xls,2025-07-W3,2025-07-14,2025-07-18,CURRENT,2025-07-14,2025-07-18,委託内訳,,法人,BUY,1323608995,5.8,201847346
2025-07-03,stock_val_1_250703.xls,2025-07-W3,2025-07-14,2025-07-18,PREVIOUS,07/07～07/11,07/07～07/11,委託内訳,,個人,SELL,6867169582,29.0,-66547033
2025-07-03,stock_val_1_250703.xls,2025-07-W3,2025-07-14,2025-07-18,PREVIOUS,07/07～07/11,07/07～07/11,委託内訳,,個人,BUY,6800622549,28.6,
2025-07-03,stock_val_1_250703.xls,2025-07-W3,2025-07-14,2025-07-18,CURRENT,2025-07-14,2025-07-18,委託内訳,,個人,SELL,7275287850,32.3,-87985482
2025-07-03,stock_val_1_250703.xls,2025-07-W3,2025-07-14,2025-07-18,CURRENT,2025-07-14,2025-07-18,委託内訳,,個人,BUY,7187302368,31.5,
2025-07-03,stock_val_1_250703.xls,2025-07-W3,2025-07-14,2025-07-18,PREVIOUS,07/07～07/11,07/07～07/11,委託内訳,,海外投資家,SELL,15036321406,63.4,
2025-07-03,stock_val_1_250703.xls,2025-07-W3,2025-07-14,2025-07-18,PREVIOUS,07/07～07/11,07/07～07/11,委託内訳,,海外投資家,BUY,15439406537,64.8,403085131
2025-07-03,stock_val_1_250703.xls,2025-07-W3,2025-07-14,2025-07-18,CURRENT,2025-07-14,2025-07-18,委託内訳,,海外投資家,SELL,14010147565,62.3,
2025-07-03,stock_val_1_250703.xls,2025-07-W3,2025-07-14,2025-07-18,CURRENT,2025-07-14,2025-07-18,委託内訳,,海外投資家,BUY,14197655880,62.3,187508315
2025-07-03,stock_val_1_250703.xls,2025-07-W3,2025-07-14,2025-07-18,PREVIOUS,07/07～07/11,07/07～07/11,委託内訳,,証券会社,SELL,106391231,0.4,
2025-07-03,stock_val_1_250703.xls,2025-07-W3,2025-07-14,2025-07-18,PREVIOUS,07/07～07/11,07/07～07/11,委託内訳,,証券会社,BUY,108825180,0.5,2433949
2025-07-03,stock_val_1_250703.xls,2025-07-W3,2025-07-14,2025-07-18,CURRENT,2025-07-14,2025-07-18,委託内訳,,証券会社,SELL,94255229,0.4,-1383632
2025-07-03,stock_val_1_250703.xls,2025-07-W3,2025-07-14,2025-07-18,CURRENT,2025-07-14,2025-07-18,委託内訳,,証券会社,BUY,92871597,0.4,
2025-07-03,stock_val_1_250703.xls,2025-07-W3,2025-07-14,2025-07-18,PREVIOUS,07/07～07/11,07/07～07/11,委託内訳,法人内訳,投資信託,SELL,850889155,3.6,-442782603
2025-07-03,stock_val_1_250703.xls,2025-07-W3,2025-07-14,2025-07-18,PREVIOUS,07/07～07/11,07/07～07/11,委託内訳,法人内訳,投資信託,BUY,408106552,1.7,
2025-07-03,stock_val_1_250703.xls,2025-07-W3,2025-07-14,2025-07-18,CURRENT,2025-07-14,2025-07-18,委託内訳,法人内訳,投資信託,SELL,299657016,1.3,
2025-07-03,stock_val_1_250703.xls,2025-07-W3,2025-07-14,2025-07-18,CURRENT,2025-07-14,2025-07-18,委託内訳,法人内訳,投資信託,BUY,358131599,1.6,58474583
2025-07-03,stock_val_1_250703.xls,2025-07-W3,2025-07-14,2025-07-18,PREVIOUS,07/07～07/11,07/07～07/11,委託内訳,法人内訳,事業法人,SELL,240975686,1.0,
2025-07-03,stock_val_1_250703.xls,2025-07-W3,2025-07-14,2025-07-18,PREVIOUS,07/07～07/11,07/07～07/11,委託内訳,法人内訳,事業法人,BUY,469061906,2.0,228086220
2025-07-03,stock_val_1_250703.xls,2025-07-W3,2025-07-14,2025-07-18,CURRENT,2025-07-14,2025-07-18,委託内訳,法人内訳,事業法人,SELL,235694741,1.0,
2025-07-03,stock_val_1_250703.xls,2025-07-W3,2025-07-14,2025-07-18,CURRENT,2025-07-14,2025-07-18,委託内訳,法人内訳,事業法人,BUY,451967036,2.0,216272295
2025-07-03,stock_val_1_250703.xls,2025-07-W3,2025-07-14,2025-07-18,PREVIOUS,07/07～07/11,07/07～07/11,委託内訳,法人内訳,その他法人等,SELL,56947199,0.2,
2025-07-03,stock_val_1_250703.xls,2025-07-W3,2025-07-14,2025-07-18,PREVIOUS,07/07～07/11,07/07～07/11,委託内訳,法人内訳,その他法人等,BUY,105743990,0.4,48796791
2025-07-03,stock_val_1_250703.xls,2025-07-W3,2025-07-14,2025-07-18,CURRENT,2025-07-14,2025-07-18,委託内訳,法人内訳,その他法人等,SELL,64687651,0.3,
2025-07-03,stock_val_1_250703.xls,2025-07-W3,2025-07-14,2025-07-18,CURRENT,2025-07-14,2025-07-18,委託内訳,法人内訳,その他法人等,BUY,77540992,0.3,12853341
2025-07-03,stock_val_1_250703.xls,2025-07-W3,2025-07-14,2025-07-18,PREVIOUS,07/07～07/11,07/07～07/11,委託内訳,法人内訳,金融機関,SELL,549567852,2.3,-68411668
2025-07-03,stock_val_1_250703.xls,2025-07-W3,2025-07-14,2025-07-18,PREVIOUS,07/07～07/11,07/07～07/11,委託内訳,法人内訳,金融機関,BUY,481156184,2.0,
2025-07-03,stock_val_1_250703.xls,2025-07-W3,2025-07-14,2025-07-18,CURRENT,2025-07-14,2025-07-18,委託内訳,法人内訳,金融機関,SELL,521722241,2.3,-85752873
2025-07-03,stock_val_1_250703.xls,2025-07-W3,2025-07-14,2025-07-18,CURRENT,2025-07-14,2025-07-18,委託内訳,法人内訳,金融機関,BUY,435969368,1.9,
2025-07-03,stock_val_1_250703.xls,2025-07-W3,2025-07-14,2025-07-18,PREVIOUS,07/07～07/11,07/07～07/11,委託内訳,金融機関内訳,生保・損保,SELL,49591185,0.2,-2136979
2025-07-03,stock_val_1_250703.xls,2025-07-W3,2025-07-14,2025-07-18,PREVIOUS,07/07～07/11,07/07～07/11,委託内訳,金融機関内訳,生保・損保,BUY,47454206,0.2,
2025-07-03,stock_val_1_250703.xls,2025-07-W3,2025-07-14,2025-07-18,CURRENT,2025-07-14,2025-07-18,委託内訳,金融機関内訳,生保・損保,SELL,58947139,0.3,-42082666
2025-07-03,stock_val_1_250703.xls,2025-07-W3,2025-07-14,2025-07-18,CURRENT,2025-07-14,2025-07-18,委託内訳,金融機関内訳,生保・損保,BUY,16864473,0.1,
2025-07-03,stock_val_1_250703.xls,2025-07-W3,2025-07-14,2025-07-18,PREVIOUS,07/07～07/11,07/07～07/11,委託内訳,金融機関内訳,都銀・地銀等,SELL,52293657,0.2,-27560303
2025-07-03,stock_val_1_250703.xls,2025-07-W3,2025-07-14,2025-07-18,PREVIOUS,07/07～07/11,07/07～07/11,委託内訳,金融機関内訳,都銀・地銀等,BUY,24733354,0.1,
2025-07-03,stock_val_1_250703.xls,2025-07-W3,2025-07-14,2025-07-18,CURRENT,2025-07-14,2025-07-18,委託内訳,金融機関内訳,都銀・地銀等,SELL,60663027,0.3,-49543845
2025-07-03,stock_val_1_250703.xls,2025-07-W3,2025-07-14,2025-07-18,CURRENT,2025-07-14,2025-07-18,委託内訳,金融機関内訳,都銀・地銀等,BUY,11119182,0.0,
2025-07-03,stock_val_1_250703.xls,2025-07-W3,2025-07-14,2025-07-18,PREVIOUS,07/07～07/11,07/07～07/11,委託内訳,金融機関内訳,信託銀行,SELL,423442230,1.8,-35303818
2025-07-03,stock_val_1_250703.xls,2025-07-W3,2025-07-14,2025-07-18,PREVIOUS,07/07～07/11,07/07～07/11,委託内訳,金融機関内訳,信託銀行,BUY,388138412,1.6,
2025-07-03,stock_val_1_250703.xls,2025-07-W3,2025-07-14,2025-07-18,CURRENT,2025-07-14,2025-07-18,委託内訳,金融機関内訳,信託銀行,SELL,367394330,1.6,
2025-07-03,stock_val_1_250703.xls,2025-07-W3,2025-07-14,2025-07-18,CURRENT,2025-07-14,2025-07-18,委託内訳,金融機関内訳,信託銀行,BUY,378185188,1.7,10790858
2025-07-03,stock_val_1_250703.xls,2025-07-W3,2025-07-14,2025-07-18,PREVIOUS,07/07～07/11,07/07～07/11,委託内訳,金融機関内訳,その他金融機関,SELL,24240780,0.1,-3410568
2025-07-03,stock_val_1_250703.xls,2025-07-W3,2025-07-14,2025-07-18,PREVIOUS,07/07～07/11,07/07～07/11,委託内訳,金融機関内訳,その他金融機関,BUY,20830212,0.1,
2025-07-03,stock_val_1_250703.xls,2025-07-W3,2025-07-14,2025-07-18,CURRENT,2025-07-14,2025-07-18,委託内訳,金融機関内訳,その他金融機関,SELL,34717745,0.2,-4917220
2025-07-03,stock_val_1_250703.xls,2025-07-W3,2025-07-14,2025-07-18,CURRENT,2025-07-14,2025-07-18,委託内訳,金融機関内訳,その他金融機関,BUY,29800525,0.1,
2025-07-04,stock_val_1_250704.xls,2025-07-W4,2025-07-22,2025-07-25,PREVIOUS,07/14～07/18,07/14～07/18,委託内訳,,法人,SELL,1121761649,5.0,
2025-07-04,stock_val_1_250704.xls,2025-07-W4,2025-07-22,2025-07-25,PREVIOUS,07/14～07/18,07/14～07/18,委託内訳,,法人,BUY,1323608995,5.8,201847346
2025-07-04,stock_val_1_250704.xls,2025-07-W4,2025-07-22,2025-07-25,CURRENT,2025-07-22,2025-07-25,委託内訳,,法人,SELL,1344266587,5.7,
2025-07-04,stock_val_1_250704.xls,2025-07-W4,2025-07-22,2025-07-25,CURRENT,2025-07-22,2025-07-25,委託内訳,,法人,BUY,1409126548,6.1,64859961
2025-07-04,stock_val_1_250704.xls,2025-07-W4,2025-07-22,2025-07-25,PREVIOUS,07/14～07/18,07/14～07/18,委託内訳,,個人,SELL,7275287850,32.3,-87985482
2025-07-04,stock_val_1_250704.xls,2025-07-W4,2025-07-22,2025-07-25,PREVIOUS,07/14～07/18,07/14～07/18,委託内訳,,個人,BUY,7187302368,31.5,
2025-07-04,stock_val_1_250704.xls,2025-07-W4,2025-07-22,2025-07-25,CURRENT,2025-07-22,2025-07-25,委託内訳,,個人,SELL,7366987037,31.1,-1219052113
2025-07-04,stock_val_1_250704.xls,2025-07-W4,2025-07-22,2025-07-25,CURRENT,2025-07-22,2025-07-25,委託内訳,,個人,BUY,6147934924,26.6,
2025-07-04,stock_val_1_250704.xls,2025-07-W4,2025-07-22,2025-07-25,PREVIOUS,07/14～07/18,07/14～07/18,委託内訳,,海外投資家,SELL,14010147565,62.3,
2025-07-04,stock_val_1_250704.xls,2025-07-W4,2025-07-22,2025-07-25,PREVIOUS,07/14～07/18,07/14～07/18,委託内訳,,海外投資家,BUY,14197655880,62.3,187508315
2025-07-04,stock_val_1_250704.xls,2025-07-W4,2025-07-22,2025-07-25,CURRENT,2025-07-22,2025-07-25,委託内訳,,海外投資家,SELL,14844068172,62.6,
2025-07-04,stock_val_1_250704.xls,2025-07-W4,2025-07-22,2025-07-25,CURRENT,2025-07-22,2025-07-25,委託内訳,,海外投資家,BUY,15446463211,66.8,602395039
2025-07-04,stock_val_1_250704.xls,2025-07-W4,2025-07-22,2025-07-25,PREVIOUS,07/14～07/18,07/14～07/18,委託内訳,,証券会社,SELL,94255229,0.4,-1383632
2025-07-04,stock_val_1_250704.xls,2025-07-W4,2025-07-22,2025-07-25,PREVIOUS,07/14～07/18,07/14～07/18,委託内訳,,証券会社,BUY,92871597,0.4,
2025-07-04,stock_val_1_250704.xls,2025-07-W4,2025-07-22,2025-07-25,CURRENT,2025-07-22,2025-07-25,委託内訳,,証券会社,SELL,139872299,0.6,-26274929
2025-07-04,stock_val_1_250704.xls,2025-07-W4,2025-07-22,2025-07-25,CURRENT,2025-07-22,2025-07-25,委託内訳,,証券会社,BUY,113597370,0.5,
2025-07-04,stock_val_1_250704.xls,2025-07-W4,2025-07-22,2025-07-25,PREVIOUS,07/14～07/18,07/14～07/18,委託内訳,法人内訳,投資信託,SELL,299657016,1.3,
2025-07-04,stock_val_1_250704.xls,2025-07-W4,2025-07-22,2025-07-25,PREVIOUS,07/14～07/18,07/14～07/18,委託内訳,法人内訳,投資信託,BUY,358131599,1.6,58474583
2025-07-04,stock_val_1_250704.xls,2025-07-W4,2025-07-22,2025-07-25,CURRENT,2025-07-22,2025-07-25,委託内訳,法人内訳,投資信託,SELL,426485745,1.8,-22253055
2025-07-04,stock_val_1_250704.xls,2025-07-W4,2025-07-22,2025-07-25,CURRENT,2025-07-22,2025-07-25,委託内訳,法人内訳,投資信託,BUY,404232690,1.7,
2025-07-04,stock_val_1_250704.xls,2025-07-W4,2025-07-22,2025-07-25,PREVIOUS,07/14～07/18,07/14～07/18,委託内訳,法人内訳,事業法人,SELL,235694741,1.0,
2025-07-04,stock_val_1_250704.xls,2025-07-W4,2025-07-22,2025-07-25,PREVIOUS,07/14～07/18,07/14～07/18,委託内訳,法人内訳,事業法人,BUY,451967036,2.0,216272295
2025-07-04,stock_val_1_250704.xls,2025-07-W4,2025-07-22,2025-07-25,CURRENT,2025-07-22,2025-07-25,委託内訳,法人内訳,事業法人,SELL,340142443,1.4,
2025-07-04,stock_val_1_250704.xls,2025-07-W4,2025-07-22,2025-07-25,CURRENT,2025-07-22,2025-07-25,委託内訳,法人内訳,事業法人,BUY,434746801,1.9,94604358
2025-07-04,stock_val_1_250704.xls,2025-07-W4,2025-07-22,2025-07-25,PREVIOUS,07/14～07/18,07/14～07/18,委託内訳,法人内訳,その他法人等,SELL,64687651,0.3,
2025-07-04,stock_val_1_250704.xls,2025-07-W4,2025-07-22,2025-07-25,PREVIOUS,07/14～07/18,07/14～07/18,委託内訳,法人内訳,その他法人等,BUY,77540992,0.3,12853341
2025-07-04,stock_val_1_250704.xls,2025-07-W4,2025-07-22,2025-07-25,CURRENT,2025-07-22,2025-07-25,委託内訳,法人内訳,その他法人等,SELL,73851916,0.3,
2025-07-04,stock_val_1_250704.xls,2025-07-W4,2025-07-22,2025-07-25,CURRENT,2025-07-22,2025-07-25,委託内訳,法人内訳,その他法人等,BUY,106028808,0.5,32176892
2025-07-04,stock_val_1_250704.xls,2025-07-W4,2025-07-22,2025-07-25,PREVIOUS,07/14～07/18,07/14～07/18,委託内訳,法人内訳,金融機関,SELL,521722241,2.3,-85752873
2025-07-04,stock_val_1_250704.xls,2025-07-W4,2025-07-22,2025-07-25,PREVIOUS,07/14～07/18,07/14～07/18,委託内訳,法人内訳,金融機関,BUY,435969368,1.9,
2025-07-04,stock_val_1_250704.xls,2025-07-W4,2025-07-22,2025-07-25,CURRENT,2025-07-22,2025-07-25,委託内訳,法人内訳,金融機関,SELL,503786483,2.1,-39668234
2025-07-04,stock_val_1_250704.xls,2025-07-W4,2025-07-22,2025-07-25,CURRENT,2025-07-22,2025-07-25,委託内訳,法人内訳,金融機関,BUY,464118249,2.0,
2025-07-04,stock_val_1_250704.xls,2025-07-W4,2025-07-22,2025-07-25,PREVIOUS,07/14～07/18,07/14～07/18,委託内訳,金融機関内訳,生保・損保,SELL,58947139,0.3,-42082666
2025-07-04,stock_val_1_250704.xls,2025-07-W4,2025-07-22,2025-07-25,PREVIOUS,07/14～07/18,07/14～07/18,委託内訳,金融機関内訳,生保・損保,BUY,16864473,0.1,
2025-07-04,stock_val_1_250704.xls,2025-07-W4,2025-07-22,2025-07-25,CURRENT,2025-07-22,2025-07-25,委託内訳,金融機関内訳,生保・損保,SELL,47182477,0.2,-32254575
2025-07-04,stock_val_1_250704.xls,2025-07-W4,2025-07-22,2025-07-25,CURRENT,2025-07-22,2025-07-25,委託内訳,金融機関内訳,生保・損保,BUY,14927902,0.1,
2025-07-04,stock_val_1_250704.xls,2025-07-W4,2025-07-22,2025-07-25,PREVIOUS,07/14～07/18,07/14～07/18,委託内訳,金融機関内訳,都銀・地銀等,SELL,60663027,0.3,-49543845
2025-07-04,stock_val_1_250704.xls,2025-07-W4,2025-07-22,2025-07-25,PREVIOUS,07/14～07/18,07/14～07/18,委託内訳,金融機関内訳,都銀・地銀等,BUY,11119182,0.0,
2025-07-04,stock_val_1_250704.xls,2025-07-W4,2025-07-22,2025-07-25,CURRENT,2025-07-22,2025-07-25,委託内訳,金融機関内訳,都銀・地銀等,SELL,30168188,0.1,-22974149
2025-07-04,stock_val_1_250704.xls,2025-07-W4,2025-07-22,2025-07-25,CURRENT,2025-07-22,2025-07-25,委託内訳,金融機関内訳,都銀・地銀等,BUY,7194039,0.0,
2025-07-04,stock_val_1_250704.xls,2025-07-W4,2025-07-22,2025-07-25,PREVIOUS,07/14～07/18,07/14～07/18,委託内訳,金融機関内訳,信託銀行,SELL,367394330,1.6,
2025-07-04,stock_val_1_250704.xls,2025-07-W4,2025-07-22,2025-07-25,PREVIOUS,07/14～07/18,07/14～07/18,委託内訳,金融機関内訳,信託銀行,BUY,378185188,1.7,10790858
2025-07-04,stock_val_1_250704.xls,2025-07-W4,2025-07-22,2025-07-25,CURRENT,2025-07-22,2025-07-25,委託内訳,金融機関内訳,信託銀行,SELL,386806380,1.6,
2025-07-04,stock_val_1_250704.xls,2025-07-W4,2025-07-22,2025-07-25,CURRENT,2025-07-22,2025-07-25,委託内訳,金融機関内訳,信託銀行,BUY,425390951,1.8,38584571
2025-07-04,stock_val_1_250704.xls,2025-07-W4,2025-07-22,2025-07-25,PREVIOUS,07/14～07/18,07/14～07/18,委託内訳,金融機関内訳,その他金融機関,SELL,34717745,0.2,-4917220
2025-07-04,stock_val_1_250704.xls,2025-07-W4,2025-07-22,2025-07-25,PREVIOUS,07/14～07/18,07/14～07/18,委託内訳,金融機関内訳,その他金融機関,BUY,29800525,0.1,
2025-07-04,stock_val_1_250704.xls,2025-07-W4,2025-07-22,2025-07-25,CURRENT,2025-07-22,2025-07-25,委託内訳,金融機関内訳,その他金融機関,SELL,39629438,0.2,-23024081
2025-07-04,stock_val_1_250704.xls,2025-07-W4,2025-07-22,2025-07-25,CURRENT,2025-07-22,2025-07-25,委託内訳,金融機関内訳,その他金融機関,BUY,16605357,0.1,
2025-07-05,stock_val_1_250705.xls,2025-07-W5,2025-07-28,2025-08-01,PREVIOUS,07/22～07/25,07/22～07/25,委託内訳,,法人,SELL,1344266587,5.7,
2025-07-05,stock_val_1_250705.xls,2025-07-W5,2025-07-28,2025-08-01,PREVIOUS,07/22～07/25,07/22～07/25,委託内訳,,法人,BUY,1409126548,6.1,64859961
2025-07-05,stock_val_1_250705.xls,2025-07-W5,2025-07-28,2025-08-01,CURRENT,2025-07-28,2025-08-01,委託内訳,,法人,SELL,2040440589,7.7,-68264588
2025-07-05,stock_val_1_250705.xls,2025-07-W5,2025-07-28,2025-08-01,CURRENT,2025-07-28,2025-08-01,委託内訳,,法人,BUY,1972176001,7.5,
2025-07-05,stock_val_1_250705.xls,2025-07-W5,2025-07-28,2025-08-01,PREVIOUS,07/22～07/25,07/22～07/25,委託内訳,,個人,SELL,7366987037,31.1,-1219052113
2025-07-05,stock_val_1_250705.xls,2025-07-W5,2025-07-28,2025-08-01,PREVIOUS,07/22～07/25,07/22～07/25,委託内訳,,個人,BUY,6147934924,26.6,
2025-07-05,stock_val_1_250705.xls,2025-07-W5,2025-07-28,2025-08-01,CURRENT,2025-07-28,2025-08-01,委託内訳,,個人,SELL,7234782220,27.4,
2025-07-05,stock_val_1_250705.xls,2025-07-W5,2025-07-28,2025-08-01,CURRENT,2025-07-28,2025-08-01,委託内訳,,個人,BUY,7260324938,27.7,25542718
2025-07-05,stock_val_1_250705.xls,2025-07-W5,2025-07-28,2025-08-01,PREVIOUS,07/22～07/25,07/22～07/25,委託内訳,,海外投資家,SELL,14844068172,62.6,
2025-07-05,stock_val_1_250705.xls,2025-07-W5,2025-07-28,2025-08-01,PREVIOUS,07/22～07/25,07/22～07/25,委託内訳,,海外投資家,BUY,15446463211,66.8,602395039
2025-07-05,stock_val_1_250705.xls,2025-07-W5,2025-07-28,2025-08-01,CURRENT,2025-07-28,2025-08-01,委託内訳,,海外投資家,SELL,17014419910,64.4,-189205698
2025-07-05,stock_val_1_250705.xls,2025-07-W5,2025-07-28,2025-08-01,CURRENT,2025-07-28,2025-08-01,委託内訳,,海外投資家,BUY,16825214212,64.3,
2025-07-05,stock_val_1_250705.xls,2025-07-W5,2025-07-28,2025-08-01,PREVIOUS,07/22～07/25,07/22～07/25,委託内訳,,証券会社,SELL,139872299,0.6,-26274929
2025-07-05,stock_val_1_250705.xls,2025-07-W5,2025-07-28,2025-08-01,PREVIOUS,07/22～07/25,07/22～07/25,委託内訳,,証券会社,BUY,113597370,0.5,
2025-07-05,stock_val_1_250705.xls,2025-07-W5,2025-07-28,2025-08-01,CURRENT,2025-07-28,2025-08-01,委託内訳,,証券会社,SELL,111604906,0.4,-5814351
2025-07-05,stock_val_1_250705.xls,2025-07-W5,2025-07-28,2025-08-01,CURRENT,2025-07-28,2025-08-01,委託内訳,,証券会社,BUY,105790555,0.4,
2025-07-05,stock_val_1_250705.xls,2025-07-W5,2025-07-28,2025-08-01,PREVIOUS,07/22～07/25,07/22～07/25,委託内訳,法人内訳,投資信託,SELL,426485745,1.8,-22253055
2025-07-05,stock_val_1_250705.xls,2025-07-W5,2025-07-28,2025-08-01,PREVIOUS,07/22～07/25,07/22～07/25,委託内訳,法人内訳,投資信託,BUY,404232690,1.7,
2025-07-05,stock_val_1_250705.xls,2025-07-W5,2025-07-28,2025-08-01,CURRENT,2025-07-28,2025-08-01,委託内訳,法人内訳,投資信託,SELL,702348586,2.7,
2025-07-05,stock_val_1_250705.xls,2025-07-W5,2025-07-28,2025-08-01,CURRENT,2025-07-28,2025-08-01,委託内訳,法人内訳,投資信託,BUY,761287170,2.9,58938584
2025-07-05,stock_val_1_250705.xls,2025-07-W5,2025-07-28,2025-08-01,PREVIOUS,07/22～07/25,07/22～07/25,委託内訳,法人内訳,事業法人,SELL,340142443,1.4,
2025-07-05,stock_val_1_250705.xls,2025-07-W5,2025-07-28,2025-08-01,PREVIOUS,07/22～07/25,07/22～07/25,委託内訳,法人内訳,事業法人,BUY,434746801,1.9,94604358
2025-07-05,stock_val_1_250705.xls,2025-07-W5,2025-07-28,2025-08-01,CURRENT,2025-07-28,2025-08-01,委託内訳,法人内訳,事業法人,SELL,237166863,0.9,
2025-07-05,stock_val_1_250705.xls,2025-07-W5,2025-07-28,2025-08-01,CURRENT,2025-07-28,2025-08-01,委託内訳,法人内訳,事業法人,BUY,523769597,2.0,286602734
2025-07-05,stock_val_1_250705.xls,2025-07-W5,2025-07-28,2025-08-01,PREVIOUS,07/22～07/25,07/22～07/25,委託内訳,法人内訳,その他法人等,SELL,73851916,0.3,
2025-07-05,stock_val_1_250705.xls,2025-07-W5,2025-07-28,2025-08-01,PREVIOUS,07/22～07/25,07/22～07/25,委託内訳,法人内訳,その他法人等,BUY,106028808,0.5,32176892
2025-07-05,stock_val_1_250705.xls,2025-07-W5,2025-07-28,2025-08-01,CURRENT,2025-07-28,2025-08-01,委託内訳,法人内訳,その他法人等,SELL,80080427,0.3,
2025-07-05,stock_val_1_250705.xls,2025-07-W5,2025-07-28,2025-08-01,CURRENT,2025-07-28,2025-08-01,委託内訳,法人内訳,その他法人等,BUY,82057682,0.3,1977255
2025-07-05,stock_val_1_250705.xls,2025-07-W5,2025-07-28,2025-08-01,PREVIOUS,07/22～07/25,07/22～07/25,委託内訳,法人内訳,金融機関,SELL,503786483,2.1,-39668234
2025-07-05,stock_val_1_250705.xls,2025-07-W5,2025-07-28,2025-08-01,PREVIOUS,07/22～07/25,07/22～07/25,委託内訳,法人内訳,金融機関,BUY,464118249,2.0,
2025-07-05,stock_val_1_250705.xls,2025-07-W5,2025-07-28,2025-08-01,CURRENT,2025-07-28,2025-08-01,委託内訳,法人内訳,金融機関,SELL,1020844713,3.9,-415783161
2025-07-05,stock_val_1_250705.xls,2025-07-W5,2025-07-28,2025-08-01,CURRENT,2025-07-28,2025-08-01,委託内訳,法人内訳,金融機関,BUY,605061552,2.3,
2025-07-05,stock_val_1_250705.xls,2025-07-W5,2025-07-28,2025-08-01,PREVIOUS,07/22～07/25,07/22～07/25,委託内訳,金融機関内訳,生保・損保,SELL,47182477,0.2,-32254575
2025-07-05,stock_val_1_250705.xls,2025-07-W5,2025-07-28,2025-08-01,PREVIOUS,07/22～07/25,07/22～07/25,委託内訳,金融機関内訳,生保・損保,BUY,14927902,0.1,
2025-07-05,stock_val_1_250705.xls,2025-07-W5,2025-07-28,2025-08-01,CURRENT,2025-07-28,2025-08-01,委託内訳,金融機関内訳,生保・損保,SELL,296975902,1.1,-282071382
2025-07-05,stock_val_1_250705.xls,2025-07-W5,2025-07-28,2025-08-01,CURRENT,2025-07-28,2025-08-01,委託内訳,金融機関内訳,生保・損保,BUY,14904520,0.1,
2025-07-05,stock_val_1_250705.xls,2025-07-W5,2025-07-28,2025-08-01,PREVIOUS,07/22～07/25,07/22～07/25,委託内訳,金融機関内訳,都銀・地銀等,SELL,30168188,0.1,-22974149
2025-07-05,stock_val_1_250705.xls,2025-07-W5,2025-07-28,2025-08-01,PREVIOUS,07/22～07/25,07/22～07/25,委託内訳,金融機関内訳,都銀・地銀等,BUY,7194039,0.0,
2025-07-05,stock_val_1_250705.xls,2025-07-W5,2025-07-28,2025-08-01,CURRENT,2025-07-28,2025-08-01,委託内訳,金融機関内訳,都銀・地銀等,SELL,49392788,0.2,-36940117
2025-07-05,stock_val_1_250705.xls,2025-07-W5,2025-07-28,2025-08-01,CURRENT,2025-07-28,2025-08-01,委託内訳,金融機関内訳,都銀・地銀等,BUY,12452671,0.0,
2025-07-05,stock_val_1_250705.xls,2025-07-W5,2025-07-28,2025-08-01,PREVIOUS,07/22～07/25,07/22～07/25,委託内訳,金融機関内訳,信託銀行,SELL,386806380,1.6,
2025-07-05,stock_val_1_250705.xls,2025-07-W5,2025-07-28,2025-08-01,PREVIOUS,07/22～07/25,07/22～07/25,委託内訳,金融機関内訳,信託銀行,BUY,425390951,1.8,38584571
2025-07-05,stock_val_1_250705.xls,2025-07-W5,2025-07-28,2025-08-01,CURRENT,2025-07-28,2025-08-01,委託内訳,金融機関内訳,信託銀行,SELL,656331896,2.5,-100216389
2025-07-05,stock_val_1_250705.xls,2025-07-W5,2025-07-28,2025-08-01,CURRENT,2025-07-28,2025-08-01,委託内訳,金融機関内訳,信託銀行,BUY,556115507,2.1,
2025-07-05,stock_val_1_250705.xls,2025-07-W5,2025-07-28,2025-08-01,PREVIOUS,07/22～07/25,07/22～07/25,委託内訳,金融機関内訳,その他金融機関,SELL,39629438,0.2,-23024081
2025-07-05,stock_val_1_250705.xls,2025-07-W5,2025-07-28,2025-08-01,PREVIOUS,07/22～07/25,07/22～07/25,委託内訳,金融機関内訳,その他金融機関,BUY,16605357,0.1,
2025-07-05,stock_val_1_250705.xls,2025-07-W5,2025-07-28,2025-08-01,CURRENT,2025-07-28,2025-08-01,委託内訳,金融機関内訳,その他金融機関,SELL,18144127,0.1,
2025-07-05,stock_val_1_250705.xls,2025-07-W5,2025-07-28,2025-08-01,CURRENT,2025-07-28,2025-08-01,委託内訳,金融機関内訳,その他金融機関,BUY,21588854,0.1,3444727
2025-08-01,stock_val_1_250801.xls,2025-08-W1,2025-08-04,2025-08-08,PREVIOUS,07/28～08/01,07/28～08/01,委託内訳,,法人,SELL,2040440589,7.7,-68264588
2025-08-01,stock_val_1_250801.xls,2025-08-W1,2025-08-04,2025-08-08,PREVIOUS,07/28～08/01,07/28～08/01,委託内訳,,法人,BUY,1972176001,7.5,
2025-08-01,stock_val_1_250801.xls,2025-08-W1,2025-08-04,2025-08-08,CURRENT,2025-08-04,2025-08-08,委託内訳,,法人,SELL,1499810130,4.9,-22178045
2025-08-01,stock_val_1_250801.xls,2025-08-W1,2025-08-04,2025-08-08,CURRENT,2025-08-04,2025-08-08,委託内訳,,法人,BUY,1477632085,5.0,
2025-08-01,stock_val_1_250801.xls,2025-08-W1,2025-08-04,2025-08-08,PREVIOUS,07/28～08/01,07/28～08/01,委託内訳,,個人,SELL,7234782220,27.4,
2025-08-01,stock_val_1_250801.xls,2025-08-W1,2025-08-04,2025-08-08,PREVIOUS,07/28～08/01,07/28～08/01,委託内訳,,個人,BUY,7260324938,27.7,25542718
2025-08-01,stock_val_1_250801.xls,2025-08-W1,2025-08-04,2025-08-08,CURRENT,2025-08-04,2025-08-08,委託内訳,,個人,SELL,8847854531,29.1,-578057685
2025-08-01,stock_val_1_250801.xls,2025-08-W1,2025-08-04,2025-08-08,CURRENT,2025-08-04,2025-08-08,委託内訳,,個人,BUY,8269796846,27.8,
2025-08-01,stock_val_1_250801.xls,2025-08-W1,2025-08-04,2025-08-08,PREVIOUS,07/28～08/01,07/28～08/01,委託内訳,,海外投資家,SELL,17014419910,64.4,-189205698
2025-08-01,stock_val_1_250801.xls,2025-08-W1,2025-08-04,2025-08-08,PREVIOUS,07/28～08/01,07/28～08/01,委託内訳,,海外投資家,BUY,16825214212,64.3,
2025-08-01,stock_val_1_250801.xls,2025-08-W1,2025-08-04,2025-08-08,CURRENT,2025-08-04,2025-08-08,委託内訳,,海外投資家,SELL,19878695646,65.4,-5334314
2025-08-01,stock_val_1_250801.xls,2025-08-W1,2025-08-04,2025-08-08,CURRENT,2025-08-04,2025-08-08,委託内訳,,海外投資家,BUY,19873361332,66.8,
2025-08-01,stock_val_1_250801.xls,2025-08-W1,2025-08-04,2025-08-08,PREVIOUS,07/28～08/01,07/28～08/01,委託内訳,,証券会社,SELL,111604906,0.4,-5814351
2025-08-01,stock_val_1_250801.xls,2025-08-W1,2025-08-04,2025-08-08,PREVIOUS,07/28～08/01,07/28～08/01,委託内訳,,証券会社,BUY,105790555,0.4,
2025-08-01,stock_val_1_250801.xls,2025-08-W1,2025-08-04,2025-08-08,CURRENT,2025-08-04,2025-08-08,委託内訳,,証券会社,SELL,170835114,0.6,-19665860
2025-08-01,stock_val_1_250801.xls,2025-08-W1,2025-08-04,2025-08-08,CURRENT,2025-08-04,2025-08-08,委託内訳,,証券会社,BUY,151169254,0.5,
2025-08-01,stock_val_1_250801.xls,2025-08-W1,2025-08-04,2025-08-08,PREVIOUS,07/28～08/01,07/28～08/01,委託内訳,法人内訳,投資信託,SELL,702348586,2.7,
2025-08-01,stock_val_1_250801.xls,2025-08-W1,2025-08-04,2025-08-08,PREVIOUS,07/28～08/01,07/28～08/01,委託内訳,法人内訳,投資信託,BUY,761287170,2.9,58938584
2025-08-01,stock_val_1_250801.xls,2025-08-W1,2025-08-04,2025-08-08,CURRENT,2025-08-04,2025-08-08,委託内訳,法人内訳,投資信託,SELL,410800325,1.4,-38022283
2025-08-01,stock_val_1_250801.xls,2025-08-W1,2025-08-04,2025-08-08,CURRENT,2025-08-04,2025-08-08,委託内訳,法人内訳,投資信託,BUY,372778042,1.3,
2025-08-01,stock_val_1_250801.xls,2025-08-W1,2025-08-04,2025-08-08,PREVIOUS,07/28～08/01,07/28～08/01,委託内訳,法人内訳,事業法人,SELL,237166863,0.9,
2025-08-01,stock_val_1_250801.xls,2025-08-W1,2025-08-04,2025-08-08,PREVIOUS,07/28～08/01,07/28～08/01,委託内訳,法人内訳,事業法人,BUY,523769597,2.0,286602734
2025-08-01,stock_val_1_250801.xls,2025-08-W1,2025-08-04,2025-08-08,CURRENT,2025-08-04,2025-08-08,委託内訳,法人内訳,事業法人,SELL,316689327,1.0,
2025-08-01,stock_val_1_250801.xls,2025-08-W1,2025-08-04,2025-08-08,CURRENT,2025-08-04,2025-08-08,委託内訳,法人内訳,事業法人,BUY,562710168,1.9,246020841
2025-08-01,stock_val_1_250801.xls,2025-08-W1,2025-08-04,2025-08-08,PREVIOUS,07/28～08/01,07/28～08/01,委託内訳,法人内訳,その他法人等,SELL,80080427,0.3,
2025-08-01,stock_val_1_250801.xls,2025-08-W1,2025-08-04,2025-08-08,PREVIOUS,07/28～08/01,07/28～08/01,委託内訳,法人内訳,その他法人等,BUY,82057682,0.3,1977255
2025-08-01,stock_val_1_250801.xls,2025-08-W1,2025-08-04,2025-08-08,CURRENT,2025-08-04,2025-08-08,委託内訳,法人内訳,その他法人等,SELL,77504243,0.3,-15861037
2025-08-01,stock_val_1_250801.xls,2025-08-W1,2025-08-04,2025-08-08,CURRENT,2025-08-04,2025-08-08,委託内訳,法人内訳,その他法人等,BUY,61643206,0.2,
2025-08-01,stock_val_1_250801.xls,2025-08-W1,2025-08-04,2025-08-08,PREVIOUS,07/28～08/01,07/28～08/01,委託内訳,法人内訳,金融機関,SELL,1020844713,3.9,-415783161
2025-08-01,stock_val_1_250801.xls,2025-08-W1,2025-08-04,2025-08-08,PREVIOUS,07/28～08/01,07/28～08/01,委託内訳,法人内訳,金融機関,BUY,605061552,2.3,
2025-08-01,stock_val_1_250801.xls,2025-08-W1,2025-08-04,2025-08-08,CURRENT,2025-08-04,2025-08-08,委託内訳,法人内訳,金融機関,SELL,694816235,2.3,-214315566
2025-08-01,stock_val_1_250801.xls,2025-08-W1,2025-08-04,2025-08-08,CURRENT,2025-08-04,2025-08-08,委託内訳,法人内訳,金融機関,BUY,480500669,1.6,
2025-08-01,stock_val_1_250801.xls,2025-08-W1,2025-08-04,2025-08-08,PREVIOUS,07/28～08/01,07/28～08/01,委託内訳,金融機関内訳,生保・損保,SELL,296975902,1.1,-282071382
2025-08-01,stock_val_1_250801.xls,2025-08-W1,2025-08-04,2025-08-08,PREVIOUS,07/28～08/01,07/28～08/01,委託内訳,金融機関内訳,生保・損保,BUY,14904520,0.1,
2025-08-01,stock_val_1_250801.xls,2025-08-W1,2025-08-04,2025-08-08,CURRENT,2025-08-04,2025-08-08,委託内訳,金融機関内訳,生保・損保,SELL,56017651,0.2,-42587972
2025-08-01,stock_val_1_250801.xls,2025-08-W1,2025-08-04,2025-08-08,CURRENT,2025-08-04,2025-08-08,委託内訳,金融機関内訳,生保・損保,BUY,13429679,0.0,
2025-08-01,stock_val_1_250801.xls,2025-08-W1,2025-08-04,2025-08-08,PREVIOUS,07/28～08/01,07/28～08/01,委託内訳,金融機関内訳,都銀・地銀等,SELL,49392788,0.2,-36940117
2025-08-01,stock_val_1_250801.xls,2025-08-W1,2025-08-04,2025-08-08,PREVIOUS,07/28～08/01,07/28～08/01,委託内訳,金融機関内訳,都銀・地銀等,BUY,12452671,0.0,
2025-08-01,stock_val_1_250801.xls,2025-08-W1,2025-08-04,2025-08-08,CURRENT,2025-08-04,2025-08-08,委託内訳,金融機関内訳,都銀・地銀等,SELL,68999684,0.2,-53093331
2025-08-01,stock_val_1_250801.xls,2025-08-W1,2025-08-04,2025-08-08,CURRENT,2025-08-04,2025-08-08,委託内訳,金融機関内訳,都銀・地銀等,BUY,15906353,0.1,
2025-08-01,stock_val_1_250801.xls,2025-08-W1,2025-08-04,2025-08-08,PREVIOUS,07/28～08/01,07/28～08/01,委託内訳,金融機関内訳,信託銀行,SELL,656331896,2.5,-100216389
2025-08-01,stock_val_1_250801.xls,2025-08-W1,2025-08-04,2025-08-08,PREVIOUS,07/28～08/01,07/28～08/01,委託内訳,金融機関内訳,信託銀行,BUY,556115507,2.1,
2025-08-01,stock_val_1_250801.xls,2025-08-W1,2025-08-04,2025-08-08,CURRENT,2025-08-04,2025-08-08,委託内訳,金融機関内訳,信託銀行,SELL,533969368,1.8,-116562270
2025-08-01,stock_val_1_250801.xls,2025-08-W1,2025-08-04,2025-08-08,CURRENT,2025-08-04,2025-08-08,委託内訳,金融機関内訳,信託銀行,BUY,417407098,1.4,
2025-08-01,stock_val_1_250801.xls,2025-08-W1,2025-08-04,2025-08-08,PREVIOUS,07/28～08/01,07/28～08/01,委託内訳,金融機関内訳,その他金融機関,SELL,18144127,0.1,
2025-08-01,stock_val_1_250801.xls,2025-08-W1,2025-08-04,2025-08-08,PREVIOUS,07/28～08/01,07/28～08/01,委託内訳,金融機関内訳,その他金融機関,BUY,21588854,0.1,3444727
2025-08-01,stock_val_1_250801.xls,2025-08-W1,2025-08-04,2025-08-08,CURRENT,2025-08-04,2025-08-08,委託内訳,金融機関内訳,その他金融機関,SELL,35829532,0.1,-2071993
2025-08-01,stock_val_1_250801.xls,2025-08-W1,2025-08-04,2025-08-08,CURRENT,2025-08-04,2025-08-08,委託内訳,金融機関内訳,その他金融機関,BUY,33757539,0.1,
2025-08-02,stock_val_1_250802.xls,2025-08-W2,2025-08-12,2025-08-15,PREVIOUS,08/04～08/08,08/04～08/08,委託内訳,,法人,SELL,1499810130,4.9,-22178045
2025-08-02,stock_val_1_250802.xls,2025-08-W2,2025-08-12,2025-08-15,PREVIOUS,08/04～08/08,08/04～08/08,委託内訳,,法人,BUY,1477632085,5.0,
2025-08-02,stock_val_1_250802.xls,2025-08-W2,2025-08-12,2025-08-15,CURRENT,2025-08-12,2025-08-15,委託内訳,,法人,SELL,1545577859,5.7,-130627495
2025-08-02,stock_val_1_250802.xls,2025-08-W2,2025-08-12,2025-08-15,CURRENT,2025-08-12,2025-08-15,委託内訳,,法人,BUY,1414950364,5.3,
2025-08-02,stock_val_1_250802.xls,2025-08-W2,2025-08-12,2025-08-15,PREVIOUS,08/04～08/08,08/04～08/08,委託内訳,,個人,SELL,8847854531,29.1,-578057685
2025-08-02,stock_val_1_250802.xls,2025-08-W2,2025-08-12,2025-08-15,PREVIOUS,08/04～08/08,08/04～08/08,委託内訳,,個人,BUY,8269796846,27.8,
2025-08-02,stock_val_1_250802.xls,2025-08-W2,2025-08-12,2025-08-15,CURRENT,2025-08-12,2025-08-15,委託内訳,,個人,SELL,8886382479,32.6,-1125354016
2025-08-02,stock_val_1_250802.xls,2025-08-W2,2025-08-12,2025-08-15,CURRENT,2025-08-12,2025-08-15,委託内訳,,個人,BUY,7761028463,29.2,
2025-08-02,stock_val_1_250802.xls,2025-08-W2,2025-08-12,2025-08-15,PREVIOUS,08/04～08/08,08/04～08/08,委託内訳,,海外投資家,SELL,19878695646,65.4,-5334314
2025-08-02,stock_val_1_250802.xls,2025-08-W2,2025-08-12,2025-08-15,PREVIOUS,08/04～08/08,08/04～08/08,委託内訳,,海外投資家,BUY,19873361332,66.8,
2025-08-02,stock_val_1_250802.xls,2025-08-W2,2025-08-12,2025-08-15,CURRENT,2025-08-12,2025-08-15,委託内訳,,海外投資家,SELL,16691868129,61.2,
2025-08-02,stock_val_1_250802.xls,2025-08-W2,2025-08-12,2025-08-15,CURRENT,2025-08-12,2025-08-15,委託内訳,,海外投資家,BUY,17265643871,65.0,573775742
2025-08-02,stock_val_1_250802.xls,2025-08-W2,2025-08-12,2025-08-15,PREVIOUS,08/04～08/08,08/04～08/08,委託内訳,,証券会社,SELL,170835114,0.6,-19665860
2025-08-02,stock_val_1_250802.xls,2025-08-W2,2025-08-12,2025-08-15,PREVIOUS,08/04～08/08,08/04～08/08,委託内訳,,証券会社,BUY,151169254,0.5,
2025-08-02,stock_val_1_250802.xls,2025-08-W2,2025-08-12,2025-08-15,CURRENT,2025-08-12,2025-08-15,委託内訳,,証券会社,SELL,135554820,0.5,-28171336
2025-08-02,stock_val_1_250802.xls,2025-08-W2,2025-08-12,2025-08-15,CURRENT,2025-08-12,2025-08-15,委託内訳,,証券会社,BUY,107383484,0.4,
2025-08-02,stock_val_1_250802.xls,2025-08-W2,2025-08-12,2025-08-15,PREVIOUS,08/04～08/08,08/04～08/08,委託内訳,法人内訳,投資信託,SELL,410800325,1.4,-38022283
2025-08-02,stock_val_1_250802.xls,2025-08-W2,2025-08-12,2025-08-15,PREVIOUS,08/04～08/08,08/04～08/08,委託内訳,法人内訳,投資信託,BUY,372778042,1.3,
2025-08-02,stock_val_1_250802.xls,2025-08-W2,2025-08-12,2025-08-15,CURRENT,2025-08-12,2025-08-15,委託内訳,法人内訳,投資信託,SELL,456623724,1.7,
2025-08-02,stock_val_1_250802.xls,2025-08-W2,2025-08-12,2025-08-15,CURRENT,2025-08-12,2025-08-15,委託内訳,法人内訳,投資信託,BUY,466594954,1.8,9971230
2025-08-02,stock_val_1_250802.xls,2025-08-W2,2025-08-12,2025-08-15,PREVIOUS,08/04～08/08,08/04～08/08,委託内訳,法人内訳,事業法人,SELL,316689327,1.0,
2025-08-02,stock_val_1_250802.xls,2025-08-W2,2025-08-12,2025-08-15,PREVIOUS,08/04～08/08,08/04～08/08,委託内訳,法人内訳,事業法人,BUY,562710168,1.9,246020841
2025-08-02,stock_val_1_250802.xls,2025-08-W2,2025-08-12,2025-08-15,CURRENT,2025-08-12,2025-08-15,委託内訳,法人内訳,事業法人,SELL,315103300,1.2,
2025-08-02,stock_val_1_250802.xls,2025-08-W2,2025-08-12,2025-08-15,CURRENT,2025-08-12,2025-08-15,委託内訳,法人内訳,事業法人,BUY,496224493,1.9,181121193
2025-08-02,stock_val_1_250802.xls,2025-08-W2,2025-08-12,2025-08-15,PREVIOUS,08/04～08/08,08/04～08/08,委託内訳,法人内訳,その他法人等,SELL,77504243,0.3,-15861037
2025-08-02,stock_val_1_250802.xls,2025-08-W2,2025-08-12,2025-08-15,PREVIOUS,08/04～08/08,08/04～08/08,委託内訳,法人内訳,その他法人等,BUY,61643206,0.2,
2025-08-02,stock_val_1_250802.xls,2025-08-W2,2025-08-12,2025-08-15,CURRENT,2025-08-12,2025-08-15,委託内訳,法人内訳,その他法人等,SELL,70806474,0.3,-23030224
2025-08-02,stock_val_1_250802.xls,2025-08-W2,2025-08-12,2025-08-15,CURRENT,2025-08-12,2025-08-15,委託内訳,法人内訳,その他法人等,BUY,47776250,0.2,
2025-08-02,stock_val_1_250802.xls,2025-08-W2,2025-08-12,2025-08-15,PREVIOUS,08/04～08/08,08/04～08/08,委託内訳,法人内訳,金融機関,SELL,694816235,2.3,-214315566
2025-08-02,stock_val_1_250802.xls,2025-08-W2,2025-08-12,2025-08-15,PREVIOUS,08/04～08/08,08/04～08/08,委託内訳,法人内訳,金融機関,BUY,480500669,1.6,
2025-08-02,stock_val_1_250802.xls,2025-08-W2,2025-08-12,2025-08-15,CURRENT,2025-08-12,2025-08-15,委託内訳,法人内訳,金融機関,SELL,703044361,2.6,-298689694
2025-08-02,stock_val_1_250802.xls,2025-08-W2,2025-08-12,2025-08-15,CURRENT,2025-08-12,2025-08-15,委託内訳,法人内訳,金融機関,BUY,404354667,1.5,
2025-08-02,stock_val_1_250802.xls,2025-08-W2,2025-08-12,2025-08-15,PREVIOUS,08/04～08/08,08/04～08/08,委託内訳,金融機関内訳,生保・損保,SELL,56017651,0.2,-42587972
2025-08-02,stock_val_1_250802.xls,2025-08-W2,2025-08-12,2025-08-15,PREVIOUS,08/04～08/08,08/04～08/08,委託内訳,金融機関内訳,生保・損保,BUY,13429679,0.0,
2025-08-02,stock_val_1_250802.xls,2025-08-W2,2025-08-12,2025-08-15,CURRENT,2025-08-12,2025-08-15,委託内訳,金融機関内訳,生保・損保,SELL,45925767,0.2,-39562370
2025-08-02,stock_val_1_250802.xls,2025-08-W2,2025-08-12,2025-08-15,CURRENT,2025-08-12,2025-08-15,委託内訳,金融機関内訳,生保・損保,BUY,6363397,0.0,
2025-08-02,stock_val_1_250802.xls,2025-08-W2,2025-08-12,2025-08-15,PREVIOUS,08/04～08/08,08/04～08/08,委託内訳,金融機関内訳,都銀・地銀等,SELL,68999684,0.2,-53093331
2025-08-02,stock_val_1_250802.xls,2025-08-W2,2025-08-12,2025-08-15,PREVIOUS,08/04～08/08,08/04～08/08,委託内訳,金融機関内訳,都銀・地銀等,BUY,15906353,0.1,
2025-08-02,stock_val_1_250802.xls,2025-08-W2,2025-08-12,2025-08-15,CURRENT,2025-08-12,2025-08-15,委託内訳,金融機関内訳,都銀・地銀等,SELL,50841562,0.2,-41224989
2025-08-02,stock_val_1_250802.xls,2025-08-W2,2025-08-12,2025-08-15,CURRENT,2025-08-12,2025-08-15,委託内訳,金融機関内訳,都銀・地銀等,BUY,9616573,0.0,
2025-08-02,stock_val_1_250802.xls,2025-08-W2,2025-08-12,2025-08-15,PREVIOUS,08/04～08/08,08/04～08/08,委託内訳,金融機関内訳,信託銀行,SELL,533969368,1.8,-116562270
2025-08-02,stock_val_1_250802.xls,2025-08-W2,2025-08-12,2025-08-15,PREVIOUS,08/04～08/08,08/04～08/08,委託内訳,金融機関内訳,信託銀行,BUY,417407098,1.4,
2025-08-02,stock_val_1_250802.xls,2025-08-W2,2025-08-12,2025-08-15,CURRENT,2025-08-12,2025-08-15,委託内訳,金融機関内訳,信託銀行,SELL,576876910,2.1,-216505472
2025-08-02,stock_val_1_250802.xls,2025-08-W2,2025-08-12,2025-08-15,CURRENT,2025-08-12,2025-08-15,委託内訳,金融機関内訳,信託銀行,BUY,360371438,1.4,
2025-08-02,stock_val_1_250802.xls,2025-08-W2,2025-08-12,2025-08-15,PREVIOUS,08/04～08/08,08/04～08/08,委託内訳,金融機関内訳,その他金融機関,SELL,35829532,0.1,-2071993
2025-08-02,stock_val_1_250802.xls,2025-08-W2,2025-08-12,2025-08-15,PREVIOUS,08/04～08/08,08/04～08/08,委託内訳,金融機関内訳,その他金融機関,BUY,33757539,0.1,
2025-08-02,stock_val_1_250802.xls,2025-08-W2,2025-08-12,2025-08-15,CURRENT,2025-08-12,2025-08-15,委託内訳,金融機関内訳,その他金融機関,SELL,29400122,0.1,-1396863
2025-08-02,stock_val_1_250802.xls,2025-08-W2,2025-08-12,2025-08-15,CURRENT,2025-08-12,2025-08-15,委託内訳,金融機関内訳,その他金融機関,BUY,28003259,0.1,
2025-08-03,stock_val_1_250803.xls,2025-08-W3,2025-08-18,2025-08-22,PREVIOUS,08/12～08/15,08/12～08/15,委託内訳,,法人,SELL,1545577859,5.7,-130627495
2025-08-03,stock_val_1_250803.xls,2025-08-W3,2025-08-18,2025-08-22,PREVIOUS,08/12～08/15,08/12～08/15,委託内訳,,法人,BUY,1414950364,5.3,
2025-08-03,stock_val_1_250803.xls,2025-08-W3,2025-08-18,2025-08-22,CURRENT,2025-08-18,2025-08-22,委託内訳,,法人,SELL,1591936778,6.1,-156983708
2025-08-03,stock_val_1_250803.xls,2025-08-W3,2025-08-18,2025-08-22,CURRENT,2025-08-18,2025-08-22,委託内訳,,法人,BUY,1434953070,5.6,
2025-08-03,stock_val_1_250803.xls,2025-08-W3,2025-08-18,2025-08-22,PREVIOUS,08/12～08/15,08/12～08/15,委託内訳,,個人,SELL,8886382479,32.6,-1125354016
2025-08-03,stock_val_1_250803.xls,2025-08-W3,2025-08-18,2025-08-22,PREVIOUS,08/12～08/15,08/12～08/15,委託内訳,,個人,BUY,7761028463,29.2,
2025-08-03,stock_val_1_250803.xls,2025-08-W3,2025-08-18,2025-08-22,CURRENT,2025-08-18,2025-08-22,委託内訳,,個人,SELL,7920041571,30.5,
2025-08-03,stock_val_1_250803.xls,2025-08-W3,2025-08-18,2025-08-22,CURRENT,2025-08-18,2025-08-22,委託内訳,,個人,BUY,8070239657,31.4,150198086
2025-08-03,stock_val_1_250803.xls,2025-08-W3,2025-08-18,2025-08-22,PREVIOUS,08/12～08/15,08/12～08/15,委託内訳,,海外投資家,SELL,16691868129,61.2,
2025-08-03,stock_val_1_250803.xls,2025-08-W3,2025-08-18,2025-08-22,PREVIOUS,08/12～08/15,08/12～08/15,委託内訳,,海外投資家,BUY,17265643871,65.0,573775742
2025-08-03,stock_val_1_250803.xls,2025-08-W3,2025-08-18,2025-08-22,CURRENT,2025-08-18,2025-08-22,委託内訳,,海外投資家,SELL,16295932237,62.8,-198867487
2025-08-03,stock_val_1_250803.xls,2025-08-W3,2025-08-18,2025-08-22,CURRENT,2025-08-18,2025-08-22,委託内訳,,海外投資家,BUY,16097064750,62.6,
2025-08-03,stock_val_1_250803.xls,2025-08-W3,2025-08-18,2025-08-22,PREVIOUS,08/12～08/15,08/12～08/15,委託内訳,,証券会社,SELL,135554820,0.5,-28171336
2025-08-03,stock_val_1_250803.xls,2025-08-W3,2025-08-18,2025-08-22,PREVIOUS,08/12～08/15,08/12～08/15,委託内訳,,証券会社,BUY,107383484,0.4,
2025-08-03,stock_val_1_250803.xls,2025-08-W3,2025-08-18,2025-08-22,CURRENT,2025-08-18,2025-08-22,委託内訳,,証券会社,SELL,128535680,0.5,-2943779
2025-08-03,stock_val_1_250803.xls,2025-08-W3,2025-08-18,2025-08-22,CURRENT,2025-08-18,2025-08-22,委託内訳,,証券会社,BUY,125591901,0.5,
2025-08-03,stock_val_1_250803.xls,2025-08-W3,2025-08-18,2025-08-22,PREVIOUS,08/12～08/15,08/12～08/15,委託内訳,法人内訳,投資信託,SELL,456623724,1.7,
2025-08-03,stock_val_1_250803.xls,2025-08-W3,2025-08-18,2025-08-22,PREVIOUS,08/12～08/15,08/12～08/15,委託内訳,法人内訳,投資信託,BUY,466594954,1.8,9971230
2025-08-03,stock_val_1_250803.xls,2025-08-W3,2025-08-18,2025-08-22,CURRENT,2025-08-18,2025-08-22,委託内訳,法人内訳,投資信託,SELL,620222550,2.4,-291042745
2025-08-03,stock_val_1_250803.xls,2025-08-W3,2025-08-18,2025-08-22,CURRENT,2025-08-18,2025-08-22,委託内訳,法人内訳,投資信託,BUY,329179805,1.3,
2025-08-03,stock_val_1_250803.xls,2025-08-W3,2025-08-18,2025-08-22,PREVIOUS,08/12～08/15,08/12～08/15,委託内訳,法人内訳,事業法人,SELL,315103300,1.2,
2025-08-03,stock_val_1_250803.xls,2025-08-W3,2025-08-18,2025-08-22,PREVIOUS,08/12～08/15,08/12～08/15,委託内訳,法人内訳,事業法人,BUY,496224493,1.9,181121193
2025-08-03,stock_val_1_250803.xls,2025-08-W3,2025-08-18,2025-08-22,CURRENT,2025-08-18,2025-08-22,委託内訳,法人内訳,事業法人,SELL,321308449,1.2,
2025-08-03,stock_val_1_250803.xls,2025-08-W3,2025-08-18,2025-08-22,CURRENT,2025-08-18,2025-08-22,委託内訳,法人内訳,事業法人,BUY,558751370,2.2,237442921
2025-08-03,stock_val_1_250803.xls,2025-08-W3,2025-08-18,2025-08-22,PREVIOUS,08/12～08/15,08/12～08/15,委託内訳,法人内訳,その他法人等,SELL,70806474,0.3,-23030224
2025-08-03,stock_val_1_250803.xls,2025-08-W3,2025-08-18,2025-08-22,PREVIOUS,08/12～08/15,08/12～08/15,委託内訳,法人内訳,その他法人等,BUY,47776250,0.2,
2025-08-03,stock_val_1_250803.xls,2025-08-W3,2025-08-18,2025-08-22,CURRENT,2025-08-18,2025-08-22,委託内訳,法人内訳,その他法人等,SELL,57676478,0.2,
2025-08-03,stock_val_1_250803.xls,2025-08-W3,2025-08-18,2025-08-22,CURRENT,2025-08-18,2025-08-22,委託内訳,法人内訳,その他法人等,BUY,59294821,0.2,1618343
2025-08-03,stock_val_1_250803.xls,2025-08-W3,2025-08-18,2025-08-22,PREVIOUS,08/12～08/15,08/12～08/15,委託内訳,法人内訳,金融機関,SELL,703044361,2.6,-298689694
2025-08-03,stock_val_1_250803.xls,2025-08-W3,2025-08-18,2025-08-22,PREVIOUS,08/12～08/15,08/12～08/15,委託内訳,法人内訳,金融機関,BUY,404354667,1.5,
2025-08-03,stock_val_1_250803.xls,2025-08-W3,2025-08-18,2025-08-22,CURRENT,2025-08-18,2025-08-22,委託内訳,法人内訳,金融機関,SELL,592729301,2.3,-105002227
2025-08-03,stock_val_1_250803.xls,2025-08-W3,2025-08-18,2025-08-22,CURRENT,2025-08-18,2025-08-22,委託内訳,法人内訳,金融機関,BUY,487727074,1.9,
2025-08-03,stock_val_1_250803.xls,2025-08-W3,2025-08-18,2025-08-22,PREVIOUS,08/12～08/15,08/12～08/15,委託内訳,金融機関内訳,生保・損保,SELL,45925767,0.2,-39562370
2025-08-03,stock_val_1_250803.xls,2025-08-W3,2025-08-18,2025-08-22,PREVIOUS,08/12～08/15,08/12～08/15,委託内訳,金融機関内訳,生保・損保,BUY,6363397,0.0,
2025-08-03,stock_val_1_250803.xls,2025-08-W3,2025-08-18,2025-08-22,CURRENT,2025-08-18,2025-08-22,委託内訳,金融機関内訳,生保・損保,SELL,65125154,0.3,-59616424
2025-08-03,stock_val_1_250803.xls,2025-08-W3,2025-08-18,2025-08-22,CURRENT,2025-08-18,2025-08-22,委託内訳,金融機関内訳,生保・損保,BUY,5508730,0.0,
2025-08-03,stock_val_1_250803.xls,2025-08-W3,2025-08-18,2025-08-22,PREVIOUS,08/12～08/15,08/12～08/15,委託内訳,金融機関内訳,都銀・地銀等,SELL,50841562,0.2,-41224989
2025-08-03,stock_val_1_250803.xls,2025-08-W3,2025-08-18,2025-08-22,PREVIOUS,08/12～08/15,08/12～08/15,委託内訳,金融機関内訳,都銀・地銀等,BUY,9616573,0.0,
2025-08-03,stock_val_1_250803.xls,2025-08-W3,2025-08-18,2025-08-22,CURRENT,2025-08-18,2025-08-22,委託内訳,金融機関内訳,都銀・地銀等,SELL,51109501,0.2,-41723598
2025-08-03,stock_val_1_250803.xls,2025-08-W3,2025-08-18,2025-08-22,CURRENT,2025-08-18,2025-08-22,委託内訳,金融機関内訳,都銀・地銀等,BUY,9385903,0.0,
2025-08-03,stock_val_1_250803.xls,2025-08-W3,2025-08-18,2025-08-22,PREVIOUS,08/12～08/15,08/12～08/15,委託内訳,金融機関内訳,信託銀行,SELL,576876910,2.1,-216505472
2025-08-03,stock_val_1_250803.xls,2025-08-W3,2025-08-18,2025-08-22,PREVIOUS,08/12～08/15,08/12～08/15,委託内訳,金融機関内訳,信託銀行,BUY,360371438,1.4,
2025-08-03,stock_val_1_250803.xls,2025-08-W3,2025-08-18,2025-08-22,CURRENT,2025-08-18,2025-08-22,委託内訳,金融機関内訳,信託銀行,SELL,446680506,1.7,
2025-08-03,stock_val_1_250803.xls,2025-08-W3,2025-08-18,2025-08-22,CURRENT,2025-08-18,2025-08-22,委託内訳,金融機関内訳,信託銀行,BUY,447975565,1.7,1295059
2025-08-03,stock_val_1_250803.xls,2025-08-W3,2025-08-18,2025-08-22,PREVIOUS,08/12～08/15,08/12～08/15,委託内訳,金融機関内訳,その他金融機関,SELL,29400122,0.1,-1396863
2025-08-03,stock_val_1_250803.xls,2025-08-W3,2025-08-18,2025-08-22,PREVIOUS,08/12～08/15,08/12～08/15,委託内訳,金融機関内訳,その他金融機関,BUY,28003259,0.1,
2025-08-03,stock_val_1_250803.xls,2025-08-W3,2025-08-18,2025-08-22,CURRENT,2025-08-18,2025-08-22,委託内訳,金融機関内訳,その他金融機関,SELL,29814140,0.1,-4957264
2025-08-03,stock_val_1_250803.xls,2025-08-W3,2025-08-18,2025-08-22,CURRENT,2025-08-18,2025-08-22,委託内訳,金融機関内訳,その他金融機関,BUY,24856876,0.1,
2025-08-04,stock_val_1_250804.xls,2025-08-W4,2025-08-25,2025-08-29,PREVIOUS,08/18～08/22,08/18～08/22,委託内訳,,法人,SELL,1591936778,6.1,-156983708
2025-08-04,stock_val_1_250804.xls,2025-08-W4,2025-08-25,2025-08-29,PREVIOUS,08/18～08/22,08/18～08/22,委託内訳,,法人,BUY,1434953070,5.6,
2025-08-04,stock_val_1_250804.xls,2025-08-W4,2025-08-25,2025-08-29,CURRENT,2025-08-25,2025-08-29,委託内訳,,法人,SELL,2463932845,9.2,-415331183
2025-08-04,stock_val_1_250804.xls,2025-08-W4,2025-08-25,2025-08-29,CURRENT,2025-08-25,2025-08-29,委託内訳,,法人,BUY,2048601662,7.8,
2025-08-04,stock_val_1_250804.xls,2025-08-W4,2025-08-25,2025-08-29,PREVIOUS,08/18～08/22,08/18～08/22,委託内訳,,個人,SELL,7920041571,30.5,
2025-08-04,stock_val_1_250804.xls,2025-08-W4,2025-08-25,2025-08-29,PREVIOUS,08/18～08/22,08/18～08/22,委託内訳,,個人,BUY,8070239657,31.4,150198086
2025-08-04,stock_val_1_250804.xls,2025-08-W4,2025-08-25,2025-08-29,CURRENT,2025-08-25,2025-08-29,委託内訳,,個人,SELL,7078431488,26.5,
2025-08-04,stock_val_1_250804.xls,2025-08-W4,2025-08-25,2025-08-29,CURRENT,2025-08-25,2025-08-29,委託内訳,,個人,BUY,7491910043,28.4,413478555
2025-08-04,stock_val_1_250804.xls,2025-08-W4,2025-08-25,2025-08-29,PREVIOUS,08/18～08/22,08/18～08/22,委託内訳,,海外投資家,SELL,16295932237,62.8,-198867487
2025-08-04,stock_val_1_250804.xls,2025-08-W4,2025-08-25,2025-08-29,PREVIOUS,08/18～08/22,08/18～08/22,委託内訳,,海外投資家,BUY,16097064750,62.6,
2025-08-04,stock_val_1_250804.xls,2025-08-W4,2025-08-25,2025-08-29,CURRENT,2025-08-25,2025-08-29,委託内訳,,海外投資家,SELL,17039077356,63.8,-303154299
2025-08-04,stock_val_1_250804.xls,2025-08-W4,2025-08-25,2025-08-29,CURRENT,2025-08-25,2025-08-29,委託内訳,,海外投資家,BUY,16735923057,63.4,
2025-08-04,stock_val_1_250804.xls,2025-08-W4,2025-08-25,2025-08-29,PREVIOUS,08/18～08/22,08/18～08/22,委託内訳,,証券会社,SELL,128535680,0.5,-2943779
2025-08-04,stock_val_1_250804.xls,2025-08-W4,2025-08-25,2025-08-29,PREVIOUS,08/18～08/22,08/18～08/22,委託内訳,,証券会社,BUY,125591901,0.5,
2025-08-04,stock_val_1_250804.xls,2025-08-W4,2025-08-25,2025-08-29,CURRENT,2025-08-25,2025-08-29,委託内訳,,証券会社,SELL,108817218,0.4,
2025-08-04,stock_val_1_250804.xls,2025-08-W4,2025-08-25,2025-08-29,CURRENT,2025-08-25,2025-08-29,委託内訳,,証券会社,BUY,112271171,0.4,3453953
2025-08-04,stock_val_1_250804.xls,2025-08-W4,2025-08-25,2025-08-29,PREVIOUS,08/18～08/22,08/18～08/22,委託内訳,法人内訳,投資信託,SELL,620222550,2.4,-291042745
2025-08-04,stock_val_1_250804.xls,2025-08-W4,2025-08-25,2025-08-29,PREVIOUS,08/18～08/22,08/18～08/22,委託内訳,法人内訳,投資信託,BUY,329179805,1.3,
2025-08-04,stock_val_1_250804.xls,2025-08-W4,2025-08-25,2025-08-29,CURRENT,2025-08-25,2025-08-29,委託内訳,法人内訳,投資信託,SELL,835834828,3.1,-213869523
2025-08-04,stock_val_1_250804.xls,2025-08-W4,2025-08-25,2025-08-29,CURRENT,2025-08-25,2025-08-29,委託内訳,法人内訳,投資信託,BUY,621965305,2.4,
2025-08-04,stock_val_1_250804.xls,2025-08-W4,2025-08-25,2025-08-29,PREVIOUS,08/18～08/22,08/18～08/22,委託内訳,法人内訳,事業法人,SELL,321308449,1.2,
2025-08-04,stock_val_1_250804.xls,2025-08-W4,2025-08-25,2025-08-29,PREVIOUS,08/18～08/22,08/18～08/22,委託内訳,法人内訳,事業法人,BUY,558751370,2.2,237442921
2025-08-04,stock_val_1_250804.xls,2025-08-W4,2025-08-25,2025-08-29,CURRENT,2025-08-25,2025-08-29,委託内訳,法人内訳,事業法人,SELL,215158183,0.8,
2025-08-04,stock_val_1_250804.xls,2025-08-W4,2025-08-25,2025-08-29,CURRENT,2025-08-25,2025-08-29,委託内訳,法人内訳,事業法人,BUY,630437210,2.4,415279027
2025-08-04,stock_val_1_250804.xls,2025-08-W4,2025-08-25,2025-08-29,PREVIOUS,08/18～08/22,08/18～08/22,委託内訳,法人内訳,その他法人等,SELL,57676478,0.2,
2025-08-04,stock_val_1_250804.xls,2025-08-W4,2025-08-25,2025-08-29,PREVIOUS,08/18～08/22,08/18～08/22,委託内訳,法人内訳,その他法人等,BUY,59294821,0.2,1618343
2025-08-04,stock_val_1_250804.xls,2025-08-W4,2025-08-25,2025-08-29,CURRENT,2025-08-25,2025-08-29,委託内訳,法人内訳,その他法人等,SELL,182425039,0.7,-94239512
2025-08-04,stock_val_1_250804.xls,2025-08-W4,2025-08-25,2025-08-29,CURRENT,2025-08-25,2025-08-29,委託内訳,法人内訳,その他法人等,BUY,88185527,0.3,
2025-08-04,stock_val_1_250804.xls,2025-08-W4,2025-08-25,2025-08-29,PREVIOUS,08/18～08/22,08/18～08/22,委託内訳,法人内訳,金融機関,SELL,592729301,2.3,-105002227
2025-08-04,stock_val_1_250804.xls,2025-08-W4,2025-08-25,2025-08-29,PREVIOUS,08/18～08/22,08/18～08/22,委託内訳,法人内訳,金融機関,BUY,487727074,1.9,
2025-08-04,stock_val_1_250804.xls,2025-08-W4,2025-08-25,2025-08-29,CURRENT,2025-08-25,2025-08-29,委託内訳,法人内訳,金融機関,SELL,1230514795,4.6,-522501175
2025-08-04,stock_val_1_250804.xls,2025-08-W4,2025-08-25,2025-08-29,CURRENT,2025-08-25,2025-08-29,委託内訳,法人内訳,金融機関,BUY,708013620,2.7,
2025-08-04,stock_val_1_250804.xls,2025-08-W4,2025-08-25,2025-08-29,PREVIOUS,08/18～08/22,08/18～08/22,委託内訳,金融機関内訳,生保・損保,SELL,65125154,0.3,-59616424
2025-08-04,stock_val_1_250804.xls,2025-08-W4,2025-08-25,2025-08-29,PREVIOUS,08/18～08/22,08/18～08/22,委託内訳,金融機関内訳,生保・損保,BUY,5508730,0.0,
2025-08-04,stock_val_1_250804.xls,2025-08-W4,2025-08-25,2025-08-29,CURRENT,2025-08-25,2025-08-29,委託内訳,金融機関内訳,生保・損保,SELL,82388467,0.3,-58901981
2025-08-04,stock_val_1_250804.xls,2025-08-W4,2025-08-25,2025-08-29,CURRENT,2025-08-25,2025-08-29,委託内訳,金融機関内訳,生保・損保,BUY,23486486,0.1,
2025-08-04,stock_val_1_250804.xls,2025-08-W4,2025-08-25,2025-08-29,PREVIOUS,08/18～08/22,08/18～08/22,委託内訳,金融機関内訳,都銀・地銀等,SELL,51109501,0.2,-41723598
2025-08-04,stock_val_1_250804.xls,2025-08-W4,2025-08-25,2025-08-29,PREVIOUS,08/18～08/22,08/18～08/22,委託内訳,金融機関内訳,都銀・地銀等,BUY,9385903,0.0,
2025-08-04,stock_val_1_250804.xls,2025-08-W4,2025-08-25,2025-08-29,CURRENT,2025-08-25,2025-08-29,委託内訳,金融機関内訳,都銀・地銀等,SELL,54066631,0.2,-16090014
2025-08-04,stock_val_1_250804.xls,2025-08-W4,2025-08-25,2025-08-29,CURRENT,2025-08-25,2025-08-29,委託内訳,金融機関内訳,都銀・地銀等,BUY,37976617,0.1,
2025-08-04,stock_val_1_250804.xls,2025-08-W4,2025-08-25,2025-08-29,PREVIOUS,08/18～08/22,08/18～08/22,委託内訳,金融機関内訳,信託銀行,SELL,446680506,1.7,
2025-08-04,stock_val_1_250804.xls,2025-08-W4,2025-08-25,2025-08-29,PREVIOUS,08/18～08/22,08/18～08/22,委託内訳,金融機関内訳,信託銀行,BUY,447975565,1.7,1295059
2025-08-04,stock_val_1_250804.xls,2025-08-W4,2025-08-25,2025-08-29,CURRENT,2025-08-25,2025-08-29,委託内訳,金融機関内訳,信託銀行,SELL,1064105680,4.0,-446135282
2025-08-04,stock_val_1_250804.xls,2025-08-W4,2025-08-25,2025-08-29,CURRENT,2025-08-25,2025-08-29,委託内訳,金融機関内訳,信託銀行,BUY,617970398,2.3,
2025-08-04,stock_val_1_250804.xls,2025-08-W4,2025-08-25,2025-08-29,PREVIOUS,08/18～08/22,08/18～08/22,委託内訳,金融機関内訳,その他金融機関,SELL,29814140,0.1,-4957264
2025-08-04,stock_val_1_250804.xls,2025-08-W4,2025-08-25,2025-08-29,PREVIOUS,08/18～08/22,08/18～08/22,委託内訳,金融機関内訳,その他金融機関,BUY,24856876,0.1,
2025-08-04,stock_val_1_250804.xls,2025-08-W4,2025-08-25,2025-08-29,CURRENT,2025-08-25,2025-08-29,委託内訳,金融機関内訳,その他金融機関,SELL,29954017,0.1,-1373898
2025-08-04,stock_val_1_250804.xls,2025-08-W4,2025-08-25,2025-08-29,CURRENT,2025-08-25,2025-08-29,委託内訳,金融機関内訳,その他金融機関,BUY,28580119,0.1,
2025-09-01,stock_val_1_250901.xls,2025-09-W1,2025-09-01,2025-09-05,PREVIOUS,08/25～08/29,08/25～08/29,委託内訳,,法人,SELL,2463932845,9.2,-415331183
2025-09-01,stock_val_1_250901.xls,2025-09-W1,2025-09-01,2025-09-05,PREVIOUS,08/25～08/29,08/25～08/29,委託内訳,,法人,BUY,2048601662,7.8,
2025-09-01,stock_val_1_250901.xls,2025-09-W1,2025-09-01,2025-09-05,CURRENT,2025-09-01,2025-09-05,委託内訳,,法人,SELL,2075830577,8.5,-279435636
2025-09-01,stock_val_1_250901.xls,2025-09-W1,2025-09-01,2025-09-05,CURRENT,2025-09-01,2025-09-05,委託内訳,,法人,BUY,1796394941,7.4,
2025-09-01,stock_val_1_250901.xls,2025-09-W1,2025-09-01,2025-09-05,PREVIOUS,08/25～08/29,08/25～08/29,委託内訳,,個人,SELL,7078431488,26.5,
2025-09-01,stock_val_1_250901.xls,2025-09-W1,2025-09-01,2025-09-05,PREVIOUS,08/25～08/29,08/25～08/29,委託内訳,,個人,BUY,7491910043,28.4,413478555
2025-09-01,stock_val_1_250901.xls,2025-09-W1,2025-09-01,2025-09-05,CURRENT,2025-09-01,2025-09-05,委託内訳,,個人,SELL,7222096969,29.7,
2025-09-01,stock_val_1_250901.xls,2025-09-W1,2025-09-01,2025-09-05,CURRENT,2025-09-01,2025-09-05,委託内訳,,個人,BUY,7387880065,30.4,165783096
2025-09-01,stock_val_1_250901.xls,2025-09-W1,2025-09-01,2025-09-05,PREVIOUS,08/25～08/29,08/25～08/29,委託内訳,,海外投資家,SELL,17039077356,63.8,-303154299
2025-09-01,stock_val_1_250901.xls,2025-09-W1,2025-09-01,2025-09-05,PREVIOUS,08/25～08/29,08/25～08/29,委託内訳,,海外投資家,BUY,16735923057,63.4,
2025-09-01,stock_val_1_250901.xls,2025-09-W1,2025-09-01,2025-09-05,CURRENT,2025-09-01,2025-09-05,委託内訳,,海外投資家,SELL,14878262545,61.3,
2025-09-01,stock_val_1_250901.xls,2025-09-W1,2025-09-01,2025-09-05,CURRENT,2025-09-01,2025-09-05,委託内訳,,海外投資家,BUY,15009708395,61.8,131445850
2025-09-01,stock_val_1_250901.xls,2025-09-W1,2025-09-01,2025-09-05,PREVIOUS,08/25～08/29,08/25～08/29,委託内訳,,証券会社,SELL,108817218,0.4,
2025-09-01,stock_val_1_250901.xls,2025-09-W1,2025-09-01,2025-09-05,PREVIOUS,08/25～08/29,08/25～08/29,委託内訳,,証券会社,BUY,112271171,0.4,3453953
2025-09-01,stock_val_1_250901.xls,2025-09-W1,2025-09-01,2025-09-05,CURRENT,2025-09-01,2025-09-05,委託内訳,,証券会社,SELL,103549228,0.4,
2025-09-01,stock_val_1_250901.xls,2025-09-W1,2025-09-01,2025-09-05,CURRENT,2025-09-01,2025-09-05,委託内訳,,証券会社,BUY,111567488,0.5,8018260
2025-09-01,stock_val_1_250901.xls,2025-09-W1,2025-09-01,2025-09-05,PREVIOUS,08/25～08/29,08/25～08/29,委託内訳,法人内訳,投資信託,SELL,835834828,3.1,-213869523
2025-09-01,stock_val_1_250901.xls,2025-09-W1,2025-09-01,2025-09-05,PREVIOUS,08/25～08/29,08/25～08/29,委託内訳,法人内訳,投資信託,BUY,621965305,2.4,
2025-09-01,stock_val_1_250901.xls,2025-09-W1,2025-09-01,2025-09-05,CURRENT,2025-09-01,2025-09-05,委託内訳,法人内訳,投資信託,SELL,596290306,2.5,-93920852
2025-09-01,stock_val_1_250901.xls,2025-09-W1,2025-09-01,2025-09-05,CURRENT,2025-09-01,2025-09-05,委託内訳,法人内訳,投資信託,BUY,502369454,2.1,
2025-09-01,stock_val_1_250901.xls,2025-09-W1,2025-09-01,2025-09-05,PREVIOUS,08/25～08/29,08/25～08/29,委託内訳,法人内訳,事業法人,SELL,215158183,0.8,
2025-09-01,stock_val_1_250901.xls,2025-09-W1,2025-09-01,2025-09-05,PREVIOUS,08/25～08/29,08/25～08/29,委託内訳,法人内訳,事業法人,BUY,630437210,2.4,415279027
2025-09-01,stock_val_1_250901.xls,2025-09-W1,2025-09-01,2025-09-05,CURRENT,2025-09-01,2025-09-05,委託内訳,法人内訳,事業法人,SELL,289383127,1.2,
2025-09-01,stock_val_1_250901.xls,2025-09-W1,2025-09-01,2025-09-05,CURRENT,2025-09-01,2025-09-05,委託内訳,法人内訳,事業法人,BUY,614682980,2.5,325299853
2025-09-01,stock_val_1_250901.xls,2025-09-W1,2025-09-01,2025-09-05,PREVIOUS,08/25～08/29,08/25～08/29,委託内訳,法人内訳,その他法人等,SELL,182425039,0.7,-94239512
2025-09-01,stock_val_1_250901.xls,2025-09-W1,2025-09-01,2025-09-05,PREVIOUS,08/25～08/29,08/25～08/29,委託内訳,法人内訳,その他法人等,BUY,88185527,0.3,
2025-09-01,stock_val_1_250901.xls,2025-09-W1,2025-09-01,2025-09-05,CURRENT,2025-09-01,2025-09-05,委託内訳,法人内訳,その他法人等,SELL,63076959,0.3,-12583120
2025-09-01,stock_val_1_250901.xls,2025-09-W1,2025-09-01,2025-09-05,CURRENT,2025-09-01,2025-09-05,委託内訳,法人内訳,その他法人等,BUY,50493839,0.2,
2025-09-01,stock_val_1_250901.xls,2025-09-W1,2025-09-01,2025-09-05,PREVIOUS,08/25～08/29,08/25～08/29,委託内訳,法人内訳,金融機関,SELL,1230514795,4.6,-522501175
2025-09-01,stock_val_1_250901.xls,2025-09-W1,2025-09-01,2025-09-05,PREVIOUS,08/25～08/29,08/25～08/29,委託内訳,法人内訳,金融機関,BUY,708013620,2.7,
2025-09-01,stock_val_1_250901.xls,2025-09-W1,2025-09-01,2025-09-05,CURRENT,2025-09-01,2025-09-05,委託内訳,法人内訳,金融機関,SELL,1127080185,4.6,-498231517
2025-09-01,stock_val_1_250901.xls,2025-09-W1,2025-09-01,2025-09-05,CURRENT,2025-09-01,2025-09-05,委託内訳,法人内訳,金融機関,BUY,628848668,2.6,
2025-09-01,stock_val_1_250901.xls,2025-09-W1,2025-09-01,2025-09-05,PREVIOUS,08/25～08/29,08/25～08/29,委託内訳,金融機関内訳,生保・損保,SELL,82388467,0.3,-58901981
2025-09-01,stock_val_1_250901.xls,2025-09-W1,2025-09-01,2025-09-05,PREVIOUS,08/25～08/29,08/25～08/29,委託内訳,金融機関内訳,生保・損保,BUY,23486486,0.1,
2025-09-01,stock_val_1_250901.xls,2025-09-W1,2025-09-01,2025-09-05,CURRENT,2025-09-01,2025-09-05,委託内訳,金融機関内訳,生保・損保,SELL,77471327,0.3,-58035528
2025-09-01,stock_val_1_250901.xls,2025-09-W1,2025-09-01,2025-09-05,CURRENT,2025-09-01,2025-09-05,委託内訳,金融機関内訳,生保・損保,BUY,19435799,0.1,
2025-09-01,stock_val_1_250901.xls,2025-09-W1,2025-09-01,2025-09-05,PREVIOUS,08/25～08/29,08/25～08/29,委託内訳,金融機関内訳,都銀・地銀等,SELL,54066631,0.2,-16090014
2025-09-01,stock_val_1_250901.xls,2025-09-W1,2025-09-01,2025-09-05,PREVIOUS,08/25～08/29,08/25～08/29,委託内訳,金融機関内訳,都銀・地銀等,BUY,37976617,0.1,
2025-09-01,stock_val_1_250901.xls,2025-09-W1,2025-09-01,2025-09-05,CURRENT,2025-09-01,2025-09-05,委託内訳,金融機関内訳,都銀・地銀等,SELL,55887419,0.2,-12480663
2025-09-01,stock_val_1_250901.xls,2025-09-W1,2025-09-01,2025-09-05,CURRENT,2025-09-01,2025-09-05,委託内訳,金融機関内訳,都銀・地銀等,BUY,43406756,0.2,
2025-09-01,stock_val_1_250901.xls,2025-09-W1,2025-09-01,2025-09-05,PREVIOUS,08/25～08/29,08/25～08/29,委託内訳,金融機関内訳,信託銀行,SELL,1064105680,4.0,-446135282
2025-09-01,stock_val_1_250901.xls,2025-09-W1,2025-09-01,2025-09-05,PREVIOUS,08/25～08/29,08/25～08/29,委託内訳,金融機関内訳,信託銀行,BUY,617970398,2.3,
2025-09-01,stock_val_1_250901.xls,2025-09-W1,2025-09-01,2025-09-05,CURRENT,2025-09-01,2025-09-05,委託内訳,金融機関内訳,信託銀行,SELL,959418904,4.0,-422062107
2025-09-01,stock_val_1_250901.xls,2025-09-W1,2025-09-01,2025-09-05,CURRENT,2025-09-01,2025-09-05,委託内訳,金融機関内訳,信託銀行,BUY,537356797,2.2,
2025-09-01,stock_val_1_250901.xls,2025-09-W1,2025-09-01,2025-09-05,PREVIOUS,08/25～08/29,08/25～08/29,委託内訳,金融機関内訳,その他金融機関,SELL,29954017,0.1,-1373898
2025-09-01,stock_val_1_250901.xls,2025-09-W1,2025-09-01,2025-09-05,PREVIOUS,08/25～08/29,08/25～08/29,委託内訳,金融機関内訳,その他金融機関,BUY,28580119,0.1,
2025-09-01,stock_val_1_250901.xls,2025-09-W1,2025-09-01,2025-09-05,CURRENT,2025-09-01,2025-09-05,委託内訳,金融機関内訳,その他金融機関,SELL,34302535,0.1,-5653219
2025-09-01,stock_val_1_250901.xls,2025-09-W1,2025-09-01,2025-09-05,CURRENT,2025-09-01,2025-09-05,委託内訳,金融機関内訳,その他金融機関,BUY,28649316,0.1,
2025-09-02,stock_val_1_250902.xls,2025-09-W2,2025-09-08,2025-09-12,PREVIOUS,09/01～09/05,09/01～09/05,委託内訳,,法人,SELL,2075830577,8.5,-279435636
2025-09-02,stock_val_1_250902.xls,2025-09-W2,2025-09-08,2025-09-12,PREVIOUS,09/01～09/05,09/01～09/05,委託内訳,,法人,BUY,1796394941,7.4,
2025-09-02,stock_val_1_250902.xls,2025-09-W2,2025-09-08,2025-09-12,CURRENT,2025-09-08,2025-09-12,委託内訳,,法人,SELL,1515287809,5.5,-126974104
2025-09-02,stock_val_1_250902.xls,2025-09-W2,2025-09-08,2025-09-12,CURRENT,2025-09-08,2025-09-12,委託内訳,,法人,BUY,1388313705,5.3,
2025-09-02,stock_val_1_250902.xls,2025-09-W2,2025-09-08,2025-09-12,PREVIOUS,09/01～09/05,09/01～09/05,委託内訳,,個人,SELL,7222096969,29.7,
2025-09-02,stock_val_1_250902.xls,2025-09-W2,2025-09-08,2025-09-12,PREVIOUS,09/01～09/05,09/01～09/05,委託内訳,,個人,BUY,7387880065,30.4,165783096
2025-09-02,stock_val_1_250902.xls,2025-09-W2,2025-09-08,2025-09-12,CURRENT,2025-09-08,2025-09-12,委託内訳,,個人,SELL,8198319134,29.9,-468895579
2025-09-02,stock_val_1_250902.xls,2025-09-W2,2025-09-08,2025-09-12,CURRENT,2025-09-08,2025-09-12,委託内訳,,個人,BUY,7729423555,29.6,
2025-09-02,stock_val_1_250902.xls,2025-09-W2,2025-09-08,2025-09-12,PREVIOUS,09/01～09/05,09/01～09/05,委託内訳,,海外投資家,SELL,14878262545,61.3,
2025-09-02,stock_val_1_250902.xls,2025-09-W2,2025-09-08,2025-09-12,PREVIOUS,09/01～09/05,09/01～09/05,委託内訳,,海外投資家,BUY,15009708395,61.8,131445850
2025-09-02,stock_val_1_250902.xls,2025-09-W2,2025-09-08,2025-09-12,CURRENT,2025-09-08,2025-09-12,委託内訳,,海外投資家,SELL,17575906496,64.1,-692367194
2025-09-02,stock_val_1_250902.xls,2025-09-W2,2025-09-08,2025-09-12,CURRENT,2025-09-08,2025-09-12,委託内訳,,海外投資家,BUY,16883539302,64.7,
2025-09-02,stock_val_1_250902.xls,2025-09-W2,2025-09-08,2025-09-12,PREVIOUS,09/01～09/05,09/01～09/05,委託内訳,,証券会社,SELL,103549228,0.4,
2025-09-02,stock_val_1_250902.xls,2025-09-W2,2025-09-08,2025-09-12,PREVIOUS,09/01～09/05,09/01～09/05,委託内訳,,証券会社,BUY,111567488,0.5,8018260
2025-09-02,stock_val_1_250902.xls,2025-09-W2,2025-09-08,2025-09-12,CURRENT,2025-09-08,2025-09-12,委託内訳,,証券会社,SELL,124190184,0.5,-13250109
2025-09-02,stock_val_1_250902.xls,2025-09-W2,2025-09-08,2025-09-12,CURRENT,2025-09-08,2025-09-12,委託内訳,,証券会社,BUY,110940075,0.4,
2025-09-02,stock_val_1_250902.xls,2025-09-W2,2025-09-08,2025-09-12,PREVIOUS,09/01～09/05,09/01～09/05,委託内訳,法人内訳,投資信託,SELL,596290306,2.5,-93920852
2025-09-02,stock_val_1_250902.xls,2025-09-W2,2025-09-08,2025-09-12,PREVIOUS,09/01～09/05,09/01～09/05,委託内訳,法人内訳,投資信託,BUY,502369454,2.1,
2025-09-02,stock_val_1_250902.xls,2025-09-W2,2025-09-08,2025-09-12,CURRENT,2025-09-08,2025-09-12,委託内訳,法人内訳,投資信託,SELL,477268002,1.7,-104917449
2025-09-02,stock_val_1_250902.xls,2025-09-W2,2025-09-08,2025-09-12,CURRENT,2025-09-08,2025-09-12,委託内訳,法人内訳,投資信託,BUY,372350553,1.4,
2025-09-02,stock_val_1_250902.xls,2025-09-W2,2025-09-08,2025-09-12,PREVIOUS,09/01～09/05,09/01～09/05,委託内訳,法人内訳,事業法人,SELL,289383127,1.2,
2025-09-02,stock_val_1_250902.xls,2025-09-W2,2025-09-08,2025-09-12,PREVIOUS,09/01～09/05,09/01～09/05,委託内訳,法人内訳,事業法人,BUY,614682980,2.5,325299853
2025-09-02,stock_val_1_250902.xls,2025-09-W2,2025-09-08,2025-09-12,CURRENT,2025-09-08,2025-09-12,委託内訳,法人内訳,事業法人,SELL,328838470,1.2,
2025-09-02,stock_val_1_250902.xls,2025-09-W2,2025-09-08,2025-09-12,CURRENT,2025-09-08,2025-09-12,委託内訳,法人内訳,事業法人,BUY,536571884,2.1,207733414
2025-09-02,stock_val_1_250902.xls,2025-09-W2,2025-09-08,2025-09-12,PREVIOUS,09/01～09/05,09/01～09/05,委託内訳,法人内訳,その他法人等,SELL,63076959,0.3,-12583120
2025-09-02,stock_val_1_250902.xls,2025-09-W2,2025-09-08,2025-09-12,PREVIOUS,09/01～09/05,09/01～09/05,委託内訳,法人内訳,その他法人等,BUY,50493839,0.2,
2025-09-02,stock_val_1_250902.xls,2025-09-W2,2025-09-08,2025-09-12,CURRENT,2025-09-08,2025-09-12,委託内訳,法人内訳,その他法人等,SELL,81671936,0.3,-17322854
2025-09-02,stock_val_1_250902.xls,2025-09-W2,2025-09-08,2025-09-12,CURRENT,2025-09-08,2025-09-12,委託内訳,法人内訳,その他法人等,BUY,64349082,0.2,
2025-09-02,stock_val_1_250902.xls,2025-09-W2,2025-09-08,2025-09-12,PREVIOUS,09/01～09/05,09/01～09/05,委託内訳,法人内訳,金融機関,SELL,1127080185,4.6,-498231517
2025-09-02,stock_val_1_250902.xls,2025-09-W2,2025-09-08,2025-09-12,PREVIOUS,09/01～09/05,09/01～09/05,委託内訳,法人内訳,金融機関,BUY,628848668,2.6,
2025-09-02,stock_val_1_250902.xls,2025-09-W2,2025-09-08,2025-09-12,CURRENT,2025-09-08,2025-09-12,委託内訳,法人内訳,金融機関,SELL,627509401,2.3,-212467215
2025-09-02,stock_val_1_250902.xls,2025-09-W2,2025-09-08,2025-09-12,CURRENT,2025-09-08,2025-09-12,委託内訳,法人内訳,金融機関,BUY,415042186,1.6,
2025-09-02,stock_val_1_250902.xls,2025-09-W2,2025-09-08,2025-09-12,PREVIOUS,09/01～09/05,09/01～09/05,委託内訳,金融機関内訳,生保・損保,SELL,77471327,0.3,-58035528
2025-09-02,stock_val_1_250902.xls,2025-09-W2,2025-09-08,2025-09-12,PREVIOUS,09/01～09/05,09/01～09/05,委託内訳,金融機関内訳,生保・損保,BUY,19435799,0.1,
2025-09-02,stock_val_1_250902.xls,2025-09-W2,2025-09-08,2025-09-12,CURRENT,2025-09-08,2025-09-12,委託内訳,金融機関内訳,生保・損保,SELL,72982258,0.3,-44590011
2025-09-02,stock_val_1_250902.xls,2025-09-W2,2025-09-08,2025-09-12,CURRENT,2025-09-08,2025-09-12,委託内訳,金融機関内訳,生保・損保,BUY,28392247,0.1,
2025-09-02,stock_val_1_250902.xls,2025-09-W2,2025-09-08,2025-09-12,PREVIOUS,09/01～09/05,09/01～09/05,委託内訳,金融機関内訳,都銀・地銀等,SELL,55887419,0.2,-12480663
2025-09-02,stock_val_1_250902.xls,2025-09-W2,2025-09-08,2025-09-12,PREVIOUS,09/01～09/05,09/01～09/05,委託内訳,金融機関内訳,都銀・地銀等,BUY,43406756,0.2,
2025-09-02,stock_val_1_250902.xls,2025-09-W2,2025-09-08,2025-09-12,CURRENT,2025-09-08,2025-09-12,委託内訳,金融機関内訳,都銀・地銀等,SELL,39623200,0.1,-19205030
2025-09-02,stock_val_1_250902.xls,2025-09-W2,2025-09-08,2025-09-12,CURRENT,2025-09-08,2025-09-12,委託内訳,金融機関内訳,都銀・地銀等,BUY,20418170,0.1,
2025-09-02,stock_val_1_250902.xls,2025-09-W2,2025-09-08,2025-09-12,PREVIOUS,09/01～09/05,09/01～09/05,委託内訳,金融機関内訳,信託銀行,SELL,959418904,4.0,-422062107
2025-09-02,stock_val_1_250902.xls,2025-09-W2,2025-09-08,2025-09-12,PREVIOUS,09/01～09/05,09/01～09/05,委託内訳,金融機関内訳,信託銀行,BUY,537356797,2.2,
2025-09-02,stock_val_1_250902.xls,2025-09-W2,2025-09-08,2025-09-12,CURRENT,2025-09-08,2025-09-12,委託内訳,金融機関内訳,信託銀行,SELL,476276933,1.7,-130105450
2025-09-02,stock_val_1_250902.xls,2025-09-W2,2025-09-08,2025-09-12,CURRENT,2025-09-08,2025-09-12,委託内訳,金融機関内訳,信託銀行,BUY,346171483,1.3,
2025-09-02,stock_val_1_250902.xls,2025-09-W2,2025-09-08,2025-09-12,PREVIOUS,09/01～09/05,09/01～09/05,委託内訳,金融機関内訳,その他金融機関,SELL,34302535,0.1,-5653219
2025-09-02,stock_val_1_250902.xls,2025-09-W2,2025-09-08,2025-09-12,PREVIOUS,09/01～09/05,09/01～09/05,委託内訳,金融機関内訳,その他金融機関,BUY,28649316,0.1,
2025-09-02,stock_val_1_250902.xls,2025-09-W2,2025-09-08,2025-09-12,CURRENT,2025-09-08,2025-09-12,委託内訳,金融機関内訳,その他金融機関,SELL,38627010,0.1,-18566724
2025-09-02,stock_val_1_250902.xls,2025-09-W2,2025-09-08,2025-09-12,CURRENT,2025-09-08,2025-09-12,委託内訳,金融機関内訳,その他金融機関,BUY,20060286,0.1,
2025-09-03,stock_val_1_250903.xls,2025-09-W3,2025-09-16,2025-09-19,PREVIOUS,09/08～09/12,09/08～09/12,委託内訳,,法人,SELL,1515287809,5.5,-126974104
2025-09-03,stock_val_1_250903.xls,2025-09-W3,2025-09-16,2025-09-19,PREVIOUS,09/08～09/12,09/08～09/12,委託内訳,,法人,BUY,1388313705,5.3,
2025-09-03,stock_val_1_250903.xls,2025-09-W3,2025-09-16,2025-09-19,CURRENT,2025-09-16,2025-09-19,委託内訳,,法人,SELL,1783841057,6.7,-429585918
2025-09-03,stock_val_1_250903.xls,2025-09-W3,2025-09-16,2025-09-19,CURRENT,2025-09-16,2025-09-19,委託内訳,,法人,BUY,1354255139,5.2,
2025-09-03,stock_val_1_250903.xls,2025-09-W3,2025-09-16,2025-09-19,PREVIOUS,09/08～09/12,09/08～09/12,委託内訳,,個人,SELL,8198319134,29.9,-468895579
2025-09-03,stock_val_1_250903.xls,2025-09-W3,2025-09-16,2025-09-19,PREVIOUS,09/08～09/12,09/08～09/12,委託内訳,,個人,BUY,7729423555,29.6,
2025-09-03,stock_val_1_250903.xls,2025-09-W3,2025-09-16,2025-09-19,CURRENT,2025-09-16,2025-09-19,委託内訳,,個人,SELL,7227651619,27.2,-32664718
2025-09-03,stock_val_1_250903.xls,2025-09-W3,2025-09-16,2025-09-19,CURRENT,2025-09-16,2025-09-19,委託内訳,,個人,BUY,7194986901,27.9,
2025-09-03,stock_val_1_250903.xls,2025-09-W3,2025-09-16,2025-09-19,PREVIOUS,09/08～09/12,09/08～09/12,委託内訳,,海外投資家,SELL,17575906496,64.1,-692367194
2025-09-03,stock_val_1_250903.xls,2025-09-W3,2025-09-16,2025-09-19,PREVIOUS,09/08～09/12,09/08～09/12,委託内訳,,海外投資家,BUY,16883539302,64.7,
2025-09-03,stock_val_1_250903.xls,2025-09-W3,2025-09-16,2025-09-19,CURRENT,2025-09-16,2025-09-19,委託内訳,,海外投資家,SELL,17452869161,65.7,-294384229
2025-09-03,stock_val_1_250903.xls,2025-09-W3,2025-09-16,2025-09-19,CURRENT,2025-09-16,2025-09-19,委託内訳,,海外投資家,BUY,17158484932,66.5,
2025-09-03,stock_val_1_250903.xls,2025-09-W3,2025-09-16,2025-09-19,PREVIOUS,09/08～09/12,09/08～09/12,委託内訳,,証券会社,SELL,124190184,0.5,-13250109
2025-09-03,stock_val_1_250903.xls,2025-09-W3,2025-09-16,2025-09-19,PREVIOUS,09/08～09/12,09/08～09/12,委託内訳,,証券会社,BUY,110940075,0.4,
2025-09-03,stock_val_1_250903.xls,2025-09-W3,2025-09-16,2025-09-19,CURRENT,2025-09-16,2025-09-19,委託内訳,,証券会社,SELL,100882967,0.4,-7247752
2025-09-03,stock_val_1_250903.xls,2025-09-W3,2025-09-16,2025-09-19,CURRENT,2025-09-16,2025-09-19,委託内訳,,証券会社,BUY,93635215,0.4,
2025-09-03,stock_val_1_250903.xls,2025-09-W3,2025-09-16,2025-09-19,PREVIOUS,09/08～09/12,09/08～09/12,委託内訳,法人内訳,投資信託,SELL,477268002,1.7,-104917449
2025-09-03,stock_val_1_250903.xls,2025-09-W3,2025-09-16,2025-09-19,PREVIOUS,09/08～09/12,09/08～09/12,委託内訳,法人内訳,投資信託,BUY,372350553,1.4,
2025-09-03,stock_val_1_250903.xls,2025-09-W3,2025-09-16,2025-09-19,CURRENT,2025-09-16,2025-09-19,委託内訳,法人内訳,投資信託,SELL,372564877,1.4,-45385686
2025-09-03,stock_val_1_250903.xls,2025-09-W3,2025-09-16,2025-09-19,CURRENT,2025-09-16,2025-09-19,委託内訳,法人内訳,投資信託,BUY,327179191,1.3,
2025-09-03,stock_val_1_250903.xls,2025-09-W3,2025-09-16,2025-09-19,PREVIOUS,09/08～09/12,09/08～09/12,委託内訳,法人内訳,事業法人,SELL,328838470,1.2,
2025-09-03,stock_val_1_250903.xls,2025-09-W3,2025-09-16,2025-09-19,PREVIOUS,09/08～09/12,09/08～09/12,委託内訳,法人内訳,事業法人,BUY,536571884,2.1,207733414
2025-09-03,stock_val_1_250903.xls,2025-09-W3,2025-09-16,2025-09-19,CURRENT,2025-09-16,2025-09-19,委託内訳,法人内訳,事業法人,SELL,251955875,0.9,
2025-09-03,stock_val_1_250903.xls,2025-09-W3,2025-09-16,2025-09-19,CURRENT,2025-09-16,2025-09-19,委託内訳,法人内訳,事業法人,BUY,434436219,1.7,182480344
2025-09-03,stock_val_1_250903.xls,2025-09-W3,2025-09-16,2025-09-19,PREVIOUS,09/08～09/12,09/08～09/12,委託内訳,法人内訳,その他法人等,SELL,81671936,0.3,-17322854
2025-09-03,stock_val_1_250903.xls,2025-09-W3,2025-09-16,2025-09-19,PREVIOUS,09/08～09/12,09/08～09/12,委託内訳,法人内訳,その他法人等,BUY,64349082,0.2,
2025-09-03,stock_val_1_250903.xls,2025-09-W3,2025-09-16,2025-09-19,CURRENT,2025-09-16,2025-09-19,委託内訳,法人内訳,その他法人等,SELL,41341796,0.2,
2025-09-03,stock_val_1_250903.xls,2025-09-W3,2025-09-16,2025-09-19,CURRENT,2025-09-16,2025-09-19,委託内訳,法人内訳,その他法人等,BUY,50155556,0.2,8813760
2025-09-03,stock_val_1_250903.xls,2025-09-W3,2025-09-16,2025-09-19,PREVIOUS,09/08～09/12,09/08～09/12,委託内訳,法人内訳,金融機関,SELL,627509401,2.3,-212467215
2025-09-03,stock_val_1_250903.xls,2025-09-W3,2025-09-16,2025-09-19,PREVIOUS,09/08～09/12,09/08～09/12,委託内訳,法人内訳,金融機関,BUY,415042186,1.6,
2025-09-03,stock_val_1_250903.xls,2025-09-W3,2025-09-16,2025-09-19,CURRENT,2025-09-16,2025-09-19,委託内訳,法人内訳,金融機関,SELL,1117978509,4.2,-575494336
2025-09-03,stock_val_1_250903.xls,2025-09-W3,2025-09-16,2025-09-19,CURRENT,2025-09-16,2025-09-19,委託内訳,法人内訳,金融機関,BUY,542484173,2.1,
2025-09-03,stock_val_1_250903.xls,2025-09-W3,2025-09-16,2025-09-19,PREVIOUS,09/08～09/12,09/08～09/12,委託内訳,金融機関内訳,生保・損保,SELL,72982258,0.3,-44590011
2025-09-03,stock_val_1_250903.xls,2025-09-W3,2025-09-16,2025-09-19,PREVIOUS,09/08～09/12,09/08～09/12,委託内訳,金融機関内訳,生保・損保,BUY,28392247,0.1,
2025-09-03,stock_val_1_250903.xls,2025-09-W3,2025-09-16,2025-09-19,CURRENT,2025-09-16,2025-09-19,委託内訳,金融機関内訳,生保・損保,SELL,46648766,0.2,-27247918
2025-09-03,stock_val_1_250903.xls,2025-09-W3,2025-09-16,2025-09-19,CURRENT,2025-09-16,2025-09-19,委託内訳,金融機関内訳,生保・損保,BUY,19400848,0.1,
2025-09-03,stock_val_1_250903.xls,2025-09-W3,2025-09-16,2025-09-19,PREVIOUS,09/08～09/12,09/08～09/12,委託内訳,金融機関内訳,都銀・地銀等,SELL,39623200,0.1,-19205030
2025-09-03,stock_val_1_250903.xls,2025-09-W3,2025-09-16,2025-09-19,PREVIOUS,09/08～09/12,09/08～09/12,委託内訳,金融機関内訳,都銀・地銀等,BUY,20418170,0.1,
2025-09-03,stock_val_1_250903.xls,2025-09-W3,2025-09-16,2025-09-19,CURRENT,2025-09-16,2025-09-19,委託内訳,金融機関内訳,都銀・地銀等,SELL,77304052,0.3,-16519322
2025-09-03,stock_val_1_250903.xls,2025-09-W3,2025-09-16,2025-09-19,CURRENT,2025-09-16,2025-09-19,委託内訳,金融機関内訳,都銀・地銀等,BUY,60784730,0.2,
2025-09-03,stock_val_1_250903.xls,2025-09-W3,2025-09-16,2025-09-19,PREVIOUS,09/08～09/12,09/08～09/12,委託内訳,金融機関内訳,信託銀行,SELL,476276933,1.7,-130105450
2025-09-03,stock_val_1_250903.xls,2025-09-W3,2025-09-16,2025-09-19,PREVIOUS,09/08～09/12,09/08～09/12,委託内訳,金融機関内訳,信託銀行,BUY,346171483,1.3,
2025-09-03,stock_val_1_250903.xls,2025-09-W3,2025-09-16,2025-09-19,CURRENT,2025-09-16,2025-09-19,委託内訳,金融機関内訳,信託銀行,SELL,968764253,3.6,-531015442
2025-09-03,stock_val_1_250903.xls,2025-09-W3,2025-09-16,2025-09-19,CURRENT,2025-09-16,2025-09-19,委託内訳,金融機関内訳,信託銀行,BUY,437748811,1.7,
2025-09-03,stock_val_1_250903.xls,2025-09-W3,2025-09-16,2025-09-19,PREVIOUS,09/08～09/12,09/08～09/12,委託内訳,金融機関内訳,その他金融機関,SELL,38627010,0.1,-18566724
2025-09-03,stock_val_1_250903.xls,2025-09-W3,2025-09-16,2025-09-19,PREVIOUS,09/08～09/12,09/08～09/12,委託内訳,金融機関内訳,その他金融機関,BUY,20060286,0.1,
2025-09-03,stock_val_1_250903.xls,2025-09-W3,2025-09-16,2025-09-19,CURRENT,2025-09-16,2025-09-19,委託内訳,金融機関内訳,その他金融機関,SELL,25261438,0.1,-711654
2025-09-03,stock_val_1_250903.xls,2025-09-W3,2025-09-16,2025-09-19,CURRENT,2025-09-16,2025-09-19,委託内訳,金融機関内訳,その他金融機関,BUY,24549784,0.1,
2025-09-04,stock_val_1_250904.xls,2025-09-W4,2025-09-22,2025-09-26,PREVIOUS,09/16～09/19,09/16～09/19,委託内訳,,法人,SELL,1783841057,6.7,-429585918
2025-09-04,stock_val_1_250904.xls,2025-09-W4,2025-09-22,2025-09-26,PREVIOUS,09/16～09/19,09/16～09/19,委託内訳,,法人,BUY,1354255139,5.2,
2025-09-04,stock_val_1_250904.xls,2025-09-W4,2025-09-22,2025-09-26,CURRENT,2025-09-22,2025-09-26,委託内訳,,法人,SELL,1826563335,7.2,-694191722
2025-09-04,stock_val_1_250904.xls,2025-09-W4,2025-09-22,2025-09-26,CURRENT,2025-09-22,2025-09-26,委託内訳,,法人,BUY,1132371613,4.7,
2025-09-04,stock_val_1_250904.xls,2025-09-W4,2025-09-22,2025-09-26,PREVIOUS,09/16～09/19,09/16～09/19,委託内訳,,個人,SELL,7227651619,27.2,-32664718
2025-09-04,stock_val_1_250904.xls,2025-09-W4,2025-09-22,2025-09-26,PREVIOUS,09/16～09/19,09/16～09/19,委託内訳,,個人,BUY,7194986901,27.9,
2025-09-04,stock_val_1_250904.xls,2025-09-W4,2025-09-22,2025-09-26,CURRENT,2025-09-22,2025-09-26,委託内訳,,個人,SELL,7396143309,29.1,
2025-09-04,stock_val_1_250904.xls,2025-09-W4,2025-09-22,2025-09-26,CURRENT,2025-09-22,2025-09-26,委託内訳,,個人,BUY,7525512237,30.9,129368928
2025-09-04,stock_val_1_250904.xls,2025-09-W4,2025-09-22,2025-09-26,PREVIOUS,09/16～09/19,09/16～09/19,委託内訳,,海外投資家,SELL,17452869161,65.7,-294384229
2025-09-04,stock_val_1_250904.xls,2025-09-W4,2025-09-22,2025-09-26,PREVIOUS,09/16～09/19,09/16～09/19,委託内訳,,海外投資家,BUY,17158484932,66.5,
2025-09-04,stock_val_1_250904.xls,2025-09-W4,2025-09-22,2025-09-26,CURRENT,2025-09-22,2025-09-26,委託内訳,,海外投資家,SELL,16124143551,63.3,-559181267
2025-09-04,stock_val_1_250904.xls,2025-09-W4,2025-09-22,2025-09-26,CURRENT,2025-09-22,2025-09-26,委託内訳,,海外投資家,BUY,15564962284,64.0,
2025-09-04,stock_val_1_250904.xls,2025-09-W4,2025-09-22,2025-09-26,PREVIOUS,09/16～09/19,09/16～09/19,委託内訳,,証券会社,SELL,100882967,0.4,-7247752
2025-09-04,stock_val_1_250904.xls,2025-09-W4,2025-09-22,2025-09-26,PREVIOUS,09/16～09/19,09/16～09/19,委託内訳,,証券会社,BUY,93635215,0.4,
2025-09-04,stock_val_1_250904.xls,2025-09-W4,2025-09-22,2025-09-26,CURRENT,2025-09-22,2025-09-26,委託内訳,,証券会社,SELL,111593915,0.4,-1184139
2025-09-04,stock_val_1_250904.xls,2025-09-W4,2025-09-22,2025-09-26,CURRENT,2025-09-22,2025-09-26,委託内訳,,証券会社,BUY,110409776,0.5,
2025-09-04,stock_val_1_250904.xls,2025-09-W4,2025-09-22,2025-09-26,PREVIOUS,09/16～09/19,09/16～09/19,委託内訳,法人内訳,投資信託,SELL,372564877,1.4,-45385686
2025-09-04,stock_val_1_250904.xls,2025-09-W4,2025-09-22,2025-09-26,PREVIOUS,09/16～09/19,09/16～09/19,委託内訳,法人内訳,投資信託,BUY,327179191,1.3,
2025-09-04,stock_val_1_250904.xls,2025-09-W4,2025-09-22,2025-09-26,CURRENT,2025-09-22,2025-09-26,委託内訳,法人内訳,投資信託,SELL,623899840,2.5,-276015725
2025-09-04,stock_val_1_250904.xls,2025-09-W4,2025-09-22,2025-09-26,CURRENT,2025-09-22,2025-09-26,委託内訳,法人内訳,投資信託,BUY,347884115,1.4,
2025-09-04,stock_val_1_250904.xls,2025-09-W4,2025-09-22,2025-09-26,PREVIOUS,09/16～09/19,09/16～09/19,委託内訳,法人内訳,事業法人,SELL,251955875,0.9,
2025-09-04,stock_val_1_250904.xls,2025-09-W4,2025-09-22,2025-09-26,PREVIOUS,09/16～09/19,09/16～09/19,委託内訳,法人内訳,事業法人,BUY,434436219,1.7,182480344
2025-09-04,stock_val_1_250904.xls,2025-09-W4,2025-09-22,2025-09-26,CURRENT,2025-09-22,2025-09-26,委託内訳,法人内訳,事業法人,SELL,369804040,1.5,-21323626
2025-09-04,stock_val_1_250904.xls,2025-09-W4,2025-09-22,2025-09-26,CURRENT,2025-09-22,2025-09-26,委託内訳,法人内訳,事業法人,BUY,348480414,1.4,
2025-09-04,stock_val_1_250904.xls,2025-09-W4,2025-09-22,2025-09-26,PREVIOUS,09/16～09/19,09/16～09/19,委託内訳,法人内訳,その他法人等,SELL,41341796,0.2,
2025-09-04,stock_val_1_250904.xls,2025-09-W4,2025-09-22,2025-09-26,PREVIOUS,09/16～09/19,09/16～09/19,委託内訳,法人内訳,その他法人等,BUY,50155556,0.2,8813760
2025-09-04,stock_val_1_250904.xls,2025-09-W4,2025-09-22,2025-09-26,CURRENT,2025-09-22,2025-09-26,委託内訳,法人内訳,その他法人等,SELL,53880037,0.2,
2025-09-04,stock_val_1_250904.xls,2025-09-W4,2025-09-22,2025-09-26,CURRENT,2025-09-22,2025-09-26,委託内訳,法人内訳,その他法人等,BUY,92720243,0.4,38840206
2025-09-04,stock_val_1_250904.xls,2025-09-W4,2025-09-22,2025-09-26,PREVIOUS,09/16～09/19,09/16～09/19,委託内訳,法人内訳,金融機関,SELL,1117978509,4.2,-575494336
2025-09-04,stock_val_1_250904.xls,2025-09-W4,2025-09-22,2025-09-26,PREVIOUS,09/16～09/19,09/16～09/19,委託内訳,法人内訳,金融機関,BUY,542484173,2.1,
2025-09-04,stock_val_1_250904.xls,2025-09-W4,2025-09-22,2025-09-26,CURRENT,2025-09-22,2025-09-26,委託内訳,法人内訳,金融機関,SELL,778979418,3.1,-435692577
2025-09-04,stock_val_1_250904.xls,2025-09-W4,2025-09-22,2025-09-26,CURRENT,2025-09-22,2025-09-26,委託内訳,法人内訳,金融機関,BUY,343286841,1.4,
2025-09-04,stock_val_1_250904.xls,2025-09-W4,2025-09-22,2025-09-26,PREVIOUS,09/16～09/19,09/16～09/19,委託内訳,金融機関内訳,生保・損保,SELL,46648766,0.2,-27247918
2025-09-04,stock_val_1_250904.xls,2025-09-W4,2025-09-22,2025-09-26,PREVIOUS,09/16～09/19,09/16～09/19,委託内訳,金融機関内訳,生保・損保,BUY,19400848,0.1,
2025-09-04,stock_val_1_250904.xls,2025-09-W4,2025-09-22,2025-09-26,CURRENT,2025-09-22,2025-09-26,委託内訳,金融機関内訳,生保・損保,SELL,111150762,0.4,-90502377
2025-09-04,stock_val_1_250904.xls,2025-09-W4,2025-09-22,2025-09-26,CURRENT,2025-09-22,2025-09-26,委託内訳,金融機関内訳,生保・損保,BUY,20648385,0.1,
2025-09-04,stock_val_1_250904.xls,2025-09-W4,2025-09-22,2025-09-26,PREVIOUS,09/16～09/19,09/16～09/19,委託内訳,金融機関内訳,都銀・地銀等,SELL,77304052,0.3,-16519322
2025-09-04,stock_val_1_250904.xls,2025-09-W4,2025-09-22,2025-09-26,PREVIOUS,09/16～09/19,09/16～09/19,委託内訳,金融機関内訳,都銀・地銀等,BUY,60784730,0.2,
2025-09-04,stock_val_1_250904.xls,2025-09-W4,2025-09-22,2025-09-26,CURRENT,2025-09-22,2025-09-26,委託内訳,金融機関内訳,都銀・地銀等,SELL,28046659,0.1,-416651
2025-09-04,stock_val_1_250904.xls,2025-09-W4,2025-09-22,2025-09-26,CURRENT,2025-09-22,2025-09-26,委託内訳,金融機関内訳,都銀・地銀等,BUY,27630008,0.1,
2025-09-04,stock_val_1_250904.xls,2025-09-W4,2025-09-22,2025-09-26,PREVIOUS,09/16～09/19,09/16～09/19,委託内訳,金融機関内訳,信託銀行,SELL,968764253,3.6,-531015442
2025-09-04,stock_val_1_250904.xls,2025-09-W4,2025-09-22,2025-09-26,PREVIOUS,09/16～09/19,09/16～09/19,委託内訳,金融機関内訳,信託銀行,BUY,437748811,1.7,
2025-09-04,stock_val_1_250904.xls,2025-09-W4,2025-09-22,2025-09-26,CURRENT,2025-09-22,2025-09-26,委託内訳,金融機関内訳,信託銀行,SELL,618256476,2.4,-358418155
2025-09-04,stock_val_1_250904.xls,2025-09-W4,2025-09-22,2025-09-26,CURRENT,2025-09-22,2025-09-26,委託内訳,金融機関内訳,信託銀行,BUY,259838321,1.1,
2025-09-04,stock_val_1_250904.xls,2025-09-W4,2025-09-22,2025-09-26,PREVIOUS,09/16～09/19,09/16～09/19,委託内訳,金融機関内訳,その他金融機関,SELL,25261438,0.1,-711654
2025-09-04,stock_val_1_250904.xls,2025-09-W4,2025-09-22,2025-09-26,PREVIOUS,09/16～09/19,09/16～09/19,委託内訳,金融機関内訳,その他金融機関,BUY,24549784,0.1,
2025-09-04,stock_val_1_250904.xls,2025-09-W4,2025-09-22,2025-09-26,CURRENT,2025-09-22,2025-09-26,委託内訳,金融機関内訳,その他金融機関,SELL,21525521,0.1,
2025-09-04,stock_val_1_250904.xls,2025-09-W4,2025-09-22,2025-09-26,CURRENT,2025-09-22,2025-09-26,委託内訳,金融機関内訳,その他金融機関,BUY,35170127,0.1,13644606
2025-10-01,stock_val_1_251001.xls,2025-10-W1,2025-09-29,2025-10-03,PREVIOUS,09/22～09/26,09/22～09/26,委託内訳,,法人,SELL,1826563335,7.2,-694191722
2025-10-01,stock_val_1_251001.xls,2025-10-W1,2025-09-29,2025-10-03,PREVIOUS,09/22～09/26,09/22～09/26,委託内訳,,法人,BUY,1132371613,4.7,
2025-10-01,stock_val_1_251001.xls,2025-10-W1,2025-09-29,2025-10-03,CURRENT,2025-09-29,2025-10-03,委託内訳,,法人,SELL,1610005090,5.8,-67652427
2025-10-01,stock_val_1_251001.xls,2025-10-W1,2025-09-29,2025-10-03,CURRENT,2025-09-29,2025-10-03,委託内訳,,法人,BUY,1542352663,5.2,
2025-10-01,stock_val_1_251001.xls,2025-10-W1,2025-09-29,2025-10-03,PREVIOUS,09/22～09/26,09/22～09/26,委託内訳,,個人,SELL,7396143309,29.1,
2025-10-01,stock_val_1_251001.xls,2025-10-W1,2025-09-29,2025-10-03,PREVIOUS,09/22～09/26,09/22～09/26,委託内訳,,個人,BUY,7525512237,30.9,129368928
2025-10-01,stock_val_1_251001.xls,2025-10-W1,2025-09-29,2025-10-03,CURRENT,2025-09-29,2025-10-03,委託内訳,,個人,SELL,7661873979,27.5,
2025-10-01,stock_val_1_251001.xls,2025-10-W1,2025-09-29,2025-10-03,CURRENT,2025-09-29,2025-10-03,委託内訳,,個人,BUY,8084137316,27.5,422263337
2025-10-01,stock_val_1_251001.xls,2025-10-W1,2025-09-29,2025-10-03,PREVIOUS,09/22～09/26,09/22～09/26,委託内訳,,海外投資家,SELL,16124143551,63.3,-559181267
2025-10-01,stock_val_1_251001.xls,2025-10-W1,2025-09-29,2025-10-03,PREVIOUS,09/22～09/26,09/22～09/26,委託内訳,,海外投資家,BUY,15564962284,64.0,
2025-10-01,stock_val_1_251001.xls,2025-10-W1,2025-09-29,2025-10-03,CURRENT,2025-09-29,2025-10-03,委託内訳,,海外投資家,SELL,18419131855,66.2,
2025-10-01,stock_val_1_251001.xls,2025-10-W1,2025-09-29,2025-10-03,CURRENT,2025-09-29,2025-10-03,委託内訳,,海外投資家,BUY,19658979714,66.8,1239847859
2025-10-01,stock_val_1_251001.xls,2025-10-W1,2025-09-29,2025-10-03,PREVIOUS,09/22～09/26,09/22～09/26,委託内訳,,証券会社,SELL,111593915,0.4,-1184139
2025-10-01,stock_val_1_251001.xls,2025-10-W1,2025-09-29,2025-10-03,PREVIOUS,09/22～09/26,09/22～09/26,委託内訳,,証券会社,BUY,110409776,0.5,
2025-10-01,stock_val_1_251001.xls,2025-10-W1,2025-09-29,2025-10-03,CURRENT,2025-09-29,2025-10-03,委託内訳,,証券会社,SELL,126300216,0.5,
2025-10-01,stock_val_1_251001.xls,2025-10-W1,2025-09-29,2025-10-03,CURRENT,2025-09-29,2025-10-03,委託内訳,,証券会社,BUY,132163427,0.4,5863211
2025-10-01,stock_val_1_251001.xls,2025-10-W1,2025-09-29,2025-10-03,PREVIOUS,09/22～09/26,09/22～09/26,委託内訳,法人内訳,投資信託,SELL,623899840,2.5,-276015725
2025-10-01,stock_val_1_251001.xls,2025-10-W1,2025-09-29,2025-10-03,PREVIOUS,09/22～09/26,09/22～09/26,委託内訳,法人内訳,投資信託,BUY,347884115,1.4,
2025-10-01,stock_val_1_251001.xls,2025-10-W1,2025-09-29,2025-10-03,CURRENT,2025-09-29,2025-10-03,委託内訳,法人内訳,投資信託,SELL,410593725,1.5,
2025-10-01,stock_val_1_251001.xls,2025-10-W1,2025-09-29,2025-10-03,CURRENT,2025-09-29,2025-10-03,委託内訳,法人内訳,投資信託,BUY,475679342,1.6,65085617
2025-10-01,stock_val_1_251001.xls,2025-10-W1,2025-09-29,2025-10-03,PREVIOUS,09/22～09/26,09/22～09/26,委託内訳,法人内訳,事業法人,SELL,369804040,1.5,-21323626
2025-10-01,stock_val_1_251001.xls,2025-10-W1,2025-09-29,2025-10-03,PREVIOUS,09/22～09/26,09/22～09/26,委託内訳,法人内訳,事業法人,BUY,348480414,1.4,
2025-10-01,stock_val_1_251001.xls,2025-10-W1,2025-09-29,2025-10-03,CURRENT,2025-09-29,2025-10-03,委託内訳,法人内訳,事業法人,SELL,315010907,1.1,
2025-10-01,stock_val_1_251001.xls,2025-10-W1,2025-09-29,2025-10-03,CURRENT,2025-09-29,2025-10-03,委託内訳,法人内訳,事業法人,BUY,437719625,1.5,122708718
2025-10-01,stock_val_1_251001.xls,2025-10-W1,2025-09-29,2025-10-03,PREVIOUS,09/22～09/26,09/22～09/26,委託内訳,法人内訳,その他法人等,SELL,53880037,0.2,
2025-10-01,stock_val_1_251001.xls,2025-10-W1,2025-09-29,2025-10-03,PREVIOUS,09/22～09/26,09/22～09/26,委託内訳,法人内訳,その他法人等,BUY,92720243,0.4,38840206
2025-10-01,stock_val_1_251001.xls,2025-10-W1,2025-09-29,2025-10-03,CURRENT,2025-09-29,2025-10-03,委託内訳,法人内訳,その他法人等,SELL,46993102,0.2,
2025-10-01,stock_val_1_251001.xls,2025-10-W1,2025-09-29,2025-10-03,CURRENT,2025-09-29,2025-10-03,委託内訳,法人内訳,その他法人等,BUY,67053842,0.2,20060740
2025-10-01,stock_val_1_251001.xls,2025-10-W1,2025-09-29,2025-10-03,PREVIOUS,09/22～09/26,09/22～09/26,委託内訳,法人内訳,金融機関,SELL,778979418,3.1,-435692577
2025-10-01,stock_val_1_251001.xls,2025-10-W1,2025-09-29,2025-10-03,PREVIOUS,09/22～09/26,09/22～09/26,委託内訳,法人内訳,金融機関,BUY,343286841,1.4,
2025-10-01,stock_val_1_251001.xls,2025-10-W1,2025-09-29,2025-10-03,CURRENT,2025-09-29,2025-10-03,委託内訳,法人内訳,金融機関,SELL,837407356,3.0,-275507502
2025-10-01,stock_val_1_251001.xls,2025-10-W1,2025-09-29,2025-10-03,CURRENT,2025-09-29,2025-10-03,委託内訳,法人内訳,金融機関,BUY,561899854,1.9,
2025-10-01,stock_val_1_251001.xls,2025-10-W1,2025-09-29,2025-10-03,PREVIOUS,09/22～09/26,09/22～09/26,委託内訳,金融機関内訳,生保・損保,SELL,111150762,0.4,-90502377
2025-10-01,stock_val_1_251001.xls,2025-10-W1,2025-09-29,2025-10-03,PREVIOUS,09/22～09/26,09/22～09/26,委託内訳,金融機関内訳,生保・損保,BUY,20648385,0.1,
2025-10-01,stock_val_1_251001.xls,2025-10-W1,2025-09-29,2025-10-03,CURRENT,2025-09-29,2025-10-03,委託内訳,金融機関内訳,生保・損保,SELL,31886263,0.1,-23231836
2025-10-01,stock_val_1_251001.xls,2025-10-W1,2025-09-29,2025-10-03,CURRENT,2025-09-29,2025-10-03,委託内訳,金融機関内訳,生保・損保,BUY,8654427,0.0,
2025-10-01,stock_val_1_251001.xls,2025-10-W1,2025-09-29,2025-10-03,PREVIOUS,09/22～09/26,09/22～09/26,委託内訳,金融機関内訳,都銀・地銀等,SELL,28046659,0.1,-416651
2025-10-01,stock_val_1_251001.xls,2025-10-W1,2025-09-29,2025-10-03,PREVIOUS,09/22～09/26,09/22～09/26,委託内訳,金融機関内訳,都銀・地銀等,BUY,27630008,0.1,
2025-10-01,stock_val_1_251001.xls,2025-10-W1,2025-09-29,2025-10-03,CURRENT,2025-09-29,2025-10-03,委託内訳,金融機関内訳,都銀・地銀等,SELL,47638886,0.2,-36395880
2025-10-01,stock_val_1_251001.xls,2025-10-W1,2025-09-29,2025-10-03,CURRENT,2025-09-29,2025-10-03,委託内訳,金融機関内訳,都銀・地銀等,BUY,11243006,0.0,
2025-10-01,stock_val_1_251001.xls,2025-10-W1,2025-09-29,2025-10-03,PREVIOUS,09/22～09/26,09/22～09/26,委託内訳,金融機関内訳,信託銀行,SELL,618256476,2.4,-358418155
2025-10-01,stock_val_1_251001.xls,2025-10-W1,2025-09-29,2025-10-03,PREVIOUS,09/22～09/26,09/22～09/26,委託内訳,金融機関内訳,信託銀行,BUY,259838321,1.1,
2025-10-01,stock_val_1_251001.xls,2025-10-W1,2025-09-29,2025-10-03,CURRENT,2025-09-29,2025-10-03,委託内訳,金融機関内訳,信託銀行,SELL,731851100,2.6,-213666085
2025-10-01,stock_val_1_251001.xls,2025-10-W1,2025-09-29,2025-10-03,CURRENT,2025-09-29,2025-10-03,委託内訳,金融機関内訳,信託銀行,BUY,518185015,1.8,
2025-10-01,stock_val_1_251001.xls,2025-10-W1,2025-09-29,2025-10-03,PREVIOUS,09/22～09/26,09/22～09/26,委託内訳,金融機関内訳,その他金融機関,SELL,21525521,0.1,
2025-10-01,stock_val_1_251001.xls,2025-10-W1,2025-09-29,2025-10-03,PREVIOUS,09/22～09/26,09/22～09/26,委託内訳,金融機関内訳,その他金融機関,BUY,35170127,0.1,13644606
2025-10-01,stock_val_1_251001.xls,2025-10-W1,2025-09-29,2025-10-03,CURRENT,2025-09-29,2025-10-03,委託内訳,金融機関内訳,その他金融機関,SELL,26031107,0.1,-2213701
2025-10-01,stock_val_1_251001.xls,2025-10-W1,2025-09-29,2025-10-03,CURRENT,2025-09-29,2025-10-03,委託内訳,金融機関内訳,その他金融機関,BUY,23817406,0.1,
2025-10-02,stock_val_1_251002.xls,2025-10-W2,2025-10-06,2025-10-10,PREVIOUS,09/29～10/03,09/29～10/03,委託内訳,,法人,SELL,1610005090,5.8,-67652427
2025-10-02,stock_val_1_251002.xls,2025-10-W2,2025-10-06,2025-10-10,PREVIOUS,09/29～10/03,09/29～10/03,委託内訳,,法人,BUY,1542352663,5.2,
2025-10-02,stock_val_1_251002.xls,2025-10-W2,2025-10-06,2025-10-10,CURRENT,2025-10-06,2025-10-10,委託内訳,,法人,SELL,2075876475,6.0,-504942057
2025-10-02,stock_val_1_251002.xls,2025-10-W2,2025-10-06,2025-10-10,CURRENT,2025-10-06,2025-10-10,委託内訳,,法人,BUY,1570934418,4.5,
2025-10-02,stock_val_1_251002.xls,2025-10-W2,2025-10-06,2025-10-10,PREVIOUS,09/29～10/03,09/29～10/03,委託内訳,,個人,SELL,7661873979,27.5,
2025-10-02,stock_val_1_251002.xls,2025-10-W2,2025-10-06,2025-10-10,PREVIOUS,09/29～10/03,09/29～10/03,委託内訳,,個人,BUY,8084137316,27.5,422263337
2025-10-02,stock_val_1_251002.xls,2025-10-W2,2025-10-06,2025-10-10,CURRENT,2025-10-06,2025-10-10,委託内訳,,個人,SELL,10564523577,30.4,-429019706
2025-10-02,stock_val_1_251002.xls,2025-10-W2,2025-10-06,2025-10-10,CURRENT,2025-10-06,2025-10-10,委託内訳,,個人,BUY,10135503871,29.1,
2025-10-02,stock_val_1_251002.xls,2025-10-W2,2025-10-06,2025-10-10,PREVIOUS,09/29～10/03,09/29～10/03,委託内訳,,海外投資家,SELL,18419131855,66.2,
2025-10-02,stock_val_1_251002.xls,2025-10-W2,2025-10-06,2025-10-10,PREVIOUS,09/29～10/03,09/29～10/03,委託内訳,,海外投資家,BUY,19658979714,66.8,1239847859
2025-10-02,stock_val_1_251002.xls,2025-10-W2,2025-10-06,2025-10-10,CURRENT,2025-10-06,2025-10-10,委託内訳,,海外投資家,SELL,21968075679,63.2,
2025-10-02,stock_val_1_251002.xls,2025-10-W2,2025-10-06,2025-10-10,CURRENT,2025-10-06,2025-10-10,委託内訳,,海外投資家,BUY,23026753081,66.0,1058677402
2025-10-02,stock_val_1_251002.xls,2025-10-W2,2025-10-06,2025-10-10,PREVIOUS,09/29～10/03,09/29～10/03,委託内訳,,証券会社,SELL,126300216,0.5,
2025-10-02,stock_val_1_251002.xls,2025-10-W2,2025-10-06,2025-10-10,PREVIOUS,09/29～10/03,09/29～10/03,委託内訳,,証券会社,BUY,132163427,0.4,5863211
2025-10-02,stock_val_1_251002.xls,2025-10-W2,2025-10-06,2025-10-10,CURRENT,2025-10-06,2025-10-10,委託内訳,,証券会社,SELL,169523984,0.5,-23152551
2025-10-02,stock_val_1_251002.xls,2025-10-W2,2025-10-06,2025-10-10,CURRENT,2025-10-06,2025-10-10,委託内訳,,証券会社,BUY,146371433,0.4,
2025-10-02,stock_val_1_251002.xls,2025-10-W2,2025-10-06,2025-10-10,PREVIOUS,09/29～10/03,09/29～10/03,委託内訳,法人内訳,投資信託,SELL,410593725,1.5,
2025-10-02,stock_val_1_251002.xls,2025-10-W2,2025-10-06,2025-10-10,PREVIOUS,09/29～10/03,09/29～10/03,委託内訳,法人内訳,投資信託,BUY,475679342,1.6,65085617
2025-10-02,stock_val_1_251002.xls,2025-10-W2,2025-10-06,2025-10-10,CURRENT,2025-10-06,2025-10-10,委託内訳,法人内訳,投資信託,SELL,459380301,1.3,-36365222
2025-10-02,stock_val_1_251002.xls,2025-10-W2,2025-10-06,2025-10-10,CURRENT,2025-10-06,2025-10-10,委託内訳,法人内訳,投資信託,BUY,423015079,1.2,
2025-10-02,stock_val_1_251002.xls,2025-10-W2,2025-10-06,2025-10-10,PREVIOUS,09/29～10/03,09/29～10/03,委託内訳,法人内訳,事業法人,SELL,315010907,1.1,
2025-10-02,stock_val_1_251002.xls,2025-10-W2,2025-10-06,2025-10-10,PREVIOUS,09/29～10/03,09/29～10/03,委託内訳,法人内訳,事業法人,BUY,437719625,1.5,122708718
2025-10-02,stock_val_1_251002.xls,2025-10-W2,2025-10-06,2025-10-10,CURRENT,2025-10-06,2025-10-10,委託内訳,法人内訳,事業法人,SELL,407263719,1.2,
2025-10-02,stock_val_1_251002.xls,2025-10-W2,2025-10-06,2025-10-10,CURRENT,2025-10-06,2025-10-10,委託内訳,法人内訳,事業法人,BUY,557713325,1.6,150449606
2025-10-02,stock_val_1_251002.xls,2025-10-W2,2025-10-06,2025-10-10,PREVIOUS,09/29～10/03,09/29～10/03,委託内訳,法人内訳,その他法人等,SELL,46993102,0.2,
2025-10-02,stock_val_1_251002.xls,2025-10-W2,2025-10-06,2025-10-10,PREVIOUS,09/29～10/03,09/29～10/03,委託内訳,法人内訳,その他法人等,BUY,67053842,0.2,20060740
2025-10-02,stock_val_1_251002.xls,2025-10-W2,2025-10-06,2025-10-10,CURRENT,2025-10-06,2025-10-10,委託内訳,法人内訳,その他法人等,SELL,72370753,0.2,
2025-10-02,stock_val_1_251002.xls,2025-10-W2,2025-10-06,2025-10-10,CURRENT,2025-10-06,2025-10-10,委託内訳,法人内訳,その他法人等,BUY,98016253,0.3,25645500
2025-10-02,stock_val_1_251002.xls,2025-10-W2,2025-10-06,2025-10-10,PREVIOUS,09/29～10/03,09/29～10/03,委託内訳,法人内訳,金融機関,SELL,837407356,3.0,-275507502
2025-10-02,stock_val_1_251002.xls,2025-10-W2,2025-10-06,2025-10-10,PREVIOUS,09/29～10/03,09/29～10/03,委託内訳,法人内訳,金融機関,BUY,561899854,1.9,
2025-10-02,stock_val_1_251002.xls,2025-10-W2,2025-10-06,2025-10-10,CURRENT,2025-10-06,2025-10-10,委託内訳,法人内訳,金融機関,SELL,1136861702,3.3,-644671941
2025-10-02,stock_val_1_251002.xls,2025-10-W2,2025-10-06,2025-10-10,CURRENT,2025-10-06,2025-10-10,委託内訳,法人内訳,金融機関,BUY,492189761,1.4,
2025-10-02,stock_val_1_251002.xls,2025-10-W2,2025-10-06,2025-10-10,PREVIOUS,09/29～10/03,09/29～10/03,委託内訳,金融機関内訳,生保・損保,SELL,31886263,0.1,-23231836
2025-10-02,stock_val_1_251002.xls,2025-10-W2,2025-10-06,2025-10-10,PREVIOUS,09/29～10/03,09/29～10/03,委託内訳,金融機関内訳,生保・損保,BUY,8654427,0.0,
2025-10-02,stock_val_1_251002.xls,2025-10-W2,2025-10-06,2025-10-10,CURRENT,2025-10-06,2025-10-10,委託内訳,金融機関内訳,生保・損保,SELL,106529688,0.3,-78874712
2025-10-02,stock_val_1_251002.xls,2025-10-W2,2025-10-06,2025-10-10,CURRENT,2025-10-06,2025-10-10,委託内訳,金融機関内訳,生保・損保,BUY,27654976,0.1,
2025-10-02,stock_val_1_251002.xls,2025-10-W2,2025-10-06,2025-10-10,PREVIOUS,09/29～10/03,09/29～10/03,委託内訳,金融機関内訳,都銀・地銀等,SELL,47638886,0.2,-36395880
2025-10-02,stock_val_1_251002.xls,2025-10-W2,2025-10-06,2025-10-10,PREVIOUS,09/29～10/03,09/29～10/03,委託内訳,金融機関内訳,都銀・地銀等,BUY,11243006,0.0,
2025-10-02,stock_val_1_251002.xls,2025-10-W2,2025-10-06,2025-10-10,CURRENT,2025-10-06,2025-10-10,委託内訳,金融機関内訳,都銀・地銀等,SELL,71536954,0.2,-60886323
2025-10-02,stock_val_1_251002.xls,2025-10-W2,2025-10-06,2025-10-10,CURRENT,2025-10-06,2025-10-10,委託内訳,金融機関内訳,都銀・地銀等,BUY,10650631,0.0,
2025-10-02,stock_val_1_251002.xls,2025-10-W2,2025-10-06,2025-10-10,PREVIOUS,09/29～10/03,09/29～10/03,委託内訳,金融機関内訳,信託銀行,SELL,731851100,2.6,-213666085
2025-10-02,stock_val_1_251002.xls,2025-10-W2,2025-10-06,2025-10-10,PREVIOUS,09/29～10/03,09/29～10/03,委託内訳,金融機関内訳,信託銀行,BUY,518185015,1.8,
2025-10-02,stock_val_1_251002.xls,2025-10-W2,2025-10-06,2025-10-10,CURRENT,2025-10-06,2025-10-10,委託内訳,金融機関内訳,信託銀行,SELL,904346536,2.6,-488226339
2025-10-02,stock_val_1_251002.xls,2025-10-W2,2025-10-06,2025-10-10,CURRENT,2025-10-06,2025-10-10,委託内訳,金融機関内訳,信託銀行,BUY,416120197,1.2,
2025-10-02,stock_val_1_251002.xls,2025-10-W2,2025-10-06,2025-10-10,PREVIOUS,09/29～10/03,09/29～10/03,委託内訳,金融機関内訳,その他金融機関,SELL,26031107,0.1,-2213701
2025-10-02,stock_val_1_251002.xls,2025-10-W2,2025-10-06,2025-10-10,PREVIOUS,09/29～10/03,09/29～10/03,委託内訳,金融機関内訳,その他金融機関,BUY,23817406,0.1,
2025-10-02,stock_val_1_251002.xls,2025-10-W2,2025-10-06,2025-10-10,CURRENT,2025-10-06,2025-10-10,委託内訳,金融機関内訳,その他金融機関,SELL,54448524,0.2,-16684567
2025-10-02,stock_val_1_251002.xls,2025-10-W2,2025-10-06,2025-10-10,CURRENT,2025-10-06,2025-10-10,委託内訳,金融機関内訳,その他金融機関,BUY,37763957,0.1,
2025-10-03,stock_val_1_251003.xls,2025-10-W3,2025-10-14,2025-10-17,PREVIOUS,10/06～10/10,10/06～10/10,委託内訳,,法人,SELL,2075876475,6.0,-504942057
2025-10-03,stock_val_1_251003.xls,2025-10-W3,2025-10-14,2025-10-17,PREVIOUS,10/06～10/10,10/06～10/10,委託内訳,,法人,BUY,1570934418,4.5,
2025-10-03,stock_val_1_251003.xls,2025-10-W3,2025-10-14,2025-10-17,CURRENT,2025-10-14,2025-10-17,委託内訳,,法人,SELL,1308705277,5.3,-143878510
2025-10-03,stock_val_1_251003.xls,2025-10-W3,2025-10-14,2025-10-17,CURRENT,2025-10-14,2025-10-17,委託内訳,,法人,BUY,1164826767,4.7,
2025-10-03,stock_val_1_251003.xls,2025-10-W3,2025-10-14,2025-10-17,PREVIOUS,10/06～10/10,10/06～10/10,委託内訳,,個人,SELL,10564523577,30.4,-429019706
2025-10-03,stock_val_1_251003.xls,2025-10-W3,2025-10-14,2025-10-17,PREVIOUS,10/06～10/10,10/06～10/10,委託内訳,,個人,BUY,10135503871,29.1,
2025-10-03,stock_val_1_251003.xls,2025-10-W3,2025-10-14,2025-10-17,CURRENT,2025-10-14,2025-10-17,委託内訳,,個人,SELL,6839213845,27.9,
2025-10-03,stock_val_1_251003.xls,2025-10-W3,2025-10-14,2025-10-17,CURRENT,2025-10-14,2025-10-17,委託内訳,,個人,BUY,7182330321,28.9,343116476
2025-10-03,stock_val_1_251003.xls,2025-10-W3,2025-10-14,2025-10-17,PREVIOUS,10/06～10/10,10/06～10/10,委託内訳,,海外投資家,SELL,21968075679,63.2,
2025-10-03,stock_val_1_251003.xls,2025-10-W3,2025-10-14,2025-10-17,PREVIOUS,10/06～10/10,10/06～10/10,委託内訳,,海外投資家,BUY,23026753081,66.0,1058677402
2025-10-03,stock_val_1_251003.xls,2025-10-W3,2025-10-14,2025-10-17,CURRENT,2025-10-14,2025-10-17,委託内訳,,海外投資家,SELL,16254163090,66.3,
2025-10-03,stock_val_1_251003.xls,2025-10-W3,2025-10-14,2025-10-17,CURRENT,2025-10-14,2025-10-17,委託内訳,,海外投資家,BUY,16407446959,66.0,153283869
2025-10-03,stock_val_1_251003.xls,2025-10-W3,2025-10-14,2025-10-17,PREVIOUS,10/06～10/10,10/06～10/10,委託内訳,,証券会社,SELL,169523984,0.5,-23152551
2025-10-03,stock_val_1_251003.xls,2025-10-W3,2025-10-14,2025-10-17,PREVIOUS,10/06～10/10,10/06～10/10,委託内訳,,証券会社,BUY,146371433,0.4,
2025-10-03,stock_val_1_251003.xls,2025-10-W3,2025-10-14,2025-10-17,CURRENT,2025-10-14,2025-10-17,委託内訳,,証券会社,SELL,116995569,0.5,
2025-10-03,stock_val_1_251003.xls,2025-10-W3,2025-10-14,2025-10-17,CURRENT,2025-10-14,2025-10-17,委託内訳,,証券会社,BUY,123607151,0.5,6611582
2025-10-03,stock_val_1_251003.xls,2025-10-W3,2025-10-14,2025-10-17,PREVIOUS,10/06～10/10,10/06～10/10,委託内訳,法人内訳,投資信託,SELL,459380301,1.3,-36365222
2025-10-03,stock_val_1_251003.xls,2025-10-W3,2025-10-14,2025-10-17,PREVIOUS,10/06～10/10,10/06～10/10,委託内訳,法人内訳,投資信託,BUY,423015079,1.2,
2025-10-03,stock_val_1_251003.xls,2025-10-W3,2025-10-14,2025-10-17,CURRENT,2025-10-14,2025-10-17,委託内訳,法人内訳,投資信託,SELL,476111049,1.9,-152487276
2025-10-03,stock_val_1_251003.xls,2025-10-W3,2025-10-14,2025-10-17,CURRENT,2025-10-14,2025-10-17,委託内訳,法人内訳,投資信託,BUY,323623773,1.3,
2025-10-03,stock_val_1_251003.xls,2025-10-W3,2025-10-14,2025-10-17,PREVIOUS,10/06～10/10,10/06～10/10,委託内訳,法人内訳,事業法人,SELL,407263719,1.2,
2025-10-03,stock_val_1_251003.xls,2025-10-W3,2025-10-14,2025-10-17,PREVIOUS,10/06～10/10,10/06～10/10,委託内訳,法人内訳,事業法人,BUY,557713325,1.6,150449606
2025-10-03,stock_val_1_251003.xls,2025-10-W3,2025-10-14,2025-10-17,CURRENT,2025-10-14,2025-10-17,委託内訳,法人内訳,事業法人,SELL,304811374,1.2,
2025-10-03,stock_val_1_251003.xls,2025-10-W3,2025-10-14,2025-10-17,CURRENT,2025-10-14,2025-10-17,委託内訳,法人内訳,事業法人,BUY,436208099,1.8,131396725
2025-10-03,stock_val_1_251003.xls,2025-10-W3,2025-10-14,2025-10-17,PREVIOUS,10/06～10/10,10/06～10/10,委託内訳,法人内訳,その他法人等,SELL,72370753,0.2,
2025-10-03,stock_val_1_251003.xls,2025-10-W3,2025-10-14,2025-10-17,PREVIOUS,10/06～10/10,10/06～10/10,委託内訳,法人内訳,その他法人等,BUY,98016253,0.3,25645500
2025-10-03,stock_val_1_251003.xls,2025-10-W3,2025-10-14,2025-10-17,CURRENT,2025-10-14,2025-10-17,委託内訳,法人内訳,その他法人等,SELL,46641120,0.2,
2025-10-03,stock_val_1_251003.xls,2025-10-W3,2025-10-14,2025-10-17,CURRENT,2025-10-14,2025-10-17,委託内訳,法人内訳,その他法人等,BUY,49645205,0.2,3004085
2025-10-03,stock_val_1_251003.xls,2025-10-W3,2025-10-14,2025-10-17,PREVIOUS,10/06～10/10,10/06～10/10,委託内訳,法人内訳,金融機関,SELL,1136861702,3.3,-644671941
2025-10-03,stock_val_1_251003.xls,2025-10-W3,2025-10-14,2025-10-17,PREVIOUS,10/06～10/10,10/06～10/10,委託内訳,法人内訳,金融機関,BUY,492189761,1.4,
2025-10-03,stock_val_1_251003.xls,2025-10-W3,2025-10-14,2025-10-17,CURRENT,2025-10-14,2025-10-17,委託内訳,法人内訳,金融機関,SELL,481141734,2.0,-125792044
2025-10-03,stock_val_1_251003.xls,2025-10-W3,2025-10-14,2025-10-17,CURRENT,2025-10-14,2025-10-17,委託内訳,法人内訳,金融機関,BUY,355349690,1.4,
2025-10-03,stock_val_1_251003.xls,2025-10-W3,2025-10-14,2025-10-17,PREVIOUS,10/06～10/10,10/06～10/10,委託内訳,金融機関内訳,生保・損保,SELL,106529688,0.3,-78874712
2025-10-03,stock_val_1_251003.xls,2025-10-W3,2025-10-14,2025-10-17,PREVIOUS,10/06～10/10,10/06～10/10,委託内訳,金融機関内訳,生保・損保,BUY,27654976,0.1,
2025-10-03,stock_val_1_251003.xls,2025-10-W3,2025-10-14,2025-10-17,CURRENT,2025-10-14,2025-10-17,委託内訳,金融機関内訳,生保・損保,SELL,59519986,0.2,-42019707
2025-10-03,stock_val_1_251003.xls,2025-10-W3,2025-10-14,2025-10-17,CURRENT,2025-10-14,2025-10-17,委託内訳,金融機関内訳,生保・損保,BUY,17500279,0.1,
2025-10-03,stock_val_1_251003.xls,2025-10-W3,2025-10-14,2025-10-17,PREVIOUS,10/06～10/10,10/06～10/10,委託内訳,金融機関内訳,都銀・地銀等,SELL,71536954,0.2,-60886323
2025-10-03,stock_val_1_251003.xls,2025-10-W3,2025-10-14,2025-10-17,PREVIOUS,10/06～10/10,10/06～10/10,委託内訳,金融機関内訳,都銀・地銀等,BUY,10650631,0.0,
2025-10-03,stock_val_1_251003.xls,2025-10-W3,2025-10-14,2025-10-17,CURRENT,2025-10-14,2025-10-17,委託内訳,金融機関内訳,都銀・地銀等,SELL,83303281,0.3,-72621753
2025-10-03,stock_val_1_251003.xls,2025-10-W3,2025-10-14,2025-10-17,CURRENT,2025-10-14,2025-10-17,委託内訳,金融機関内訳,都銀・地銀等,BUY,10681528,0.0,
2025-10-03,stock_val_1_251003.xls,2025-10-W3,2025-10-14,2025-10-17,PREVIOUS,10/06～10/10,10/06～10/10,委託内訳,金融機関内訳,信託銀行,SELL,904346536,2.6,-488226339
2025-10-03,stock_val_1_251003.xls,2025-10-W3,2025-10-14,2025-10-17,PREVIOUS,10/06～10/10,10/06～10/10,委託内訳,金融機関内訳,信託銀行,BUY,416120197,1.2,
2025-10-03,stock_val_1_251003.xls,2025-10-W3,2025-10-14,2025-10-17,CURRENT,2025-10-14,2025-10-17,委託内訳,金融機関内訳,信託銀行,SELL,302006184,1.2,-10911085
2025-10-03,stock_val_1_251003.xls,2025-10-W3,2025-10-14,2025-10-17,CURRENT,2025-10-14,2025-10-17,委託内訳,金融機関内訳,信託銀行,BUY,291095099,1.2,
2025-10-03,stock_val_1_251003.xls,2025-10-W3,2025-10-14,2025-10-17,PREVIOUS,10/06～10/10,10/06～10/10,委託内訳,金融機関内訳,その他金融機関,SELL,54448524,0.2,-16684567
2025-10-03,stock_val_1_251003.xls,2025-10-W3,2025-10-14,2025-10-17,PREVIOUS,10/06～10/10,10/06～10/10,委託内訳,金融機関内訳,その他金融機関,BUY,37763957,0.1,
2025-10-03,stock_val_1_251003.xls,2025-10-W3,2025-10-14,2025-10-17,CURRENT,2025-10-14,2025-10-17,委託内訳,金融機関内訳,その他金融機関,SELL,36312283,0.1,-239499
2025-10-03,stock_val_1_251003.xls,2025-10-W3,2025-10-14,2025-10-17,CURRENT,2025-10-14,2025-10-17,委託内訳,金融機関内訳,その他金融機関,BUY,36072784,0.1,
2025-10-04,stock_val_1_251004.xls,2025-10-W4,2025-10-20,2025-10-24,PREVIOUS,10/14～10/17,10/14～10/17,委託内訳,,法人,SELL,1308705277,5.3,-143878510
2025-10-04,stock_val_1_251004.xls,2025-10-W4,2025-10-20,2025-10-24,PREVIOUS,10/14～10/17,10/14～10/17,委託内訳,,法人,BUY,1164826767,4.7,
2025-10-04,stock_val_1_251004.xls,2025-10-W4,2025-10-20,2025-10-24,CURRENT,2025-10-20,2025-10-24,委託内訳,,法人,SELL,1580226806,5.1,-171348330
2025-10-04,stock_val_1_251004.xls,2025-10-W4,2025-10-20,2025-10-24,CURRENT,2025-10-20,2025-10-24,委託内訳,,法人,BUY,1408878476,4.5,
2025-10-04,stock_val_1_251004.xls,2025-10-W4,2025-10-20,2025-10-24,PREVIOUS,10/14～10/17,10/14～10/17,委託内訳,,個人,SELL,6839213845,27.9,
2025-10-04,stock_val_1_251004.xls,2025-10-W4,2025-10-20,2025-10-24,PREVIOUS,10/14～10/17,10/14～10/17,委託内訳,,個人,BUY,7182330321,28.9,343116476
2025-10-04,stock_val_1_251004.xls,2025-10-W4,2025-10-20,2025-10-24,CURRENT,2025-10-20,2025-10-24,委託内訳,,個人,SELL,10087145053,32.4,-512482450
2025-10-04,stock_val_1_251004.xls,2025-10-W4,2025-10-20,2025-10-24,CURRENT,2025-10-20,2025-10-24,委託内訳,,個人,BUY,9574662603,30.8,
2025-10-04,stock_val_1_251004.xls,2025-10-W4,2025-10-20,2025-10-24,PREVIOUS,10/14～10/17,10/14～10/17,委託内訳,,海外投資家,SELL,16254163090,66.3,
2025-10-04,stock_val_1_251004.xls,2025-10-W4,2025-10-20,2025-10-24,PREVIOUS,10/14～10/17,10/14～10/17,委託内訳,,海外投資家,BUY,16407446959,66.0,153283869
2025-10-04,stock_val_1_251004.xls,2025-10-W4,2025-10-20,2025-10-24,CURRENT,2025-10-20,2025-10-24,委託内訳,,海外投資家,SELL,19289248274,62.0,
2025-10-04,stock_val_1_251004.xls,2025-10-W4,2025-10-20,2025-10-24,CURRENT,2025-10-20,2025-10-24,委託内訳,,海外投資家,BUY,19932893345,64.2,643645071
2025-10-04,stock_val_1_251004.xls,2025-10-W4,2025-10-20,2025-10-24,PREVIOUS,10/14～10/17,10/14～10/17,委託内訳,,証券会社,SELL,116995569,0.5,
2025-10-04,stock_val_1_251004.xls,2025-10-W4,2025-10-20,2025-10-24,PREVIOUS,10/14～10/17,10/14～10/17,委託内訳,,証券会社,BUY,123607151,0.5,6611582
2025-10-04,stock_val_1_251004.xls,2025-10-W4,2025-10-20,2025-10-24,CURRENT,2025-10-20,2025-10-24,委託内訳,,証券会社,SELL,150666683,0.5,-24937141
2025-10-04,stock_val_1_251004.xls,2025-10-W4,2025-10-20,2025-10-24,CURRENT,2025-10-20,2025-10-24,委託内訳,,証券会社,BUY,125729542,0.4,
2025-10-04,stock_val_1_251004.xls,2025-10-W4,2025-10-20,2025-10-24,PREVIOUS,10/14～10/17,10/14～10/17,委託内訳,法人内訳,投資信託,SELL,476111049,1.9,-152487276
2025-10-04,stock_val_1_251004.xls,2025-10-W4,2025-10-20,2025-10-24,PREVIOUS,10/14～10/17,10/14～10/17,委託内訳,法人内訳,投資信託,BUY,323623773,1.3,
2025-10-04,stock_val_1_251004.xls,2025-10-W4,2025-10-20,2025-10-24,CURRENT,2025-10-20,2025-10-24,委託内訳,法人内訳,投資信託,SELL,498636513,1.6,-116556111
2025-10-04,stock_val_1_251004.xls,2025-10-W4,2025-10-20,2025-10-24,CURRENT,2025-10-20,2025-10-24,委託内訳,法人内訳,投資信託,BUY,382080402,1.2,
2025-10-04,stock_val_1_251004.xls,2025-10-W4,2025-10-20,2025-10-24,PREVIOUS,10/14～10/17,10/14～10/17,委託内訳,法人内訳,事業法人,SELL,304811374,1.2,
2025-10-04,stock_val_1_251004.xls,2025-10-W4,2025-10-20,2025-10-24,PREVIOUS,10/14～10/17,10/14～10/17,委託内訳,法人内訳,事業法人,BUY,436208099,1.8,131396725
2025-10-04,stock_val_1_251004.xls,2025-10-W4,2025-10-20,2025-10-24,CURRENT,2025-10-20,2025-10-24,委託内訳,法人内訳,事業法人,SELL,436021374,1.4,
2025-10-04,stock_val_1_251004.xls,2025-10-W4,2025-10-20,2025-10-24,CURRENT,2025-10-20,2025-10-24,委託内訳,法人内訳,事業法人,BUY,499997312,1.6,63975938
2025-10-04,stock_val_1_251004.xls,2025-10-W4,2025-10-20,2025-10-24,PREVIOUS,10/14～10/17,10/14～10/17,委託内訳,法人内訳,その他法人等,SELL,46641120,0.2,
2025-10-04,stock_val_1_251004.xls,2025-10-W4,2025-10-20,2025-10-24,PREVIOUS,10/14～10/17,10/14～10/17,委託内訳,法人内訳,その他法人等,BUY,49645205,0.2,3004085
2025-10-04,stock_val_1_251004.xls,2025-10-W4,2025-10-20,2025-10-24,CURRENT,2025-10-20,2025-10-24,委託内訳,法人内訳,その他法人等,SELL,66716524,0.2,
2025-10-04,stock_val_1_251004.xls,2025-10-W4,2025-10-20,2025-10-24,CURRENT,2025-10-20,2025-10-24,委託内訳,法人内訳,その他法人等,BUY,92705308,0.3,25988784
2025-10-04,stock_val_1_251004.xls,2025-10-W4,2025-10-20,2025-10-24,PREVIOUS,10/14～10/17,10/14～10/17,委託内訳,法人内訳,金融機関,SELL,481141734,2.0,-125792044
2025-10-04,stock_val_1_251004.xls,2025-10-W4,2025-10-20,2025-10-24,PREVIOUS,10/14～10/17,10/14～10/17,委託内訳,法人内訳,金融機関,BUY,355349690,1.4,
2025-10-04,stock_val_1_251004.xls,2025-10-W4,2025-10-20,2025-10-24,CURRENT,2025-10-20,2025-10-24,委託内訳,法人内訳,金融機関,SELL,578852395,1.9,-144756941
2025-10-04,stock_val_1_251004.xls,2025-10-W4,2025-10-20,2025-10-24,CURRENT,2025-10-20,2025-10-24,委託内訳,法人内訳,金融機関,BUY,434095454,1.4,
2025-10-04,stock_val_1_251004.xls,2025-10-W4,2025-10-20,2025-10-24,PREVIOUS,10/14～10/17,10/14～10/17,委託内訳,金融機関内訳,生保・損保,SELL,59519986,0.2,-42019707
2025-10-04,stock_val_1_251004.xls,2025-10-W4,2025-10-20,2025-10-24,PREVIOUS,10/14～10/17,10/14～10/17,委託内訳,金融機関内訳,生保・損保,BUY,17500279,0.1,
2025-10-04,stock_val_1_251004.xls,2025-10-W4,2025-10-20,2025-10-24,CURRENT,2025-10-20,2025-10-24,委託内訳,金融機関内訳,生保・損保,SELL,60265709,0.2,-49688632
2025-10-04,stock_val_1_251004.xls,2025-10-W4,2025-10-20,2025-10-24,CURRENT,2025-10-20,2025-10-24,委託内訳,金融機関内訳,生保・損保,BUY,10577077,0.0,
2025-10-04,stock_val_1_251004.xls,2025-10-W4,2025-10-20,2025-10-24,PREVIOUS,10/14～10/17,10/14～10/17,委託内訳,金融機関内訳,都銀・地銀等,SELL,83303281,0.3,-72621753
2025-10-04,stock_val_1_251004.xls,2025-10-W4,2025-10-20,2025-10-24,PREVIOUS,10/14～10/17,10/14～10/17,委託内訳,金融機関内訳,都銀・地銀等,BUY,10681528,0.0,
2025-10-04,stock_val_1_251004.xls,2025-10-W4,2025-10-20,2025-10-24,CURRENT,2025-10-20,2025-10-24,委託内訳,金融機関内訳,都銀・地銀等,SELL,35616625,0.1,-8543520
2025-10-04,stock_val_1_251004.xls,2025-10-W4,2025-10-20,2025-10-24,CURRENT,2025-10-20,2025-10-24,委託内訳,金融機関内訳,都銀・地銀等,BUY,27073105,0.1,
2025-10-04,stock_val_1_251004.xls,2025-10-W4,2025-10-20,2025-10-24,PREVIOUS,10/14～10/17,10/14～10/17,委託内訳,金融機関内訳,信託銀行,SELL,302006184,1.2,-10911085
2025-10-04,stock_val_1_251004.xls,2025-10-W4,2025-10-20,2025-10-24,PREVIOUS,10/14～10/17,10/14～10/17,委託内訳,金融機関内訳,信託銀行,BUY,291095099,1.2,
2025-10-04,stock_val_1_251004.xls,2025-10-W4,2025-10-20,2025-10-24,CURRENT,2025-10-20,2025-10-24,委託内訳,金融機関内訳,信託銀行,SELL,449008967,1.4,-78640830
2025-10-04,stock_val_1_251004.xls,2025-10-W4,2025-10-20,2025-10-24,CURRENT,2025-10-20,2025-10-24,委託内訳,金融機関内訳,信託銀行,BUY,370368137,1.2,
2025-10-04,stock_val_1_251004.xls,2025-10-W4,2025-10-20,2025-10-24,PREVIOUS,10/14～10/17,10/14～10/17,委託内訳,金融機関内訳,その他金融機関,SELL,36312283,0.1,-239499
2025-10-04,stock_val_1_251004.xls,2025-10-W4,2025-10-20,2025-10-24,PREVIOUS,10/14～10/17,10/14～10/17,委託内訳,金融機関内訳,その他金融機関,BUY,36072784,0.1,
2025-10-04,stock_val_1_251004.xls,2025-10-W4,2025-10-20,2025-10-24,CURRENT,2025-10-20,2025-10-24,委託内訳,金融機関内訳,その他金融機関,SELL,33961094,0.1,-7883959
2025-10-04,stock_val_1_251004.xls,2025-10-W4,2025-10-20,2025-10-24,CURRENT,2025-10-20,2025-10-24,委託内訳,金融機関内訳,その他金融機関,BUY,26077135,0.1,
2025-10-05,stock_val_1_251005.xls,2025-10-W5,2025-10-27,2025-10-31,PREVIOUS,10/20～10/24,10/20～10/24,委託内訳,,法人,SELL,1580226806,5.1,-171348330
2025-10-05,stock_val_1_251005.xls,2025-10-W5,2025-10-27,2025-10-31,PREVIOUS,10/20～10/24,10/20～10/24,委託内訳,,法人,BUY,1408878476,4.5,
2025-10-05,stock_val_1_251005.xls,2025-10-W5,2025-10-27,2025-10-31,CURRENT,2025-10-27,2025-10-31,委託内訳,,法人,SELL,4229681086,9.8,-72988818
2025-10-05,stock_val_1_251005.xls,2025-10-W5,2025-10-27,2025-10-31,CURRENT,2025-10-27,2025-10-31,委託内訳,,法人,BUY,4156692268,9.6,
2025-10-05,stock_val_1_251005.xls,2025-10-W5,2025-10-27,2025-10-31,PREVIOUS,10/20～10/24,10/20～10/24,委託内訳,,個人,SELL,10087145053,32.4,-512482450
2025-10-05,stock_val_1_251005.xls,2025-10-W5,2025-10-27,2025-10-31,PREVIOUS,10/20～10/24,10/20～10/24,委託内訳,,個人,BUY,9574662603,30.8,
2025-10-05,stock_val_1_251005.xls,2025-10-W5,2025-10-27,2025-10-31,CURRENT,2025-10-27,2025-10-31,委託内訳,,個人,SELL,11552885453,26.8,-187683117
2025-10-05,stock_val_1_251005.xls,2025-10-W5,2025-10-27,2025-10-31,CURRENT,2025-10-27,2025-10-31,委託内訳,,個人,BUY,11365202336,26.4,
2025-10-05,stock_val_1_251005.xls,2025-10-W5,2025-10-27,2025-10-31,PREVIOUS,10/20～10/24,10/20～10/24,委託内訳,,海外投資家,SELL,19289248274,62.0,
2025-10-05,stock_val_1_251005.xls,2025-10-W5,2025-10-27,2025-10-31,PREVIOUS,10/20～10/24,10/20～10/24,委託内訳,,海外投資家,BUY,19932893345,64.2,643645071
2025-10-05,stock_val_1_251005.xls,2025-10-W5,2025-10-27,2025-10-31,CURRENT,2025-10-27,2025-10-31,委託内訳,,海外投資家,SELL,27107294438,63.0,
2025-10-05,stock_val_1_251005.xls,2025-10-W5,2025-10-27,2025-10-31,CURRENT,2025-10-27,2025-10-31,委託内訳,,海外投資家,BUY,27453236403,63.7,345941965
2025-10-05,stock_val_1_251005.xls,2025-10-W5,2025-10-27,2025-10-31,PREVIOUS,10/20～10/24,10/20～10/24,委託内訳,,証券会社,SELL,150666683,0.5,-24937141
2025-10-05,stock_val_1_251005.xls,2025-10-W5,2025-10-27,2025-10-31,PREVIOUS,10/20～10/24,10/20～10/24,委託内訳,,証券会社,BUY,125729542,0.4,
2025-10-05,stock_val_1_251005.xls,2025-10-W5,2025-10-27,2025-10-31,CURRENT,2025-10-27,2025-10-31,委託内訳,,証券会社,SELL,150774282,0.4,-11789707
2025-10-05,stock_val_1_251005.xls,2025-10-W5,2025-10-27,2025-10-31,CURRENT,2025-10-27,2025-10-31,委託内訳,,証券会社,BUY,138984575,0.3,
2025-10-05,stock_val_1_251005.xls,2025-10-W5,2025-10-27,2025-10-31,PREVIOUS,10/20～10/24,10/20～10/24,委託内訳,法人内訳,投資信託,SELL,498636513,1.6,-116556111
2025-10-05,stock_val_1_251005.xls,2025-10-W5,2025-10-27,2025-10-31,PREVIOUS,10/20～10/24,10/20～10/24,委託内訳,法人内訳,投資信託,BUY,382080402,1.2,
2025-10-05,stock_val_1_251005.xls,2025-10-W5,2025-10-27,2025-10-31,CURRENT,2025-10-27,2025-10-31,委託内訳,法人内訳,投資信託,SELL,1851218696,4.3,-336537362
2025-10-05,stock_val_1_251005.xls,2025-10-W5,2025-10-27,2025-10-31,CURRENT,2025-10-27,2025-10-31,委託内訳,法人内訳,投資信託,BUY,1514681334,3.5,
2025-10-05,stock_val_1_251005.xls,2025-10-W5,2025-10-27,2025-10-31,PREVIOUS,10/20～10/24,10/20～10/24,委託内訳,法人内訳,事業法人,SELL,436021374,1.4,
2025-10-05,stock_val_1_251005.xls,2025-10-W5,2025-10-27,2025-10-31,PREVIOUS,10/20～10/24,10/20～10/24,委託内訳,法人内訳,事業法人,BUY,499997312,1.6,63975938
2025-10-05,stock_val_1_251005.xls,2025-10-W5,2025-10-27,2025-10-31,CURRENT,2025-10-27,2025-10-31,委託内訳,法人内訳,事業法人,SELL,381450612,0.9,
2025-10-05,stock_val_1_251005.xls,2025-10-W5,2025-10-27,2025-10-31,CURRENT,2025-10-27,2025-10-31,委託内訳,法人内訳,事業法人,BUY,548817883,1.3,167367271
2025-10-05,stock_val_1_251005.xls,2025-10-W5,2025-10-27,2025-10-31,PREVIOUS,10/20～10/24,10/20～10/24,委託内訳,法人内訳,その他法人等,SELL,66716524,0.2,
2025-10-05,stock_val_1_251005.xls,2025-10-W5,2025-10-27,2025-10-31,PREVIOUS,10/20～10/24,10/20～10/24,委託内訳,法人内訳,その他法人等,BUY,92705308,0.3,25988784
2025-10-05,stock_val_1_251005.xls,2025-10-W5,2025-10-27,2025-10-31,CURRENT,2025-10-27,2025-10-31,委託内訳,法人内訳,その他法人等,SELL,79271304,0.2,
2025-10-05,stock_val_1_251005.xls,2025-10-W5,2025-10-27,2025-10-31,CURRENT,2025-10-27,2025-10-31,委託内訳,法人内訳,その他法人等,BUY,91339797,0.2,12068493
2025-10-05,stock_val_1_251005.xls,2025-10-W5,2025-10-27,2025-10-31,PREVIOUS,10/20～10/24,10/20～10/24,委託内訳,法人内訳,金融機関,SELL,578852395,1.9,-144756941
2025-10-05,stock_val_1_251005.xls,2025-10-W5,2025-10-27,2025-10-31,PREVIOUS,10/20～10/24,10/20～10/24,委託内訳,法人内訳,金融機関,BUY,434095454,1.4,
2025-10-05,stock_val_1_251005.xls,2025-10-W5,2025-10-27,2025-10-31,CURRENT,2025-10-27,2025-10-31,委託内訳,法人内訳,金融機関,SELL,1917740474,4.5,
2025-10-05,stock_val_1_251005.xls,2025-10-W5,2025-10-27,2025-10-31,CURRENT,2025-10-27,2025-10-31,委託内訳,法人内訳,金融機関,BUY,2001853254,4.6,84112780
2025-10-05,stock_val_1_251005.xls,2025-10-W5,2025-10-27,2025-10-31,PREVIOUS,10/20～10/24,10/20～10/24,委託内訳,金融機関内訳,生保・損保,SELL,60265709,0.2,-49688632
2025-10-05,stock_val_1_251005.xls,2025-10-W5,2025-10-27,2025-10-31,PREVIOUS,10/20～10/24,10/20～10/24,委託内訳,金融機関内訳,生保・損保,BUY,10577077,0.0,
2025-10-05,stock_val_1_251005.xls,2025-10-W5,2025-10-27,2025-10-31,CURRENT,2025-10-27,2025-10-31,委託内訳,金融機関内訳,生保・損保,SELL,62480245,0.1,-38046388
2025-10-05,stock_val_1_251005.xls,2025-10-W5,2025-10-27,2025-10-31,CURRENT,2025-10-27,2025-10-31,委託内訳,金融機関内訳,生保・損保,BUY,24433857,0.1,
2025-10-05,stock_val_1_251005.xls,2025-10-W5,2025-10-27,2025-10-31,PREVIOUS,10/20～10/24,10/20～10/24,委託内訳,金融機関内訳,都銀・地銀等,SELL,35616625,0.1,-8543520
2025-10-05,stock_val_1_251005.xls,2025-10-W5,2025-10-27,2025-10-31,PREVIOUS,10/20～10/24,10/20～10/24,委託内訳,金融機関内訳,都銀・地銀等,BUY,27073105,0.1,
2025-10-05,stock_val_1_251005.xls,2025-10-W5,2025-10-27,2025-10-31,CURRENT,2025-10-27,2025-10-31,委託内訳,金融機関内訳,都銀・地銀等,SELL,573406543,1.3,-20375009
2025-10-05,stock_val_1_251005.xls,2025-10-W5,2025-10-27,2025-10-31,CURRENT,2025-10-27,2025-10-31,委託内訳,金融機関内訳,都銀・地銀等,BUY,553031534,1.3,
2025-10-05,stock_val_1_251005.xls,2025-10-W5,2025-10-27,2025-10-31,PREVIOUS,10/20～10/24,10/20～10/24,委託内訳,金融機関内訳,信託銀行,SELL,449008967,1.4,-78640830
2025-10-05,stock_val_1_251005.xls,2025-10-W5,2025-10-27,2025-10-31,PREVIOUS,10/20～10/24,10/20～10/24,委託内訳,金融機関内訳,信託銀行,BUY,370368137,1.2,
2025-10-05,stock_val_1_251005.xls,2025-10-W5,2025-10-27,2025-10-31,CURRENT,2025-10-27,2025-10-31,委託内訳,金融機関内訳,信託銀行,SELL,1246882448,2.9,
2025-10-05,stock_val_1_251005.xls,2025-10-W5,2025-10-27,2025-10-31,CURRENT,2025-10-27,2025-10-31,委託内訳,金融機関内訳,信託銀行,BUY,1385717524,3.2,138835076
2025-10-05,stock_val_1_251005.xls,2025-10-W5,2025-10-27,2025-10-31,PREVIOUS,10/20～10/24,10/20～10/24,委託内訳,金融機関内訳,その他金融機関,SELL,33961094,0.1,-7883959
2025-10-05,stock_val_1_251005.xls,2025-10-W5,2025-10-27,2025-10-31,PREVIOUS,10/20～10/24,10/20～10/24,委託内訳,金融機関内訳,その他金融機関,BUY,26077135,0.1,
2025-10-05,stock_val_1_251005.xls,2025-10-W5,2025-10-27,2025-10-31,CURRENT,2025-10-27,2025-10-31,委託内訳,金融機関内訳,その他金融機関,SELL,34971238,0.1,
2025-10-05,stock_val_1_251005.xls,2025-10-W5,2025-10-27,2025-10-31,CURRENT,2025-10-27,2025-10-31,委託内訳,金融機関内訳,その他金融機関,BUY,38670339,0.1,3699101
2025-11-01,stock_val_1_251101.xls,2025-11-W1,2025-11-04,2025-11-07,PREVIOUS,10/27～10/31,10/27～10/31,委託内訳,,法人,SELL,4229681086,9.8,-72988818
2025-11-01,stock_val_1_251101.xls,2025-11-W1,2025-11-04,2025-11-07,PREVIOUS,10/27～10/31,10/27～10/31,委託内訳,,法人,BUY,4156692268,9.6,
2025-11-01,stock_val_1_251101.xls,2025-11-W1,2025-11-04,2025-11-07,CURRENT,2025-11-04,2025-11-07,委託内訳,,法人,SELL,1606376052,4.8,
2025-11-01,stock_val_1_251101.xls,2025-11-W1,2025-11-04,2025-11-07,CURRENT,2025-11-04,2025-11-07,委託内訳,,法人,BUY,2098292244,6.2,491916192
2025-11-01,stock_val_1_251101.xls,2025-11-W1,2025-11-04,2025-11-07,PREVIOUS,10/27～10/31,10/27～10/31,委託内訳,,個人,SELL,11552885453,26.8,-187683117
2025-11-01,stock_val_1_251101.xls,2025-11-W1,2025-11-04,2025-11-07,PREVIOUS,10/27～10/31,10/27～10/31,委託内訳,,個人,BUY,11365202336,26.4,
2025-11-01,stock_val_1_251101.xls,2025-11-W1,2025-11-04,2025-11-07,CURRENT,2025-11-04,2025-11-07,委託内訳,,個人,SELL,8854100271,26.6,
2025-11-01,stock_val_1_251101.xls,2025-11-W1,2025-11-04,2025-11-07,CURRENT,2025-11-04,2025-11-07,委託内訳,,個人,BUY,9409851686,27.6,555751415
2025-11-01,stock_val_1_251101.xls,2025-11-W1,2025-11-04,2025-11-07,PREVIOUS,10/27～10/31,10/27～10/31,委託内訳,,海外投資家,SELL,27107294438,63.0,
2025-11-01,stock_val_1_251101.xls,2025-11-W1,2025-11-04,2025-11-07,PREVIOUS,10/27～10/31,10/27～10/31,委託内訳,,海外投資家,BUY,27453236403,63.7,345941965
2025-11-01,stock_val_1_251101.xls,2025-11-W1,2025-11-04,2025-11-07,CURRENT,2025-11-04,2025-11-07,委託内訳,,海外投資家,SELL,22732479166,68.2,-355936941
2025-11-01,stock_val_1_251101.xls,2025-11-W1,2025-11-04,2025-11-07,CURRENT,2025-11-04,2025-11-07,委託内訳,,海外投資家,BUY,22376542225,65.7,
2025-11-01,stock_val_1_251101.xls,2025-11-W1,2025-11-04,2025-11-07,PREVIOUS,10/27～10/31,10/27～10/31,委託内訳,,証券会社,SELL,150774282,0.4,-11789707
2025-11-01,stock_val_1_251101.xls,2025-11-W1,2025-11-04,2025-11-07,PREVIOUS,10/27～10/31,10/27～10/31,委託内訳,,証券会社,BUY,138984575,0.3,
2025-11-01,stock_val_1_251101.xls,2025-11-W1,2025-11-04,2025-11-07,CURRENT,2025-11-04,2025-11-07,委託内訳,,証券会社,SELL,144713283,0.4,
2025-11-01,stock_val_1_251101.xls,2025-11-W1,2025-11-04,2025-11-07,CURRENT,2025-11-04,2025-11-07,委託内訳,,証券会社,BUY,165956141,0.5,21242858
2025-11-01,stock_val_1_251101.xls,2025-11-W1,2025-11-04,2025-11-07,PREVIOUS,10/27～10/31,10/27～10/31,委託内訳,法人内訳,投資信託,SELL,1851218696,4.3,-336537362
2025-11-01,stock_val_1_251101.xls,2025-11-W1,2025-11-04,2025-11-07,PREVIOUS,10/27～10/31,10/27～10/31,委託内訳,法人内訳,投資信託,BUY,1514681334,3.5,
2025-11-01,stock_val_1_251101.xls,2025-11-W1,2025-11-04,2025-11-07,CURRENT,2025-11-04,2025-11-07,委託内訳,法人内訳,投資信託,SELL,599070245,1.8,
2025-11-01,stock_val_1_251101.xls,2025-11-W1,2025-11-04,2025-11-07,CURRENT,2025-11-04,2025-11-07,委託内訳,法人内訳,投資信託,BUY,860391829,2.5,261321584
2025-11-01,stock_val_1_251101.xls,2025-11-W1,2025-11-04,2025-11-07,PREVIOUS,10/27～10/31,10/27～10/31,委託内訳,法人内訳,事業法人,SELL,381450612,0.9,
2025-11-01,stock_val_1_251101.xls,2025-11-W1,2025-11-04,2025-11-07,PREVIOUS,10/27～10/31,10/27～10/31,委託内訳,法人内訳,事業法人,BUY,548817883,1.3,167367271
2025-11-01,stock_val_1_251101.xls,2025-11-W1,2025-11-04,2025-11-07,CURRENT,2025-11-04,2025-11-07,委託内訳,法人内訳,事業法人,SELL,284436423,0.9,
2025-11-01,stock_val_1_251101.xls,2025-11-W1,2025-11-04,2025-11-07,CURRENT,2025-11-04,2025-11-07,委託内訳,法人内訳,事業法人,BUY,489918739,1.4,205482316
2025-11-01,stock_val_1_251101.xls,2025-11-W1,2025-11-04,2025-11-07,PREVIOUS,10/27～10/31,10/27～10/31,委託内訳,法人内訳,その他法人等,SELL,79271304,0.2,
2025-11-01,stock_val_1_251101.xls,2025-11-W1,2025-11-04,2025-11-07,PREVIOUS,10/27～10/31,10/27～10/31,委託内訳,法人内訳,その他法人等,BUY,91339797,0.2,12068493
2025-11-01,stock_val_1_251101.xls,2025-11-W1,2025-11-04,2025-11-07,CURRENT,2025-11-04,2025-11-07,委託内訳,法人内訳,その他法人等,SELL,63182944,0.2,
2025-11-01,stock_val_1_251101.xls,2025-11-W1,2025-11-04,2025-11-07,CURRENT,2025-11-04,2025-11-07,委託内訳,法人内訳,その他法人等,BUY,77114030,0.2,13931086
2025-11-01,stock_val_1_251101.xls,2025-11-W1,2025-11-04,2025-11-07,PREVIOUS,10/27～10/31,10/27～10/31,委託内訳,法人内訳,金融機関,SELL,1917740474,4.5,
2025-11-01,stock_val_1_251101.xls,2025-11-W1,2025-11-04,2025-11-07,PREVIOUS,10/27～10/31,10/27～10/31,委託内訳,法人内訳,金融機関,BUY,2001853254,4.6,84112780
2025-11-01,stock_val_1_251101.xls,2025-11-W1,2025-11-04,2025-11-07,CURRENT,2025-11-04,2025-11-07,委託内訳,法人内訳,金融機関,SELL,659686440,2.0,
2025-11-01,stock_val_1_251101.xls,2025-11-W1,2025-11-04,2025-11-07,CURRENT,2025-11-04,2025-11-07,委託内訳,法人内訳,金融機関,BUY,670867646,2.0,11181206
2025-11-01,stock_val_1_251101.xls,2025-11-W1,2025-11-04,2025-11-07,PREVIOUS,10/27～10/31,10/27～10/31,委託内訳,金融機関内訳,生保・損保,SELL,62480245,0.1,-38046388
2025-11-01,stock_val_1_251101.xls,2025-11-W1,2025-11-04,2025-11-07,PREVIOUS,10/27～10/31,10/27～10/31,委託内訳,金融機関内訳,生保・損保,BUY,24433857,0.1,
2025-11-01,stock_val_1_251101.xls,2025-11-W1,2025-11-04,2025-11-07,CURRENT,2025-11-04,2025-11-07,委託内訳,金融機関内訳,生保・損保,SELL,54647255,0.2,-30305607
2025-11-01,stock_val_1_251101.xls,2025-11-W1,2025-11-04,2025-11-07,CURRENT,2025-11-04,2025-11-07,委託内訳,金融機関内訳,生保・損保,BUY,24341648,0.1,
2025-11-01,stock_val_1_251101.xls,2025-11-W1,2025-11-04,2025-11-07,PREVIOUS,10/27～10/31,10/27～10/31,委託内訳,金融機関内訳,都銀・地銀等,SELL,573406543,1.3,-20375009
2025-11-01,stock_val_1_251101.xls,2025-11-W1,2025-11-04,2025-11-07,PREVIOUS,10/27～10/31,10/27～10/31,委託内訳,金融機関内訳,都銀・地銀等,BUY,553031534,1.3,
2025-11-01,stock_val_1_251101.xls,2025-11-W1,2025-11-04,2025-11-07,CURRENT,2025-11-04,2025-11-07,委託内訳,金融機関内訳,都銀・地銀等,SELL,34017830,0.1,-19848810
2025-11-01,stock_val_1_251101.xls,2025-11-W1,2025-11-04,2025-11-07,CURRENT,2025-11-04,2025-11-07,委託内訳,金融機関内訳,都銀・地銀等,BUY,14169020,0.0,
2025-11-01,stock_val_1_251101.xls,2025-11-W1,2025-11-04,2025-11-07,PREVIOUS,10/27～10/31,10/27～10/31,委託内訳,金融機関内訳,信託銀行,SELL,1246882448,2.9,
2025-11-01,stock_val_1_251101.xls,2025-11-W1,2025-11-04,2025-11-07,PREVIOUS,10/27～10/31,10/27～10/31,委託内訳,金融機関内訳,信託銀行,BUY,1385717524,3.2,138835076
2025-11-01,stock_val_1_251101.xls,2025-11-W1,2025-11-04,2025-11-07,CURRENT,2025-11-04,2025-11-07,委託内訳,金融機関内訳,信託銀行,SELL,528730001,1.6,
2025-11-01,stock_val_1_251101.xls,2025-11-W1,2025-11-04,2025-11-07,CURRENT,2025-11-04,2025-11-07,委託内訳,金融機関内訳,信託銀行,BUY,604308160,1.8,75578159
2025-11-01,stock_val_1_251101.xls,2025-11-W1,2025-11-04,2025-11-07,PREVIOUS,10/27～10/31,10/27～10/31,委託内訳,金融機関内訳,その他金融機関,SELL,34971238,0.1,
2025-11-01,stock_val_1_251101.xls,2025-11-W1,2025-11-04,2025-11-07,PREVIOUS,10/27～10/31,10/27～10/31,委託内訳,金融機関内訳,その他金融機関,BUY,38670339,0.1,3699101
2025-11-01,stock_val_1_251101.xls,2025-11-W1,2025-11-04,2025-11-07,CURRENT,2025-11-04,2025-11-07,委託内訳,金融機関内訳,その他金融機関,SELL,42291354,0.1,-14242536
2025-11-01,stock_val_1_251101.xls,2025-11-W1,2025-11-04,2025-11-07,CURRENT,2025-11-04,2025-11-07,委託内訳,金融機関内訳,その他金融機関,BUY,28048818,0.1,
2025-11-02,stock_val_1_251102.xls,2025-11-W2,2025-11-10,2025-11-14,PREVIOUS,11/04～11/07,11/04～11/07,委託内訳,,法人,SELL,1606376052,4.8,
2025-11-02,stock_val_1_251102.xls,2025-11-W2,2025-11-10,2025-11-14,PREVIOUS,11/04～11/07,11/04～11/07,委託内訳,,法人,BUY,2098292244,6.2,491916192
2025-11-02,stock_val_1_251102.xls,2025-11-W2,2025-11-10,2025-11-14,CURRENT,2025-11-10,2025-11-14,委託内訳,,法人,SELL,2249579848,6.4,-526308496
2025-11-02,stock_val_1_251102.xls,2025-11-W2,2025-11-10,2025-11-14,CURRENT,2025-11-10,2025-11-14,委託内訳,,法人,BUY,1723271352,4.9,
2025-11-02,stock_val_1_251102.xls,2025-11-W2,2025-11-10,2025-11-14,PREVIOUS,11/04～11/07,11/04～11/07,委託内訳,,個人,SELL,8854100271,26.6,
2025-11-02,stock_val_1_251102.xls,2025-11-W2,2025-11-10,2025-11-14,PREVIOUS,11/04～11/07,11/04～11/07,委託内訳,,個人,BUY,9409851686,27.6,555751415
2025-11-02,stock_val_1_251102.xls,2025-11-W2,2025-11-10,2025-11-14,CURRENT,2025-11-10,2025-11-14,委託内訳,,個人,SELL,10448533096,29.7,-236618665
2025-11-02,stock_val_1_251102.xls,2025-11-W2,2025-11-10,2025-11-14,CURRENT,2025-11-10,2025-11-14,委託内訳,,個人,BUY,10211914431,29.2,
2025-11-02,stock_val_1_251102.xls,2025-11-W2,2025-11-10,2025-11-14,PREVIOUS,11/04～11/07,11/04～11/07,委託内訳,,海外投資家,SELL,22732479166,68.2,-355936941
2025-11-02,stock_val_1_251102.xls,2025-11-W2,2025-11-10,2025-11-14,PREVIOUS,11/04～11/07,11/04～11/07,委託内訳,,海外投資家,BUY,22376542225,65.7,
2025-11-02,stock_val_1_251102.xls,2025-11-W2,2025-11-10,2025-11-14,CURRENT,2025-11-10,2025-11-14,委託内訳,,海外投資家,SELL,22342904814,63.4,
2025-11-02,stock_val_1_251102.xls,2025-11-W2,2025-11-10,2025-11-14,CURRENT,2025-11-10,2025-11-14,委託内訳,,海外投資家,BUY,22857674528,65.4,514769714
2025-11-02,stock_val_1_251102.xls,2025-11-W2,2025-11-10,2025-11-14,PREVIOUS,11/04～11/07,11/04～11/07,委託内訳,,証券会社,SELL,144713283,0.4,
2025-11-02,stock_val_1_251102.xls,2025-11-W2,2025-11-10,2025-11-14,PREVIOUS,11/04～11/07,11/04～11/07,委託内訳,,証券会社,BUY,165956141,0.5,21242858
2025-11-02,stock_val_1_251102.xls,2025-11-W2,2025-11-10,2025-11-14,CURRENT,2025-11-10,2025-11-14,委託内訳,,証券会社,SELL,182676062,0.5,-19798093
2025-11-02,stock_val_1_251102.xls,2025-11-W2,2025-11-10,2025-11-14,CURRENT,2025-11-10,2025-11-14,委託内訳,,証券会社,BUY,162877969,0.5,
2025-11-02,stock_val_1_251102.xls,2025-11-W2,2025-11-10,2025-11-14,PREVIOUS,11/04～11/07,11/04～11/07,委託内訳,法人内訳,投資信託,SELL,599070245,1.8,
2025-11-02,stock_val_1_251102.xls,2025-11-W2,2025-11-10,2025-11-14,PREVIOUS,11/04～11/07,11/04～11/07,委託内訳,法人内訳,投資信託,BUY,860391829,2.5,261321584
2025-11-02,stock_val_1_251102.xls,2025-11-W2,2025-11-10,2025-11-14,CURRENT,2025-11-10,2025-11-14,委託内訳,法人内訳,投資信託,SELL,456708175,1.3,-44635851
2025-11-02,stock_val_1_251102.xls,2025-11-W2,2025-11-10,2025-11-14,CURRENT,2025-11-10,2025-11-14,委託内訳,法人内訳,投資信託,BUY,412072324,1.2,
2025-11-02,stock_val_1_251102.xls,2025-11-W2,2025-11-10,2025-11-14,PREVIOUS,11/04～11/07,11/04～11/07,委託内訳,法人内訳,事業法人,SELL,284436423,0.9,
2025-11-02,stock_val_1_251102.xls,2025-11-W2,2025-11-10,2025-11-14,PREVIOUS,11/04～11/07,11/04～11/07,委託内訳,法人内訳,事業法人,BUY,489918739,1.4,205482316
2025-11-02,stock_val_1_251102.xls,2025-11-W2,2025-11-10,2025-11-14,CURRENT,2025-11-10,2025-11-14,委託内訳,法人内訳,事業法人,SELL,396340887,1.1,
2025-11-02,stock_val_1_251102.xls,2025-11-W2,2025-11-10,2025-11-14,CURRENT,2025-11-10,2025-11-14,委託内訳,法人内訳,事業法人,BUY,588702246,1.7,192361359
2025-11-02,stock_val_1_251102.xls,2025-11-W2,2025-11-10,2025-11-14,PREVIOUS,11/04～11/07,11/04～11/07,委託内訳,法人内訳,その他法人等,SELL,63182944,0.2,
2025-11-02,stock_val_1_251102.xls,2025-11-W2,2025-11-10,2025-11-14,PREVIOUS,11/04～11/07,11/04～11/07,委託内訳,法人内訳,その他法人等,BUY,77114030,0.2,13931086
2025-11-02,stock_val_1_251102.xls,2025-11-W2,2025-11-10,2025-11-14,CURRENT,2025-11-10,2025-11-14,委託内訳,法人内訳,その他法人等,SELL,76096105,0.2,
2025-11-02,stock_val_1_251102.xls,2025-11-W2,2025-11-10,2025-11-14,CURRENT,2025-11-10,2025-11-14,委託内訳,法人内訳,その他法人等,BUY,143337255,0.4,67241150
2025-11-02,stock_val_1_251102.xls,2025-11-W2,2025-11-10,2025-11-14,PREVIOUS,11/04～11/07,11/04～11/07,委託内訳,法人内訳,金融機関,SELL,659686440,2.0,
2025-11-02,stock_val_1_251102.xls,2025-11-W2,2025-11-10,2025-11-14,PREVIOUS,11/04～11/07,11/04～11/07,委託内訳,法人内訳,金融機関,BUY,670867646,2.0,11181206
2025-11-02,stock_val_1_251102.xls,2025-11-W2,2025-11-10,2025-11-14,CURRENT,2025-11-10,2025-11-14,委託内訳,法人内訳,金融機関,SELL,1320434681,3.7,-741275154
2025-11-02,stock_val_1_251102.xls,2025-11-W2,2025-11-10,2025-11-14,CURRENT,2025-11-10,2025-11-14,委託内訳,法人内訳,金融機関,BUY,579159527,1.7,
2025-11-02,stock_val_1_251102.xls,2025-11-W2,2025-11-10,2025-11-14,PREVIOUS,11/04～11/07,11/04～11/07,委託内訳,金融機関内訳,生保・損保,SELL,54647255,0.2,-30305607
2025-11-02,stock_val_1_251102.xls,2025-11-W2,2025-11-10,2025-11-14,PREVIOUS,11/04～11/07,11/04～11/07,委託内訳,金融機関内訳,生保・損保,BUY,24341648,0.1,
2025-11-02,stock_val_1_251102.xls,2025-11-W2,2025-11-10,2025-11-14,CURRENT,2025-11-10,2025-11-14,委託内訳,金融機関内訳,生保・損保,SELL,134732404,0.4,-106395597
2025-11-02,stock_val_1_251102.xls,2025-11-W2,2025-11-10,2025-11-14,CURRENT,2025-11-10,2025-11-14,委託内訳,金融機関内訳,生保・損保,BUY,28336807,0.1,
2025-11-02,stock_val_1_251102.xls,2025-11-W2,2025-11-10,2025-11-14,PREVIOUS,11/04～11/07,11/04～11/07,委託内訳,金融機関内訳,都銀・地銀等,SELL,34017830,0.1,-19848810
2025-11-02,stock_val_1_251102.xls,2025-11-W2,2025-11-10,2025-11-14,PREVIOUS,11/04～11/07,11/04～11/07,委託内訳,金融機関内訳,都銀・地銀等,BUY,14169020,0.0,
2025-11-02,stock_val_1_251102.xls,2025-11-W2,2025-11-10,2025-11-14,CURRENT,2025-11-10,2025-11-14,委託内訳,金融機関内訳,都銀・地銀等,SELL,104264854,0.3,-88394254
2025-11-02,stock_val_1_251102.xls,2025-11-W2,2025-11-10,2025-11-14,CURRENT,2025-11-10,2025-11-14,委託内訳,金融機関内訳,都銀・地銀等,BUY,15870600,0.0,
2025-11-02,stock_val_1_251102.xls,2025-11-W2,2025-11-10,2025-11-14,PREVIOUS,11/04～11/07,11/04～11/07,委託内訳,金融機関内訳,信託銀行,SELL,528730001,1.6,
2025-11-02,stock_val_1_251102.xls,2025-11-W2,2025-11-10,2025-11-14,PREVIOUS,11/04～11/07,11/04～11/07,委託内訳,金融機関内訳,信託銀行,BUY,604308160,1.8,75578159
2025-11-02,stock_val_1_251102.xls,2025-11-W2,2025-11-10,2025-11-14,CURRENT,2025-11-10,2025-11-14,委託内訳,金融機関内訳,信託銀行,SELL,1051132880,3.0,-539765297
2025-11-02,stock_val_1_251102.xls,2025-11-W2,2025-11-10,2025-11-14,CURRENT,2025-11-10,2025-11-14,委託内訳,金融機関内訳,信託銀行,BUY,511367583,1.5,
2025-11-02,stock_val_1_251102.xls,2025-11-W2,2025-11-10,2025-11-14,PREVIOUS,11/04～11/07,11/04～11/07,委託内訳,金融機関内訳,その他金融機関,SELL,42291354,0.1,-14242536
2025-11-02,stock_val_1_251102.xls,2025-11-W2,2025-11-10,2025-11-14,PREVIOUS,11/04～11/07,11/04～11/07,委託内訳,金融機関内訳,その他金融機関,BUY,28048818,0.1,
2025-11-02,stock_val_1_251102.xls,2025-11-W2,2025-11-10,2025-11-14,CURRENT,2025-11-10,2025-11-14,委託内訳,金融機関内訳,その他金融機関,SELL,30304543,0.1,-6720006
2025-11-02,stock_val_1_251102.xls,2025-11-W2,2025-11-10,2025-11-14,CURRENT,2025-11-10,2025-11-14,委託内訳,金融機関内訳,その他金融機関,BUY,23584537,0.1,
2025-11-03,stock_val_1_251103.xls,2025-11-W3,2025-11-17,2025-11-21,PREVIOUS,11/10～11/14,11/10～11/14,委託内訳,,法人,SELL,2249579848,6.4,-526308496
2025-11-03,stock_val_1_251103.xls,2025-11-W3,2025-11-17,2025-11-21,PREVIOUS,11/10～11/14,11/10～11/14,委託内訳,,法人,BUY,1723271352,4.9,
2025-11-03,stock_val_1_251103.xls,2025-11-W3,2025-11-17,2025-11-21,CURRENT,2025-11-17,2025-11-21,委託内訳,,法人,SELL,2651748738,7.0,-21275806
2025-11-03,stock_val_1_251103.xls,2025-11-W3,2025-11-17,2025-11-21,CURRENT,2025-11-17,2025-11-21,委託内訳,,法人,BUY,2630472932,7.0,
2025-11-03,stock_val_1_251103.xls,2025-11-W3,2025-11-17,2025-11-21,PREVIOUS,11/10～11/14,11/10～11/14,委託内訳,,個人,SELL,10448533096,29.7,-236618665
2025-11-03,stock_val_1_251103.xls,2025-11-W3,2025-11-17,2025-11-21,PREVIOUS,11/10～11/14,11/10～11/14,委託内訳,,個人,BUY,10211914431,29.2,
2025-11-03,stock_val_1_251103.xls,2025-11-W3,2025-11-17,2025-11-21,CURRENT,2025-11-17,2025-11-21,委託内訳,,個人,SELL,9694234393,25.7,
2025-11-03,stock_val_1_251103.xls,2025-11-W3,2025-11-17,2025-11-21,CURRENT,2025-11-17,2025-11-21,委託内訳,,個人,BUY,9810129884,26.2,115895491
2025-11-03,stock_val_1_251103.xls,2025-11-W3,2025-11-17,2025-11-21,PREVIOUS,11/10～11/14,11/10～11/14,委託内訳,,海外投資家,SELL,22342904814,63.4,
2025-11-03,stock_val_1_251103.xls,2025-11-W3,2025-11-17,2025-11-21,PREVIOUS,11/10～11/14,11/10～11/14,委託内訳,,海外投資家,BUY,22857674528,65.4,514769714
2025-11-03,stock_val_1_251103.xls,2025-11-W3,2025-11-17,2025-11-21,CURRENT,2025-11-17,2025-11-21,委託内訳,,海外投資家,SELL,25174961847,66.9,-383632919
2025-11-03,stock_val_1_251103.xls,2025-11-W3,2025-11-17,2025-11-21,CURRENT,2025-11-17,2025-11-21,委託内訳,,海外投資家,BUY,24791328928,66.3,
2025-11-03,stock_val_1_251103.xls,2025-11-W3,2025-11-17,2025-11-21,PREVIOUS,11/10～11/14,11/10～11/14,委託内訳,,証券会社,SELL,182676062,0.5,-19798093
2025-11-03,stock_val_1_251103.xls,2025-11-W3,2025-11-17,2025-11-21,PREVIOUS,11/10～11/14,11/10～11/14,委託内訳,,証券会社,BUY,162877969,0.5,
2025-11-03,stock_val_1_251103.xls,2025-11-W3,2025-11-17,2025-11-21,CURRENT,2025-11-17,2025-11-21,委託内訳,,証券会社,SELL,136887586,0.4,
2025-11-03,stock_val_1_251103.xls,2025-11-W3,2025-11-17,2025-11-21,CURRENT,2025-11-17,2025-11-21,委託内訳,,証券会社,BUY,144156375,0.4,7268789
2025-11-03,stock_val_1_251103.xls,2025-11-W3,2025-11-17,2025-11-21,PREVIOUS,11/10～11/14,11/10～11/14,委託内訳,法人内訳,投資信託,SELL,456708175,1.3,-44635851
2025-11-03,stock_val_1_251103.xls,2025-11-W3,2025-11-17,2025-11-21,PREVIOUS,11/10～11/14,11/10～11/14,委託内訳,法人内訳,投資信託,BUY,412072324,1.2,
2025-11-03,stock_val_1_251103.xls,2025-11-W3,2025-11-17,2025-11-21,CURRENT,2025-11-17,2025-11-21,委託内訳,法人内訳,投資信託,SELL,1001175566,2.7,-124649985
2025-11-03,stock_val_1_251103.xls,2025-11-W3,2025-11-17,2025-11-21,CURRENT,2025-11-17,2025-11-21,委託内訳,法人内訳,投資信託,BUY,876525581,2.3,
2025-11-03,stock_val_1_251103.xls,2025-11-W3,2025-11-17,2025-11-21,PREVIOUS,11/10～11/14,11/10～11/14,委託内訳,法人内訳,事業法人,SELL,396340887,1.1,
2025-11-03,stock_val_1_251103.xls,2025-11-W3,2025-11-17,2025-11-21,PREVIOUS,11/10～11/14,11/10～11/14,委託内訳,法人内訳,事業法人,BUY,588702246,1.7,192361359
2025-11-03,stock_val_1_251103.xls,2025-11-W3,2025-11-17,2025-11-21,CURRENT,2025-11-17,2025-11-21,委託内訳,法人内訳,事業法人,SELL,383864568,1.0,
2025-11-03,stock_val_1_251103.xls,2025-11-W3,2025-11-17,2025-11-21,CURRENT,2025-11-17,2025-11-21,委託内訳,法人内訳,事業法人,BUY,643360046,1.7,259495478
2025-11-03,stock_val_1_251103.xls,2025-11-W3,2025-11-17,2025-11-21,PREVIOUS,11/10～11/14,11/10～11/14,委託内訳,法人内訳,その他法人等,SELL,76096105,0.2,
2025-11-03,stock_val_1_251103.xls,2025-11-W3,2025-11-17,2025-11-21,PREVIOUS,11/10～11/14,11/10～11/14,委託内訳,法人内訳,その他法人等,BUY,143337255,0.4,67241150
2025-11-03,stock_val_1_251103.xls,2025-11-W3,2025-11-17,2025-11-21,CURRENT,2025-11-17,2025-11-21,委託内訳,法人内訳,その他法人等,SELL,58854219,0.2,
2025-11-03,stock_val_1_251103.xls,2025-11-W3,2025-11-17,2025-11-21,CURRENT,2025-11-17,2025-11-21,委託内訳,法人内訳,その他法人等,BUY,89523883,0.2,30669664
2025-11-03,stock_val_1_251103.xls,2025-11-W3,2025-11-17,2025-11-21,PREVIOUS,11/10～11/14,11/10～11/14,委託内訳,法人内訳,金融機関,SELL,1320434681,3.7,-741275154
2025-11-03,stock_val_1_251103.xls,2025-11-W3,2025-11-17,2025-11-21,PREVIOUS,11/10～11/14,11/10～11/14,委託内訳,法人内訳,金融機関,BUY,579159527,1.7,
2025-11-03,stock_val_1_251103.xls,2025-11-W3,2025-11-17,2025-11-21,CURRENT,2025-11-17,2025-11-21,委託内訳,法人内訳,金融機関,SELL,1207854385,3.2,-186790963
2025-11-03,stock_val_1_251103.xls,2025-11-W3,2025-11-17,2025-11-21,CURRENT,2025-11-17,2025-11-21,委託内訳,法人内訳,金融機関,BUY,1021063422,2.7,
2025-11-03,stock_val_1_251103.xls,2025-11-W3,2025-11-17,2025-11-21,PREVIOUS,11/10～11/14,11/10～11/14,委託内訳,金融機関内訳,生保・損保,SELL,134732404,0.4,-106395597
2025-11-03,stock_val_1_251103.xls,2025-11-W3,2025-11-17,2025-11-21,PREVIOUS,11/10～11/14,11/10～11/14,委託内訳,金融機関内訳,生保・損保,BUY,28336807,0.1,
2025-11-03,stock_val_1_251103.xls,2025-11-W3,2025-11-17,2025-11-21,CURRENT,2025-11-17,2025-11-21,委託内訳,金融機関内訳,生保・損保,SELL,119396124,0.3,-59954969
2025-11-03,stock_val_1_251103.xls,2025-11-W3,2025-11-17,2025-11-21,CURRENT,2025-11-17,2025-11-21,委託内訳,金融機関内訳,生保・損保,BUY,59441155,0.2,
2025-11-03,stock_val_1_251103.xls,2025-11-W3,2025-11-17,2025-11-21,PREVIOUS,11/10～11/14,11/10～11/14,委託内訳,金融機関内訳,都銀・地銀等,SELL,104264854,0.3,-88394254
2025-11-03,stock_val_1_251103.xls,2025-11-W3,2025-11-17,2025-11-21,PREVIOUS,11/10～11/14,11/10～11/14,委託内訳,金融機関内訳,都銀・地銀等,BUY,15870600,0.0,
2025-11-03,stock_val_1_251103.xls,2025-11-W3,2025-11-17,2025-11-21,CURRENT,2025-11-17,2025-11-21,委託内訳,金融機関内訳,都銀・地銀等,SELL,51423910,0.1,-36224060
2025-11-03,stock_val_1_251103.xls,2025-11-W3,2025-11-17,2025-11-21,CURRENT,2025-11-17,2025-11-21,委託内訳,金融機関内訳,都銀・地銀等,BUY,15199850,0.0,
2025-11-03,stock_val_1_251103.xls,2025-11-W3,2025-11-17,2025-11-21,PREVIOUS,11/10～11/14,11/10～11/14,委託内訳,金融機関内訳,信託銀行,SELL,1051132880,3.0,-539765297
2025-11-03,stock_val_1_251103.xls,2025-11-W3,2025-11-17,2025-11-21,PREVIOUS,11/10～11/14,11/10～11/14,委託内訳,金融機関内訳,信託銀行,BUY,511367583,1.5,
2025-11-03,stock_val_1_251103.xls,2025-11-W3,2025-11-17,2025-11-21,CURRENT,2025-11-17,2025-11-21,委託内訳,金融機関内訳,信託銀行,SELL,997758400,2.6,-83461070
2025-11-03,stock_val_1_251103.xls,2025-11-W3,2025-11-17,2025-11-21,CURRENT,2025-11-17,2025-11-21,委託内訳,金融機関内訳,信託銀行,BUY,914297330,2.4,
2025-11-03,stock_val_1_251103.xls,2025-11-W3,2025-11-17,2025-11-21,PREVIOUS,11/10～11/14,11/10～11/14,委託内訳,金融機関内訳,その他金融機関,SELL,30304543,0.1,-6720006
2025-11-03,stock_val_1_251103.xls,2025-11-W3,2025-11-17,2025-11-21,PREVIOUS,11/10～11/14,11/10～11/14,委託内訳,金融機関内訳,その他金融機関,BUY,23584537,0.1,
2025-11-03,stock_val_1_251103.xls,2025-11-W3,2025-11-17,2025-11-21,CURRENT,2025-11-17,2025-11-21,委託内訳,金融機関内訳,その他金融機関,SELL,39275951,0.1,-7150864
2025-11-03,stock_val_1_251103.xls,2025-11-W3,2025-11-17,2025-11-21,CURRENT,2025-11-17,2025-11-21,委託内訳,金融機関内訳,その他金融機関,BUY,32125087,0.1,
2025-11-04,stock_val_1_251104.xls,2025-11-W4,2025-11-25,2025-11-28,PREVIOUS,11/17～11/21,11/17～11/21,委託内訳,,法人,SELL,2651748738,7.0,-21275806
2025-11-04,stock_val_1_251104.xls,2025-11-W4,2025-11-25,2025-11-28,PREVIOUS,11/17～11/21,11/17～11/21,委託内訳,,法人,BUY,2630472932,7.0,
2025-11-04,stock_val_1_251104.xls,2025-11-W4,2025-11-25,2025-11-28,CURRENT,2025-11-25,2025-11-28,委託内訳,,法人,SELL,1589644690,6.7,
2025-11-04,stock_val_1_251104.xls,2025-11-W4,2025-11-25,2025-11-28,CURRENT,2025-11-25,2025-11-28,委託内訳,,法人,BUY,1809868380,7.7,220223690
2025-11-04,stock_val_1_251104.xls,2025-11-W4,2025-11-25,2025-11-28,PREVIOUS,11/17～11/21,11/17～11/21,委託内訳,,個人,SELL,9694234393,25.7,
2025-11-04,stock_val_1_251104.xls,2025-11-W4,2025-11-25,2025-11-28,PREVIOUS,11/17～11/21,11/17～11/21,委託内訳,,個人,BUY,9810129884,26.2,115895491
2025-11-04,stock_val_1_251104.xls,2025-11-W4,2025-11-25,2025-11-28,CURRENT,2025-11-25,2025-11-28,委託内訳,,個人,SELL,6935921962,29.0,-452832883
2025-11-04,stock_val_1_251104.xls,2025-11-W4,2025-11-25,2025-11-28,CURRENT,2025-11-25,2025-11-28,委託内訳,,個人,BUY,6483089079,27.6,
2025-11-04,stock_val_1_251104.xls,2025-11-W4,2025-11-25,2025-11-28,PREVIOUS,11/17～11/21,11/17～11/21,委託内訳,,海外投資家,SELL,25174961847,66.9,-383632919
2025-11-04,stock_val_1_251104.xls,2025-11-W4,2025-11-25,2025-11-28,PREVIOUS,11/17～11/21,11/17～11/21,委託内訳,,海外投資家,BUY,24791328928,66.3,
2025-11-04,stock_val_1_251104.xls,2025-11-W4,2025-11-25,2025-11-28,CURRENT,2025-11-25,2025-11-28,委託内訳,,海外投資家,SELL,15248372057,63.9,-116267300
2025-11-04,stock_val_1_251104.xls,2025-11-W4,2025-11-25,2025-11-28,CURRENT,2025-11-25,2025-11-28,委託内訳,,海外投資家,BUY,15132104757,64.3,
2025-11-04,stock_val_1_251104.xls,2025-11-W4,2025-11-25,2025-11-28,PREVIOUS,11/17～11/21,11/17～11/21,委託内訳,,証券会社,SELL,136887586,0.4,
2025-11-04,stock_val_1_251104.xls,2025-11-W4,2025-11-25,2025-11-28,PREVIOUS,11/17～11/21,11/17～11/21,委託内訳,,証券会社,BUY,144156375,0.4,7268789
2025-11-04,stock_val_1_251104.xls,2025-11-W4,2025-11-25,2025-11-28,CURRENT,2025-11-25,2025-11-28,委託内訳,,証券会社,SELL,105260828,0.4,-9462429
2025-11-04,stock_val_1_251104.xls,2025-11-W4,2025-11-25,2025-11-28,CURRENT,2025-11-25,2025-11-28,委託内訳,,証券会社,BUY,95798399,0.4,
2025-11-04,stock_val_1_251104.xls,2025-11-W4,2025-11-25,2025-11-28,PREVIOUS,11/17～11/21,11/17～11/21,委託内訳,法人内訳,投資信託,SELL,1001175566,2.7,-124649985
2025-11-04,stock_val_1_251104.xls,2025-11-W4,2025-11-25,2025-11-28,PREVIOUS,11/17～11/21,11/17～11/21,委託内訳,法人内訳,投資信託,BUY,876525581,2.3,
2025-11-04,stock_val_1_251104.xls,2025-11-W4,2025-11-25,2025-11-28,CURRENT,2025-11-25,2025-11-28,委託内訳,法人内訳,投資信託,SELL,449596455,1.9,
2025-11-04,stock_val_1_251104.xls,2025-11-W4,2025-11-25,2025-11-28,CURRENT,2025-11-25,2025-11-28,委託内訳,法人内訳,投資信託,BUY,485290542,2.1,35694087
2025-11-04,stock_val_1_251104.xls,2025-11-W4,2025-11-25,2025-11-28,PREVIOUS,11/17～11/21,11/17～11/21,委託内訳,法人内訳,事業法人,SELL,383864568,1.0,
2025-11-04,stock_val_1_251104.xls,2025-11-W4,2025-11-25,2025-11-28,PREVIOUS,11/17～11/21,11/17～11/21,委託内訳,法人内訳,事業法人,BUY,643360046,1.7,259495478
2025-11-04,stock_val_1_251104.xls,2025-11-W4,2025-11-25,2025-11-28,CURRENT,2025-11-25,2025-11-28,委託内訳,法人内訳,事業法人,SELL,245367778,1.0,
2025-11-04,stock_val_1_251104.xls,2025-11-W4,2025-11-25,2025-11-28,CURRENT,2025-11-25,2025-11-28,委託内訳,法人内訳,事業法人,BUY,412754014,1.8,167386236
2025-11-04,stock_val_1_251104.xls,2025-11-W4,2025-11-25,2025-11-28,PREVIOUS,11/17～11/21,11/17～11/21,委託内訳,法人内訳,その他法人等,SELL,58854219,0.2,
2025-11-04,stock_val_1_251104.xls,2025-11-W4,2025-11-25,2025-11-28,PREVIOUS,11/17～11/21,11/17～11/21,委託内訳,法人内訳,その他法人等,BUY,89523883,0.2,30669664
2025-11-04,stock_val_1_251104.xls,2025-11-W4,2025-11-25,2025-11-28,CURRENT,2025-11-25,2025-11-28,委託内訳,法人内訳,その他法人等,SELL,51028004,0.2,
2025-11-04,stock_val_1_251104.xls,2025-11-W4,2025-11-25,2025-11-28,CURRENT,2025-11-25,2025-11-28,委託内訳,法人内訳,その他法人等,BUY,84776586,0.4,33748582
2025-11-04,stock_val_1_251104.xls,2025-11-W4,2025-11-25,2025-11-28,PREVIOUS,11/17～11/21,11/17～11/21,委託内訳,法人内訳,金融機関,SELL,1207854385,3.2,-186790963
2025-11-04,stock_val_1_251104.xls,2025-11-W4,2025-11-25,2025-11-28,PREVIOUS,11/17～11/21,11/17～11/21,委託内訳,法人内訳,金融機関,BUY,1021063422,2.7,
2025-11-04,stock_val_1_251104.xls,2025-11-W4,2025-11-25,2025-11-28,CURRENT,2025-11-25,2025-11-28,委託内訳,法人内訳,金融機関,SELL,843652453,3.5,-16605215
2025-11-04,stock_val_1_251104.xls,2025-11-W4,2025-11-25,2025-11-28,CURRENT,2025-11-25,2025-11-28,委託内訳,法人内訳,金融機関,BUY,827047238,3.5,
2025-11-04,stock_val_1_251104.xls,2025-11-W4,2025-11-25,2025-11-28,PREVIOUS,11/17～11/21,11/17～11/21,委託内訳,金融機関内訳,生保・損保,SELL,119396124,0.3,-59954969
2025-11-04,stock_val_1_251104.xls,2025-11-W4,2025-11-25,2025-11-28,PREVIOUS,11/17～11/21,11/17～11/21,委託内訳,金融機関内訳,生保・損保,BUY,59441155,0.2,
2025-11-04,stock_val_1_251104.xls,2025-11-W4,2025-11-25,2025-11-28,CURRENT,2025-11-25,2025-11-28,委託内訳,金融機関内訳,生保・損保,SELL,42106672,0.2,-24443049
2025-11-04,stock_val_1_251104.xls,2025-11-W4,2025-11-25,2025-11-28,CURRENT,2025-11-25,2025-11-28,委託内訳,金融機関内訳,生保・損保,BUY,17663623,0.1,
2025-11-04,stock_val_1_251104.xls,2025-11-W4,2025-11-25,2025-11-28,PREVIOUS,11/17～11/21,11/17～11/21,委託内訳,金融機関内訳,都銀・地銀等,SELL,51423910,0.1,-36224060
2025-11-04,stock_val_1_251104.xls,2025-11-W4,2025-11-25,2025-11-28,PREVIOUS,11/17～11/21,11/17～11/21,委託内訳,金融機関内訳,都銀・地銀等,BUY,15199850,0.0,
2025-11-04,stock_val_1_251104.xls,2025-11-W4,2025-11-25,2025-11-28,CURRENT,2025-11-25,2025-11-28,委託内訳,金融機関内訳,都銀・地銀等,SELL,37613277,0.2,-21752715
2025-11-04,stock_val_1_251104.xls,2025-11-W4,2025-11-25,2025-11-28,CURRENT,2025-11-25,2025-11-28,委託内訳,金融機関内訳,都銀・地銀等,BUY,15860562,0.1,
2025-11-04,stock_val_1_251104.xls,2025-11-W4,2025-11-25,2025-11-28,PREVIOUS,11/17～11/21,11/17～11/21,委託内訳,金融機関内訳,信託銀行,SELL,997758400,2.6,-83461070
2025-11-04,stock_val_1_251104.xls,2025-11-W4,2025-11-25,2025-11-28,PREVIOUS,11/17～11/21,11/17～11/21,委託内訳,金融機関内訳,信託銀行,BUY,914297330,2.4,
2025-11-04,stock_val_1_251104.xls,2025-11-W4,2025-11-25,2025-11-28,CURRENT,2025-11-25,2025-11-28,委託内訳,金融機関内訳,信託銀行,SELL,751794528,3.1,
2025-11-04,stock_val_1_251104.xls,2025-11-W4,2025-11-25,2025-11-28,CURRENT,2025-11-25,2025-11-28,委託内訳,金融機関内訳,信託銀行,BUY,775429462,3.3,23634934
2025-11-04,stock_val_1_251104.xls,2025-11-W4,2025-11-25,2025-11-28,PREVIOUS,11/17～11/21,11/17～11/21,委託内訳,金融機関内訳,その他金融機関,SELL,39275951,0.1,-7150864
2025-11-04,stock_val_1_251104.xls,2025-11-W4,2025-11-25,2025-11-28,PREVIOUS,11/17～11/21,11/17～11/21,委託内訳,金融機関内訳,その他金融機関,BUY,32125087,0.1,
2025-11-04,stock_val_1_251104.xls,2025-11-W4,2025-11-25,2025-11-28,CURRENT,2025-11-25,2025-11-28,委託内訳,金融機関内訳,その他金融機関,SELL,12137976,0.1,
2025-11-04,stock_val_1_251104.xls,2025-11-W4,2025-11-25,2025-11-28,CURRENT,2025-11-25,2025-11-28,委託内訳,金融機関内訳,その他金融機関,BUY,18093591,0.1,5955615
2025-12-01,stock_val_1_251201.xls,2025-12-W1,2025-12-01,2025-12-05,PREVIOUS,11/25～11/28,11/25～11/28,委託内訳,,法人,SELL,1589644690,6.7,
2025-12-01,stock_val_1_251201.xls,2025-12-W1,2025-12-01,2025-12-05,PREVIOUS,11/25～11/28,11/25～11/28,委託内訳,,法人,BUY,1809868380,7.7,220223690
2025-12-01,stock_val_1_251201.xls,2025-12-W1,2025-12-01,2025-12-05,CURRENT,2025-12-01,2025-12-05,委託内訳,,法人,SELL,2069940832,7.0,
2025-12-01,stock_val_1_251201.xls,2025-12-W1,2025-12-01,2025-12-05,CURRENT,2025-12-01,2025-12-05,委託内訳,,法人,BUY,2112848216,7.1,42907384
2025-12-01,stock_val_1_251201.xls,2025-12-W1,2025-12-01,2025-12-05,PREVIOUS,11/25～11/28,11/25～11/28,委託内訳,,個人,SELL,6935921962,29.0,-452832883
2025-12-01,stock_val_1_251201.xls,2025-12-W1,2025-12-01,2025-12-05,PREVIOUS,11/25～11/28,11/25～11/28,委託内訳,,個人,BUY,6483089079,27.6,
2025-12-01,stock_val_1_251201.xls,2025-12-W1,2025-12-01,2025-12-05,CURRENT,2025-12-01,2025-12-05,委託内訳,,個人,SELL,8230286875,27.8,
2025-12-01,stock_val_1_251201.xls,2025-12-W1,2025-12-01,2025-12-05,CURRENT,2025-12-01,2025-12-05,委託内訳,,個人,BUY,8437977540,28.3,207690665
2025-12-01,stock_val_1_251201.xls,2025-12-W1,2025-12-01,2025-12-05,PREVIOUS,11/25～11/28,11/25～11/28,委託内訳,,海外投資家,SELL,15248372057,63.9,-116267300
2025-12-01,stock_val_1_251201.xls,2025-12-W1,2025-12-01,2025-12-05,PREVIOUS,11/25～11/28,11/25～11/28,委託内訳,,海外投資家,BUY,15132104757,64.3,
2025-12-01,stock_val_1_251201.xls,2025-12-W1,2025-12-01,2025-12-05,CURRENT,2025-12-01,2025-12-05,委託内訳,,海外投資家,SELL,19164863500,64.8,
2025-12-01,stock_val_1_251201.xls,2025-12-W1,2025-12-01,2025-12-05,CURRENT,2025-12-01,2025-12-05,委託内訳,,海外投資家,BUY,19168322711,64.2,3459211
2025-12-01,stock_val_1_251201.xls,2025-12-W1,2025-12-01,2025-12-05,PREVIOUS,11/25～11/28,11/25～11/28,委託内訳,,証券会社,SELL,105260828,0.4,-9462429
2025-12-01,stock_val_1_251201.xls,2025-12-W1,2025-12-01,2025-12-05,PREVIOUS,11/25～11/28,11/25～11/28,委託内訳,,証券会社,BUY,95798399,0.4,
2025-12-01,stock_val_1_251201.xls,2025-12-W1,2025-12-01,2025-12-05,CURRENT,2025-12-01,2025-12-05,委託内訳,,証券会社,SELL,122983057,0.4,
2025-12-01,stock_val_1_251201.xls,2025-12-W1,2025-12-01,2025-12-05,CURRENT,2025-12-01,2025-12-05,委託内訳,,証券会社,BUY,126386193,0.4,3403136
2025-12-01,stock_val_1_251201.xls,2025-12-W1,2025-12-01,2025-12-05,PREVIOUS,11/25～11/28,11/25～11/28,委託内訳,法人内訳,投資信託,SELL,449596455,1.9,
2025-12-01,stock_val_1_251201.xls,2025-12-W1,2025-12-01,2025-12-05,PREVIOUS,11/25～11/28,11/25～11/28,委託内訳,法人内訳,投資信託,BUY,485290542,2.1,35694087
2025-12-01,stock_val_1_251201.xls,2025-12-W1,2025-12-01,2025-12-05,CURRENT,2025-12-01,2025-12-05,委託内訳,法人内訳,投資信託,SELL,522963531,1.8,
2025-12-01,stock_val_1_251201.xls,2025-12-W1,2025-12-01,2025-12-05,CURRENT,2025-12-01,2025-12-05,委託内訳,法人内訳,投資信託,BUY,692866891,2.3,169903360
2025-12-01,stock_val_1_251201.xls,2025-12-W1,2025-12-01,2025-12-05,PREVIOUS,11/25～11/28,11/25～11/28,委託内訳,法人内訳,事業法人,SELL,245367778,1.0,
2025-12-01,stock_val_1_251201.xls,2025-12-W1,2025-12-01,2025-12-05,PREVIOUS,11/25～11/28,11/25～11/28,委託内訳,法人内訳,事業法人,BUY,412754014,1.8,167386236
2025-12-01,stock_val_1_251201.xls,2025-12-W1,2025-12-01,2025-12-05,CURRENT,2025-12-01,2025-12-05,委託内訳,法人内訳,事業法人,SELL,318599768,1.1,
2025-12-01,stock_val_1_251201.xls,2025-12-W1,2025-12-01,2025-12-05,CURRENT,2025-12-01,2025-12-05,委託内訳,法人内訳,事業法人,BUY,522401747,1.8,203801979
2025-12-01,stock_val_1_251201.xls,2025-12-W1,2025-12-01,2025-12-05,PREVIOUS,11/25～11/28,11/25～11/28,委託内訳,法人内訳,その他法人等,SELL,51028004,0.2,
2025-12-01,stock_val_1_251201.xls,2025-12-W1,2025-12-01,2025-12-05,PREVIOUS,11/25～11/28,11/25～11/28,委託内訳,法人内訳,その他法人等,BUY,84776586,0.4,33748582
2025-12-01,stock_val_1_251201.xls,2025-12-W1,2025-12-01,2025-12-05,CURRENT,2025-12-01,2025-12-05,委託内訳,法人内訳,その他法人等,SELL,46224575,0.2,
2025-12-01,stock_val_1_251201.xls,2025-12-W1,2025-12-01,2025-12-05,CURRENT,2025-12-01,2025-12-05,委託内訳,法人内訳,その他法人等,BUY,91774316,0.3,45549741
2025-12-01,stock_val_1_251201.xls,2025-12-W1,2025-12-01,2025-12-05,PREVIOUS,11/25～11/28,11/25～11/28,委託内訳,法人内訳,金融機関,SELL,843652453,3.5,-16605215
2025-12-01,stock_val_1_251201.xls,2025-12-W1,2025-12-01,2025-12-05,PREVIOUS,11/25～11/28,11/25～11/28,委託内訳,法人内訳,金融機関,BUY,827047238,3.5,
2025-12-01,stock_val_1_251201.xls,2025-12-W1,2025-12-01,2025-12-05,CURRENT,2025-12-01,2025-12-05,委託内訳,法人内訳,金融機関,SELL,1182152958,4.0,-376347696
2025-12-01,stock_val_1_251201.xls,2025-12-W1,2025-12-01,2025-12-05,CURRENT,2025-12-01,2025-12-05,委託内訳,法人内訳,金融機関,BUY,805805262,2.7,
2025-12-01,stock_val_1_251201.xls,2025-12-W1,2025-12-01,2025-12-05,PREVIOUS,11/25～11/28,11/25～11/28,委託内訳,金融機関内訳,生保・損保,SELL,42106672,0.2,-24443049
2025-12-01,stock_val_1_251201.xls,2025-12-W1,2025-12-01,2025-12-05,PREVIOUS,11/25～11/28,11/25～11/28,委託内訳,金融機関内訳,生保・損保,BUY,17663623,0.1,
2025-12-01,stock_val_1_251201.xls,2025-12-W1,2025-12-01,2025-12-05,CURRENT,2025-12-01,2025-12-05,委託内訳,金融機関内訳,生保・損保,SELL,106392190,0.4,-82890517
2025-12-01,stock_val_1_251201.xls,2025-12-W1,2025-12-01,2025-12-05,CURRENT,2025-12-01,2025-12-05,委託内訳,金融機関内訳,生保・損保,BUY,23501673,0.1,
2025-12-01,stock_val_1_251201.xls,2025-12-W1,2025-12-01,2025-12-05,PREVIOUS,11/25～11/28,11/25～11/28,委託内訳,金融機関内訳,都銀・地銀等,SELL,37613277,0.2,-21752715
2025-12-01,stock_val_1_251201.xls,2025-12-W1,2025-12-01,2025-12-05,PREVIOUS,11/25～11/28,11/25～11/28,委託内訳,金融機関内訳,都銀・地銀等,BUY,15860562,0.1,
2025-12-01,stock_val_1_251201.xls,2025-12-W1,2025-12-01,2025-12-05,CURRENT,2025-12-01,2025-12-05,委託内訳,金融機関内訳,都銀・地銀等,SELL,101070058,0.3,-64142262
2025-12-01,stock_val_1_251201.xls,2025-12-W1,2025-12-01,2025-12-05,CURRENT,2025-12-01,2025-12-05,委託内訳,金融機関内訳,都銀・地銀等,BUY,36927796,0.1,
2025-12-01,stock_val_1_251201.xls,2025-12-W1,2025-12-01,2025-12-05,PREVIOUS,11/25～11/28,11/25～11/28,委託内訳,金融機関内訳,信託銀行,SELL,751794528,3.1,
2025-12-01,stock_val_1_251201.xls,2025-12-W1,2025-12-01,2025-12-05,PREVIOUS,11/25～11/28,11/25～11/28,委託内訳,金融機関内訳,信託銀行,BUY,775429462,3.3,23634934
2025-12-01,stock_val_1_251201.xls,2025-12-W1,2025-12-01,2025-12-05,CURRENT,2025-12-01,2025-12-05,委託内訳,金融機関内訳,信託銀行,SELL,910199042,3.1,-208493781
2025-12-01,stock_val_1_251201.xls,2025-12-W1,2025-12-01,2025-12-05,CURRENT,2025-12-01,2025-12-05,委託内訳,金融機関内訳,信託銀行,BUY,701705261,2.4,
2025-12-01,stock_val_1_251201.xls,2025-12-W1,2025-12-01,2025-12-05,PREVIOUS,11/25～11/28,11/25～11/28,委託内訳,金融機関内訳,その他金融機関,SELL,12137976,0.1,
2025-12-01,stock_val_1_251201.xls,2025-12-W1,2025-12-01,2025-12-05,PREVIOUS,11/25～11/28,11/25～11/28,委託内訳,金融機関内訳,その他金融機関,BUY,18093591,0.1,5955615
2025-12-01,stock_val_1_251201.xls,2025-12-W1,2025-12-01,2025-12-05,CURRENT,2025-12-01,2025-12-05,委託内訳,金融機関内訳,その他金融機関,SELL,64491668,0.2,-20821136
2025-12-01,stock_val_1_251201.xls,2025-12-W1,2025-12-01,2025-12-05,CURRENT,2025-12-01,2025-12-05,委託内訳,金融機関内訳,その他金融機関,BUY,43670532,0.1,
2025-12-02,stock_val_1_251202.xls,2025-12-W2,2025-12-08,2025-12-12,PREVIOUS,12/01～12/05,12/01～12/05,委託内訳,,法人,SELL,2069940832,7.0,
2025-12-02,stock_val_1_251202.xls,2025-12-W2,2025-12-08,2025-12-12,PREVIOUS,12/01～12/05,12/01～12/05,委託内訳,,法人,BUY,2112848216,7.1,42907384
2025-12-02,stock_val_1_251202.xls,2025-12-W2,2025-12-08,2025-12-12,CURRENT,2025-12-08,2025-12-12,委託内訳,,法人,SELL,1544413992,5.3,
2025-12-02,stock_val_1_251202.xls,2025-12-W2,2025-12-08,2025-12-12,CURRENT,2025-12-08,2025-12-12,委託内訳,,法人,BUY,2131615769,7.2,587201777
2025-12-02,stock_val_1_251202.xls,2025-12-W2,2025-12-08,2025-12-12,PREVIOUS,12/01～12/05,12/01～12/05,委託内訳,,個人,SELL,8230286875,27.8,
2025-12-02,stock_val_1_251202.xls,2025-12-W2,2025-12-08,2025-12-12,PREVIOUS,12/01～12/05,12/01～12/05,委託内訳,,個人,BUY,8437977540,28.3,207690665
2025-12-02,stock_val_1_251202.xls,2025-12-W2,2025-12-08,2025-12-12,CURRENT,2025-12-08,2025-12-12,委託内訳,,個人,SELL,8524489547,29.4,-250281405
2025-12-02,stock_val_1_251202.xls,2025-12-W2,2025-12-08,2025-12-12,CURRENT,2025-12-08,2025-12-12,委託内訳,,個人,BUY,8274208142,28.1,
2025-12-02,stock_val_1_251202.xls,2025-12-W2,2025-12-08,2025-12-12,PREVIOUS,12/01～12/05,12/01～12/05,委託内訳,,海外投資家,SELL,19164863500,64.8,
2025-12-02,stock_val_1_251202.xls,2025-12-W2,2025-12-08,2025-12-12,PREVIOUS,12/01～12/05,12/01～12/05,委託内訳,,海外投資家,BUY,19168322711,64.2,3459211
2025-12-02,stock_val_1_251202.xls,2025-12-W2,2025-12-08,2025-12-12,CURRENT,2025-12-08,2025-12-12,委託内訳,,海外投資家,SELL,18750255047,64.7,
2025-12-02,stock_val_1_251202.xls,2025-12-W2,2025-12-08,2025-12-12,CURRENT,2025-12-08,2025-12-12,委託内訳,,海外投資家,BUY,18940047324,64.2,189792277
2025-12-02,stock_val_1_251202.xls,2025-12-W2,2025-12-08,2025-12-12,PREVIOUS,12/01～12/05,12/01～12/05,委託内訳,,証券会社,SELL,122983057,0.4,
2025-12-02,stock_val_1_251202.xls,2025-12-W2,2025-12-08,2025-12-12,PREVIOUS,12/01～12/05,12/01～12/05,委託内訳,,証券会社,BUY,126386193,0.4,3403136
2025-12-02,stock_val_1_251202.xls,2025-12-W2,2025-12-08,2025-12-12,CURRENT,2025-12-08,2025-12-12,委託内訳,,証券会社,SELL,139424184,0.5,-1162096
2025-12-02,stock_val_1_251202.xls,2025-12-W2,2025-12-08,2025-12-12,CURRENT,2025-12-08,2025-12-12,委託内訳,,証券会社,BUY,138262088,0.5,
2025-12-02,stock_val_1_251202.xls,2025-12-W2,2025-12-08,2025-12-12,PREVIOUS,12/01～12/05,12/01～12/05,委託内訳,法人内訳,投資信託,SELL,522963531,1.8,
2025-12-02,stock_val_1_251202.xls,2025-12-W2,2025-12-08,2025-12-12,PREVIOUS,12/01～12/05,12/01～12/05,委託内訳,法人内訳,投資信託,BUY,692866891,2.3,169903360
2025-12-02,stock_val_1_251202.xls,2025-12-W2,2025-12-08,2025-12-12,CURRENT,2025-12-08,2025-12-12,委託内訳,法人内訳,投資信託,SELL,604705468,2.1,
2025-12-02,stock_val_1_251202.xls,2025-12-W2,2025-12-08,2025-12-12,CURRENT,2025-12-08,2025-12-12,委託内訳,法人内訳,投資信託,BUY,749401162,2.5,144695694
2025-12-02,stock_val_1_251202.xls,2025-12-W2,2025-12-08,2025-12-12,PREVIOUS,12/01～12/05,12/01～12/05,委託内訳,法人内訳,事業法人,SELL,318599768,1.1,
2025-12-02,stock_val_1_251202.xls,2025-12-W2,2025-12-08,2025-12-12,PREVIOUS,12/01～12/05,12/01～12/05,委託内訳,法人内訳,事業法人,BUY,522401747,1.8,203801979
2025-12-02,stock_val_1_251202.xls,2025-12-W2,2025-12-08,2025-12-12,CURRENT,2025-12-08,2025-12-12,委託内訳,法人内訳,事業法人,SELL,301518173,1.0,
2025-12-02,stock_val_1_251202.xls,2025-12-W2,2025-12-08,2025-12-12,CURRENT,2025-12-08,2025-12-12,委託内訳,法人内訳,事業法人,BUY,532721324,1.8,231203151
2025-12-02,stock_val_1_251202.xls,2025-12-W2,2025-12-08,2025-12-12,PREVIOUS,12/01～12/05,12/01～12/05,委託内訳,法人内訳,その他法人等,SELL,46224575,0.2,
2025-12-02,stock_val_1_251202.xls,2025-12-W2,2025-12-08,2025-12-12,PREVIOUS,12/01～12/05,12/01～12/05,委託内訳,法人内訳,その他法人等,BUY,91774316,0.3,45549741
2025-12-02,stock_val_1_251202.xls,2025-12-W2,2025-12-08,2025-12-12,CURRENT,2025-12-08,2025-12-12,委託内訳,法人内訳,その他法人等,SELL,41431018,0.1,
2025-12-02,stock_val_1_251202.xls,2025-12-W2,2025-12-08,2025-12-12,CURRENT,2025-12-08,2025-12-12,委託内訳,法人内訳,その他法人等,BUY,151412567,0.5,109981549
2025-12-02,stock_val_1_251202.xls,2025-12-W2,2025-12-08,2025-12-12,PREVIOUS,12/01～12/05,12/01～12/05,委託内訳,法人内訳,金融機関,SELL,1182152958,4.0,-376347696
2025-12-02,stock_val_1_251202.xls,2025-12-W2,2025-12-08,2025-12-12,PREVIOUS,12/01～12/05,12/01～12/05,委託内訳,法人内訳,金融機関,BUY,805805262,2.7,
2025-12-02,stock_val_1_251202.xls,2025-12-W2,2025-12-08,2025-12-12,CURRENT,2025-12-08,2025-12-12,委託内訳,法人内訳,金融機関,SELL,596759333,2.1,
2025-12-02,stock_val_1_251202.xls,2025-12-W2,2025-12-08,2025-12-12,CURRENT,2025-12-08,2025-12-12,委託内訳,法人内訳,金融機関,BUY,698080716,2.4,101321383
2025-12-02,stock_val_1_251202.xls,2025-12-W2,2025-12-08,2025-12-12,PREVIOUS,12/01～12/05,12/01～12/05,委託内訳,金融機関内訳,生保・損保,SELL,106392190,0.4,-82890517
2025-12-02,stock_val_1_251202.xls,2025-12-W2,2025-12-08,2025-12-12,PREVIOUS,12/01～12/05,12/01～12/05,委託内訳,金融機関内訳,生保・損保,BUY,23501673,0.1,
2025-12-02,stock_val_1_251202.xls,2025-12-W2,2025-12-08,2025-12-12,CURRENT,2025-12-08,2025-12-12,委託内訳,金融機関内訳,生保・損保,SELL,72531221,0.3,-43389055
2025-12-02,stock_val_1_251202.xls,2025-12-W2,2025-12-08,2025-12-12,CURRENT,2025-12-08,2025-12-12,委託内訳,金融機関内訳,生保・損保,BUY,29142166,0.1,
2025-12-02,stock_val_1_251202.xls,2025-12-W2,2025-12-08,2025-12-12,PREVIOUS,12/01～12/05,12/01～12/05,委託内訳,金融機関内訳,都銀・地銀等,SELL,101070058,0.3,-64142262
2025-12-02,stock_val_1_251202.xls,2025-12-W2,2025-12-08,2025-12-12,PREVIOUS,12/01～12/05,12/01～12/05,委託内訳,金融機関内訳,都銀・地銀等,BUY,36927796,0.1,
2025-12-02,stock_val_1_251202.xls,2025-12-W2,2025-12-08,2025-12-12,CURRENT,2025-12-08,2025-12-12,委託内訳,金融機関内訳,都銀・地銀等,SELL,37799206,0.1,
2025-12-02,stock_val_1_251202.xls,2025-12-W2,2025-12-08,2025-12-12,CURRENT,2025-12-08,2025-12-12,委託内訳,金融機関内訳,都銀・地銀等,BUY,45409282,0.2,7610076
2025-12-02,stock_val_1_251202.xls,2025-12-W2,2025-12-08,2025-12-12,PREVIOUS,12/01～12/05,12/01～12/05,委託内訳,金融機関内訳,信託銀行,SELL,910199042,3.1,-208493781
2025-12-02,stock_val_1_251202.xls,2025-12-W2,2025-12-08,2025-12-12,PREVIOUS,12/01～12/05,12/01～12/05,委託内訳,金融機関内訳,信託銀行,BUY,701705261,2.4,
2025-12-02,stock_val_1_251202.xls,2025-12-W2,2025-12-08,2025-12-12,CURRENT,2025-12-08,2025-12-12,委託内訳,金融機関内訳,信託銀行,SELL,458350862,1.6,
2025-12-02,stock_val_1_251202.xls,2025-12-W2,2025-12-08,2025-12-12,CURRENT,2025-12-08,2025-12-12,委託内訳,金融機関内訳,信託銀行,BUY,587723025,2.0,129372163
2025-12-02,stock_val_1_251202.xls,2025-12-W2,2025-12-08,2025-12-12,PREVIOUS,12/01～12/05,12/01～12/05,委託内訳,金融機関内訳,その他金融機関,SELL,64491668,0.2,-20821136
2025-12-02,stock_val_1_251202.xls,2025-12-W2,2025-12-08,2025-12-12,PREVIOUS,12/01～12/05,12/01～12/05,委託内訳,金融機関内訳,その他金融機関,BUY,43670532,0.1,
2025-12-02,stock_val_1_251202.xls,2025-12-W2,2025-12-08,2025-12-12,CURRENT,2025-12-08,2025-12-12,委託内訳,金融機関内訳,その他金融機関,SELL,28078044,0.1,
2025-12-02,stock_val_1_251202.xls,2025-12-W2,2025-12-08,2025-12-12,CURRENT,2025-12-08,2025-12-12,委託内訳,金融機関内訳,その他金融機関,BUY,35806243,0.1,7728199
2025-12-03,stock_val_1_251203.xls,2025-12-W3,2025-12-15,2025-12-19,PREVIOUS,12/08～12/12,12/08～12/12,委託内訳,,法人,SELL,1544413992,5.3,
2025-12-03,stock_val_1_251203.xls,2025-12-W3,2025-12-15,2025-12-19,PREVIOUS,12/08～12/12,12/08～12/12,委託内訳,,法人,BUY,2131615769,7.2,587201777
2025-12-03,stock_val_1_251203.xls,2025-12-W3,2025-12-15,2025-12-19,CURRENT,2025-12-15,2025-12-19,委託内訳,,法人,SELL,2198470501,7.4,-60673772
2025-12-03,stock_val_1_251203.xls,2025-12-W3,2025-12-15,2025-12-19,CURRENT,2025-12-15,2025-12-19,委託内訳,,法人,BUY,2137796729,7.2,
2025-12-03,stock_val_1_251203.xls,2025-12-W3,2025-12-15,2025-12-19,PREVIOUS,12/08～12/12,12/08～12/12,委託内訳,,個人,SELL,8524489547,29.4,-250281405
2025-12-03,stock_val_1_251203.xls,2025-12-W3,2025-12-15,2025-12-19,PREVIOUS,12/08～12/12,12/08～12/12,委託内訳,,個人,BUY,8274208142,28.1,
2025-12-03,stock_val_1_251203.xls,2025-12-W3,2025-12-15,2025-12-19,CURRENT,2025-12-15,2025-12-19,委託内訳,,個人,SELL,7525022292,25.2,
2025-12-03,stock_val_1_251203.xls,2025-12-W3,2025-12-15,2025-12-19,CURRENT,2025-12-15,2025-12-19,委託内訳,,個人,BUY,7781555930,26.3,256533638
2025-12-03,stock_val_1_251203.xls,2025-12-W3,2025-12-15,2025-12-19,PREVIOUS,12/08～12/12,12/08～12/12,委託内訳,,海外投資家,SELL,18750255047,64.7,
2025-12-03,stock_val_1_251203.xls,2025-12-W3,2025-12-15,2025-12-19,PREVIOUS,12/08～12/12,12/08～12/12,委託内訳,,海外投資家,BUY,18940047324,64.2,189792277
2025-12-03,stock_val_1_251203.xls,2025-12-W3,2025-12-15,2025-12-19,CURRENT,2025-12-15,2025-12-19,委託内訳,,海外投資家,SELL,20005030915,67.0,-439099493
2025-12-03,stock_val_1_251203.xls,2025-12-W3,2025-12-15,2025-12-19,CURRENT,2025-12-15,2025-12-19,委託内訳,,海外投資家,BUY,19565931422,66.1,
2025-12-03,stock_val_1_251203.xls,2025-12-W3,2025-12-15,2025-12-19,PREVIOUS,12/08～12/12,12/08～12/12,委託内訳,,証券会社,SELL,139424184,0.5,-1162096
2025-12-03,stock_val_1_251203.xls,2025-12-W3,2025-12-15,2025-12-19,PREVIOUS,12/08～12/12,12/08～12/12,委託内訳,,証券会社,BUY,138262088,0.5,
2025-12-03,stock_val_1_251203.xls,2025-12-W3,2025-12-15,2025-12-19,CURRENT,2025-12-15,2025-12-19,委託内訳,,証券会社,SELL,112035784,0.4,
2025-12-03,stock_val_1_251203.xls,2025-12-W3,2025-12-15,2025-12-19,CURRENT,2025-12-15,2025-12-19,委託内訳,,証券会社,BUY,120910617,0.4,8874833
2025-12-03,stock_val_1_251203.xls,2025-12-W3,2025-12-15,2025-12-19,PREVIOUS,12/08～12/12,12/08～12/12,委託内訳,法人内訳,投資信託,SELL,604705468,2.1,
2025-12-03,stock_val_1_251203.xls,2025-12-W3,2025-12-15,2025-12-19,PREVIOUS,12/08～12/12,12/08～12/12,委託内訳,法人内訳,投資信託,BUY,749401162,2.5,144695694
2025-12-03,stock_val_1_251203.xls,2025-12-W3,2025-12-15,2025-12-19,CURRENT,2025-12-15,2025-12-19,委託内訳,法人内訳,投資信託,SELL,686611776,2.3,-77501459
2025-12-03,stock_val_1_251203.xls,2025-12-W3,2025-12-15,2025-12-19,CURRENT,2025-12-15,2025-12-19,委託内訳,法人内訳,投資信託,BUY,609110317,2.1,
2025-12-03,stock_val_1_251203.xls,2025-12-W3,2025-12-15,2025-12-19,PREVIOUS,12/08～12/12,12/08～12/12,委託内訳,法人内訳,事業法人,SELL,301518173,1.0,
2025-12-03,stock_val_1_251203.xls,2025-12-W3,2025-12-15,2025-12-19,PREVIOUS,12/08～12/12,12/08～12/12,委託内訳,法人内訳,事業法人,BUY,532721324,1.8,231203151
2025-12-03,stock_val_1_251203.xls,2025-12-W3,2025-12-15,2025-12-19,CURRENT,2025-12-15,2025-12-19,委託内訳,法人内訳,事業法人,SELL,270414532,0.9,
2025-12-03,stock_val_1_251203.xls,2025-12-W3,2025-12-15,2025-12-19,CURRENT,2025-12-15,2025-12-19,委託内訳,法人内訳,事業法人,BUY,488136153,1.6,217721621
2025-12-03,stock_val_1_251203.xls,2025-12-W3,2025-12-15,2025-12-19,PREVIOUS,12/08～12/12,12/08～12/12,委託内訳,法人内訳,その他法人等,SELL,41431018,0.1,
2025-12-03,stock_val_1_251203.xls,2025-12-W3,2025-12-15,2025-12-19,PREVIOUS,12/08～12/12,12/08～12/12,委託内訳,法人内訳,その他法人等,BUY,151412567,0.5,109981549
2025-12-03,stock_val_1_251203.xls,2025-12-W3,2025-12-15,2025-12-19,CURRENT,2025-12-15,2025-12-19,委託内訳,法人内訳,その他法人等,SELL,39377818,0.1,
2025-12-03,stock_val_1_251203.xls,2025-12-W3,2025-12-15,2025-12-19,CURRENT,2025-12-15,2025-12-19,委託内訳,法人内訳,その他法人等,BUY,85402853,0.3,46025035
2025-12-03,stock_val_1_251203.xls,2025-12-W3,2025-12-15,2025-12-19,PREVIOUS,12/08～12/12,12/08～12/12,委託内訳,法人内訳,金融機関,SELL,596759333,2.1,
2025-12-03,stock_val_1_251203.xls,2025-12-W3,2025-12-15,2025-12-19,PREVIOUS,12/08～12/12,12/08～12/12,委託内訳,法人内訳,金融機関,BUY,698080716,2.4,101321383
2025-12-03,stock_val_1_251203.xls,2025-12-W3,2025-12-15,2025-12-19,CURRENT,2025-12-15,2025-12-19,委託内訳,法人内訳,金融機関,SELL,1202066375,4.0,-246918969
2025-12-03,stock_val_1_251203.xls,2025-12-W3,2025-12-15,2025-12-19,CURRENT,2025-12-15,2025-12-19,委託内訳,法人内訳,金融機関,BUY,955147406,3.2,
2025-12-03,stock_val_1_251203.xls,2025-12-W3,2025-12-15,2025-12-19,PREVIOUS,12/08～12/12,12/08～12/12,委託内訳,金融機関内訳,生保・損保,SELL,72531221,0.3,-43389055
2025-12-03,stock_val_1_251203.xls,2025-12-W3,2025-12-15,2025-12-19,PREVIOUS,12/08～12/12,12/08～12/12,委託内訳,金融機関内訳,生保・損保,BUY,29142166,0.1,
2025-12-03,stock_val_1_251203.xls,2025-12-W3,2025-12-15,2025-12-19,CURRENT,2025-12-15,2025-12-19,委託内訳,金融機関内訳,生保・損保,SELL,96249402,0.3,-60411522
2025-12-03,stock_val_1_251203.xls,2025-12-W3,2025-12-15,2025-12-19,CURRENT,2025-12-15,2025-12-19,委託内訳,金融機関内訳,生保・損保,BUY,35837880,0.1,
2025-12-03,stock_val_1_251203.xls,2025-12-W3,2025-12-15,2025-12-19,PREVIOUS,12/08～12/12,12/08～12/12,委託内訳,金融機関内訳,都銀・地銀等,SELL,37799206,0.1,
2025-12-03,stock_val_1_251203.xls,2025-12-W3,2025-12-15,2025-12-19,PREVIOUS,12/08～12/12,12/08～12/12,委託内訳,金融機関内訳,都銀・地銀等,BUY,45409282,0.2,7610076
2025-12-03,stock_val_1_251203.xls,2025-12-W3,2025-12-15,2025-12-19,CURRENT,2025-12-15,2025-12-19,委託内訳,金融機関内訳,都銀・地銀等,SELL,46081840,0.2,-30794572
2025-12-03,stock_val_1_251203.xls,2025-12-W3,2025-12-15,2025-12-19,CURRENT,2025-12-15,2025-12-19,委託内訳,金融機関内訳,都銀・地銀等,BUY,15287268,0.1,
2025-12-03,stock_val_1_251203.xls,2025-12-W3,2025-12-15,2025-12-19,PREVIOUS,12/08～12/12,12/08～12/12,委託内訳,金融機関内訳,信託銀行,SELL,458350862,1.6,
2025-12-03,stock_val_1_251203.xls,2025-12-W3,2025-12-15,2025-12-19,PREVIOUS,12/08～12/12,12/08～12/12,委託内訳,金融機関内訳,信託銀行,BUY,587723025,2.0,129372163
2025-12-03,stock_val_1_251203.xls,2025-12-W3,2025-12-15,2025-12-19,CURRENT,2025-12-15,2025-12-19,委託内訳,金融機関内訳,信託銀行,SELL,1029616212,3.5,-176618885
2025-12-03,stock_val_1_251203.xls,2025-12-W3,2025-12-15,2025-12-19,CURRENT,2025-12-15,2025-12-19,委託内訳,金融機関内訳,信託銀行,BUY,852997327,2.9,
2025-12-03,stock_val_1_251203.xls,2025-12-W3,2025-12-15,2025-12-19,PREVIOUS,12/08～12/12,12/08～12/12,委託内訳,金融機関内訳,その他金融機関,SELL,28078044,0.1,
2025-12-03,stock_val_1_251203.xls,2025-12-W3,2025-12-15,2025-12-19,PREVIOUS,12/08～12/12,12/08～12/12,委託内訳,金融機関内訳,その他金融機関,BUY,35806243,0.1,7728199
2025-12-03,stock_val_1_251203.xls,2025-12-W3,2025-12-15,2025-12-19,CURRENT,2025-12-15,2025-12-19,委託内訳,金融機関内訳,その他金融機関,SELL,30118921,0.1,
2025-12-03,stock_val_1_251203.xls,2025-12-W3,2025-12-15,2025-12-19,CURRENT,2025-12-15,2025-12-19,委託内訳,金融機関内訳,その他金融機関,BUY,51024931,0.2,20906010
2025-12-04,stock_val_1_251204.xls,2025-12-W4,2025-12-22,2025-12-26,PREVIOUS,12/15～12/19,12/15～12/19,委託内訳,,法人,SELL,2198470501,7.4,-60673772
2025-12-04,stock_val_1_251204.xls,2025-12-W4,2025-12-22,2025-12-26,PREVIOUS,12/15～12/19,12/15～12/19,委託内訳,,法人,BUY,2137796729,7.2,
2025-12-04,stock_val_1_251204.xls,2025-12-W4,2025-12-22,2025-12-26,CURRENT,2025-12-22,2025-12-26,委託内訳,,法人,SELL,1219352218,5.6,
2025-12-04,stock_val_1_251204.xls,2025-12-W4,2025-12-22,2025-12-26,CURRENT,2025-12-22,2025-12-26,委託内訳,,法人,BUY,1351812784,6.3,132460566
2025-12-04,stock_val_1_251204.xls,2025-12-W4,2025-12-22,2025-12-26,PREVIOUS,12/15～12/19,12/15～12/19,委託内訳,,個人,SELL,7525022292,25.2,
2025-12-04,stock_val_1_251204.xls,2025-12-W4,2025-12-22,2025-12-26,PREVIOUS,12/15～12/19,12/15～12/19,委託内訳,,個人,BUY,7781555930,26.3,256533638
2025-12-04,stock_val_1_251204.xls,2025-12-W4,2025-12-22,2025-12-26,CURRENT,2025-12-22,2025-12-26,委託内訳,,個人,SELL,7731457559,35.7,-385292643
2025-12-04,stock_val_1_251204.xls,2025-12-W4,2025-12-22,2025-12-26,CURRENT,2025-12-22,2025-12-26,委託内訳,,個人,BUY,7346164916,34.3,
2025-12-04,stock_val_1_251204.xls,2025-12-W4,2025-12-22,2025-12-26,PREVIOUS,12/15～12/19,12/15～12/19,委託内訳,,海外投資家,SELL,20005030915,67.0,-439099493
2025-12-04,stock_val_1_251204.xls,2025-12-W4,2025-12-22,2025-12-26,PREVIOUS,12/15～12/19,12/15～12/19,委託内訳,,海外投資家,BUY,19565931422,66.1,
2025-12-04,stock_val_1_251204.xls,2025-12-W4,2025-12-22,2025-12-26,CURRENT,2025-12-22,2025-12-26,委託内訳,,海外投資家,SELL,12616196202,58.2,-21032974
2025-12-04,stock_val_1_251204.xls,2025-12-W4,2025-12-22,2025-12-26,CURRENT,2025-12-22,2025-12-26,委託内訳,,海外投資家,BUY,12595163228,58.9,
2025-12-04,stock_val_1_251204.xls,2025-12-W4,2025-12-22,2025-12-26,PREVIOUS,12/15～12/19,12/15～12/19,委託内訳,,証券会社,SELL,112035784,0.4,
2025-12-04,stock_val_1_251204.xls,2025-12-W4,2025-12-22,2025-12-26,PREVIOUS,12/15～12/19,12/15～12/19,委託内訳,,証券会社,BUY,120910617,0.4,8874833
2025-12-04,stock_val_1_251204.xls,2025-12-W4,2025-12-22,2025-12-26,CURRENT,2025-12-22,2025-12-26,委託内訳,,証券会社,SELL,108966953,0.5,-9438957
2025-12-04,stock_val_1_251204.xls,2025-12-W4,2025-12-22,2025-12-26,CURRENT,2025-12-22,2025-12-26,委託内訳,,証券会社,BUY,99527996,0.5,
2025-12-04,stock_val_1_251204.xls,2025-12-W4,2025-12-22,2025-12-26,PREVIOUS,12/15～12/19,12/15～12/19,委託内訳,法人内訳,投資信託,SELL,686611776,2.3,-77501459
2025-12-04,stock_val_1_251204.xls,2025-12-W4,2025-12-22,2025-12-26,PREVIOUS,12/15～12/19,12/15～12/19,委託内訳,法人内訳,投資信託,BUY,609110317,2.1,
2025-12-04,stock_val_1_251204.xls,2025-12-W4,2025-12-22,2025-12-26,CURRENT,2025-12-22,2025-12-26,委託内訳,法人内訳,投資信託,SELL,392802142,1.8,
2025-12-04,stock_val_1_251204.xls,2025-12-W4,2025-12-22,2025-12-26,CURRENT,2025-12-22,2025-12-26,委託内訳,法人内訳,投資信託,BUY,443453306,2.1,50651164
2025-12-04,stock_val_1_251204.xls,2025-12-W4,2025-12-22,2025-12-26,PREVIOUS,12/15～12/19,12/15～12/19,委託内訳,法人内訳,事業法人,SELL,270414532,0.9,
2025-12-04,stock_val_1_251204.xls,2025-12-W4,2025-12-22,2025-12-26,PREVIOUS,12/15～12/19,12/15～12/19,委託内訳,法人内訳,事業法人,BUY,488136153,1.6,217721621
2025-12-04,stock_val_1_251204.xls,2025-12-W4,2025-12-22,2025-12-26,CURRENT,2025-12-22,2025-12-26,委託内訳,法人内訳,事業法人,SELL,285993797,1.3,
2025-12-04,stock_val_1_251204.xls,2025-12-W4,2025-12-22,2025-12-26,CURRENT,2025-12-22,2025-12-26,委託内訳,法人内訳,事業法人,BUY,302591403,1.4,16597606
2025-12-04,stock_val_1_251204.xls,2025-12-W4,2025-12-22,2025-12-26,PREVIOUS,12/15～12/19,12/15～12/19,委託内訳,法人内訳,その他法人等,SELL,39377818,0.1,
2025-12-04,stock_val_1_251204.xls,2025-12-W4,2025-12-22,2025-12-26,PREVIOUS,12/15～12/19,12/15～12/19,委託内訳,法人内訳,その他法人等,BUY,85402853,0.3,46025035
2025-12-04,stock_val_1_251204.xls,2025-12-W4,2025-12-22,2025-12-26,CURRENT,2025-12-22,2025-12-26,委託内訳,法人内訳,その他法人等,SELL,41687785,0.2,
2025-12-04,stock_val_1_251204.xls,2025-12-W4,2025-12-22,2025-12-26,CURRENT,2025-12-22,2025-12-26,委託内訳,法人内訳,その他法人等,BUY,131703141,0.6,90015356
2025-12-04,stock_val_1_251204.xls,2025-12-W4,2025-12-22,2025-12-26,PREVIOUS,12/15～12/19,12/15～12/19,委託内訳,法人内訳,金融機関,SELL,1202066375,4.0,-246918969
2025-12-04,stock_val_1_251204.xls,2025-12-W4,2025-12-22,2025-12-26,PREVIOUS,12/15～12/19,12/15～12/19,委託内訳,法人内訳,金融機関,BUY,955147406,3.2,
2025-12-04,stock_val_1_251204.xls,2025-12-W4,2025-12-22,2025-12-26,CURRENT,2025-12-22,2025-12-26,委託内訳,法人内訳,金融機関,SELL,498868494,2.3,-24803560
2025-12-04,stock_val_1_251204.xls,2025-12-W4,2025-12-22,2025-12-26,CURRENT,2025-12-22,2025-12-26,委託内訳,法人内訳,金融機関,BUY,474064934,2.2,
2025-12-04,stock_val_1_251204.xls,2025-12-W4,2025-12-22,2025-12-26,PREVIOUS,12/15～12/19,12/15～12/19,委託内訳,金融機関内訳,生保・損保,SELL,96249402,0.3,-60411522
2025-12-04,stock_val_1_251204.xls,2025-12-W4,2025-12-22,2025-12-26,PREVIOUS,12/15～12/19,12/15～12/19,委託内訳,金融機関内訳,生保・損保,BUY,35837880,0.1,
2025-12-04,stock_val_1_251204.xls,2025-12-W4,2025-12-22,2025-12-26,CURRENT,2025-12-22,2025-12-26,委託内訳,金融機関内訳,生保・損保,SELL,55875730,0.3,-43751818
2025-12-04,stock_val_1_251204.xls,2025-12-W4,2025-12-22,2025-12-26,CURRENT,2025-12-22,2025-12-26,委託内訳,金融機関内訳,生保・損保,BUY,12123912,0.1,
2025-12-04,stock_val_1_251204.xls,2025-12-W4,2025-12-22,2025-12-26,PREVIOUS,12/15～12/19,12/15～12/19,委託内訳,金融機関内訳,都銀・地銀等,SELL,46081840,0.2,-30794572
2025-12-04,stock_val_1_251204.xls,2025-12-W4,2025-12-22,2025-12-26,PREVIOUS,12/15～12/19,12/15～12/19,委託内訳,金融機関内訳,都銀・地銀等,BUY,15287268,0.1,
2025-12-04,stock_val_1_251204.xls,2025-12-W4,2025-12-22,2025-12-26,CURRENT,2025-12-22,2025-12-26,委託内訳,金融機関内訳,都銀・地銀等,SELL,31472707,0.1,-7390649
2025-12-04,stock_val_1_251204.xls,2025-12-W4,2025-12-22,2025-12-26,CURRENT,2025-12-22,2025-12-26,委託内訳,金融機関内訳,都銀・地銀等,BUY,24082058,0.1,
2025-12-04,stock_val_1_251204.xls,2025-12-W4,2025-12-22,2025-12-26,PREVIOUS,12/15～12/19,12/15～12/19,委託内訳,金融機関内訳,信託銀行,SELL,1029616212,3.5,-176618885
2025-12-04,stock_val_1_251204.xls,2025-12-W4,2025-12-22,2025-12-26,PREVIOUS,12/15～12/19,12/15～12/19,委託内訳,金融機関内訳,信託銀行,BUY,852997327,2.9,
2025-12-04,stock_val_1_251204.xls,2025-12-W4,2025-12-22,2025-12-26,CURRENT,2025-12-22,2025-12-26,委託内訳,金融機関内訳,信託銀行,SELL,390018500,1.8,
2025-12-04,stock_val_1_251204.xls,2025-12-W4,2025-12-22,2025-12-26,CURRENT,2025-12-22,2025-12-26,委託内訳,金融機関内訳,信託銀行,BUY,420783709,2.0,30765209
2025-12-04,stock_val_1_251204.xls,2025-12-W4,2025-12-22,2025-12-26,PREVIOUS,12/15～12/19,12/15～12/19,委託内訳,金融機関内訳,その他金融機関,SELL,30118921,0.1,
2025-12-04,stock_val_1_251204.xls,2025-12-W4,2025-12-22,2025-12-26,PREVIOUS,12/15～12/19,12/15～12/19,委託内訳,金融機関内訳,その他金融機関,BUY,51024931,0.2,20906010
2025-12-04,stock_val_1_251204.xls,2025-12-W4,2025-12-22,2025-12-26,CURRENT,2025-12-22,2025-12-26,委託内訳,金融機関内訳,その他金融機関,SELL,21501557,0.1,-4426302
2025-12-04,stock_val_1_251204.xls,2025-12-W4,2025-12-22,2025-12-26,CURRENT,2025-12-22,2025-12-26,委託内訳,金融機関内訳,その他金融機関,BUY,17075255,0.1,
2025-12-05,stock_val_1_251205.xls,2025-12-W5,2025-12-29,2025-12-30,PREVIOUS,12/22～12/26,12/22～12/26,委託内訳,,法人,SELL,1219352218,5.6,
2025-12-05,stock_val_1_251205.xls,2025-12-W5,2025-12-29,2025-12-30,PREVIOUS,12/22～12/26,12/22～12/26,委託内訳,,法人,BUY,1351812784,6.3,132460566
2025-12-05,stock_val_1_251205.xls,2025-12-W5,2025-12-29,2025-12-30,CURRENT,2025-12-29,2025-12-30,委託内訳,,法人,SELL,592348969,6.8,
2025-12-05,stock_val_1_251205.xls,2025-12-W5,2025-12-29,2025-12-30,CURRENT,2025-12-29,2025-12-30,委託内訳,,法人,BUY,618017317,6.9,25668348
2025-12-05,stock_val_1_251205.xls,2025-12-W5,2025-12-29,2025-12-30,PREVIOUS,12/22～12/26,12/22～12/26,委託内訳,,個人,SELL,7731457559,35.7,-385292643
2025-12-05,stock_val_1_251205.xls,2025-12-W5,2025-12-29,2025-12-30,PREVIOUS,12/22～12/26,12/22～12/26,委託内訳,,個人,BUY,7346164916,34.3,
2025-12-05,stock_val_1_251205.xls,2025-12-W5,2025-12-29,2025-12-30,CURRENT,2025-12-29,2025-12-30,委託内訳,,個人,SELL,2630159820,30.2,
2025-12-05,stock_val_1_251205.xls,2025-12-W5,2025-12-29,2025-12-30,CURRENT,2025-12-29,2025-12-30,委託内訳,,個人,BUY,2814844160,31.6,184684340
2025-12-05,stock_val_1_251205.xls,2025-12-W5,2025-12-29,2025-12-30,PREVIOUS,12/22～12/26,12/22～12/26,委託内訳,,海外投資家,SELL,12616196202,58.2,-21032974
2025-12-05,stock_val_1_251205.xls,2025-12-W5,2025-12-29,2025-12-30,PREVIOUS,12/22～12/26,12/22～12/26,委託内訳,,海外投資家,BUY,12595163228,58.9,
2025-12-05,stock_val_1_251205.xls,2025-12-W5,2025-12-29,2025-12-30,CURRENT,2025-12-29,2025-12-30,委託内訳,,海外投資家,SELL,5459099568,62.7,-14987991
2025-12-05,stock_val_1_251205.xls,2025-12-W5,2025-12-29,2025-12-30,CURRENT,2025-12-29,2025-12-30,委託内訳,,海外投資家,BUY,5444111577,61.1,
2025-12-05,stock_val_1_251205.xls,2025-12-W5,2025-12-29,2025-12-30,PREVIOUS,12/22～12/26,12/22～12/26,委託内訳,,証券会社,SELL,108966953,0.5,-9438957
2025-12-05,stock_val_1_251205.xls,2025-12-W5,2025-12-29,2025-12-30,PREVIOUS,12/22～12/26,12/22～12/26,委託内訳,,証券会社,BUY,99527996,0.5,
2025-12-05,stock_val_1_251205.xls,2025-12-W5,2025-12-29,2025-12-30,CURRENT,2025-12-29,2025-12-30,委託内訳,,証券会社,SELL,32009069,0.4,
2025-12-05,stock_val_1_251205.xls,2025-12-W5,2025-12-29,2025-12-30,CURRENT,2025-12-29,2025-12-30,委託内訳,,証券会社,BUY,33658914,0.4,1649845
2025-12-05,stock_val_1_251205.xls,2025-12-W5,2025-12-29,2025-12-30,PREVIOUS,12/22～12/26,12/22～12/26,委託内訳,法人内訳,投資信託,SELL,392802142,1.8,
2025-12-05,stock_val_1_251205.xls,2025-12-W5,2025-12-29,2025-12-30,PREVIOUS,12/22～12/26,12/22～12/26,委託内訳,法人内訳,投資信託,BUY,443453306,2.1,50651164
2025-12-05,stock_val_1_251205.xls,2025-12-W5,2025-12-29,2025-12-30,CURRENT,2025-12-29,2025-12-30,委託内訳,法人内訳,投資信託,SELL,231840986,2.7,-17774159
2025-12-05,stock_val_1_251205.xls,2025-12-W5,2025-12-29,2025-12-30,CURRENT,2025-12-29,2025-12-30,委託内訳,法人内訳,投資信託,BUY,214066827,2.4,
2025-12-05,stock_val_1_251205.xls,2025-12-W5,2025-12-29,2025-12-30,PREVIOUS,12/22～12/26,12/22～12/26,委託内訳,法人内訳,事業法人,SELL,285993797,1.3,
2025-12-05,stock_val_1_251205.xls,2025-12-W5,2025-12-29,2025-12-30,PREVIOUS,12/22～12/26,12/22～12/26,委託内訳,法人内訳,事業法人,BUY,302591403,1.4,16597606
2025-12-05,stock_val_1_251205.xls,2025-12-W5,2025-12-29,2025-12-30,CURRENT,2025-12-29,2025-12-30,委託内訳,法人内訳,事業法人,SELL,50291558,0.6,
2025-12-05,stock_val_1_251205.xls,2025-12-W5,2025-12-29,2025-12-30,CURRENT,2025-12-29,2025-12-30,委託内訳,法人内訳,事業法人,BUY,64171285,0.7,13879727
2025-12-05,stock_val_1_251205.xls,2025-12-W5,2025-12-29,2025-12-30,PREVIOUS,12/22～12/26,12/22～12/26,委託内訳,法人内訳,その他法人等,SELL,41687785,0.2,
2025-12-05,stock_val_1_251205.xls,2025-12-W5,2025-12-29,2025-12-30,PREVIOUS,12/22～12/26,12/22～12/26,委託内訳,法人内訳,その他法人等,BUY,131703141,0.6,90015356
2025-12-05,stock_val_1_251205.xls,2025-12-W5,2025-12-29,2025-12-30,CURRENT,2025-12-29,2025-12-30,委託内訳,法人内訳,その他法人等,SELL,14107617,0.2,
2025-12-05,stock_val_1_251205.xls,2025-12-W5,2025-12-29,2025-12-30,CURRENT,2025-12-29,2025-12-30,委託内訳,法人内訳,その他法人等,BUY,27754115,0.3,13646498
2025-12-05,stock_val_1_251205.xls,2025-12-W5,2025-12-29,2025-12-30,PREVIOUS,12/22～12/26,12/22～12/26,委託内訳,法人内訳,金融機関,SELL,498868494,2.3,-24803560
2025-12-05,stock_val_1_251205.xls,2025-12-W5,2025-12-29,2025-12-30,PREVIOUS,12/22～12/26,12/22～12/26,委託内訳,法人内訳,金融機関,BUY,474064934,2.2,
2025-12-05,stock_val_1_251205.xls,2025-12-W5,2025-12-29,2025-12-30,CURRENT,2025-12-29,2025-12-30,委託内訳,法人内訳,金融機関,SELL,296108808,3.4,
2025-12-05,stock_val_1_251205.xls,2025-12-W5,2025-12-29,2025-12-30,CURRENT,2025-12-29,2025-12-30,委託内訳,法人内訳,金融機関,BUY,312025090,3.5,15916282
2025-12-05,stock_val_1_251205.xls,2025-12-W5,2025-12-29,2025-12-30,PREVIOUS,12/22～12/26,12/22～12/26,委託内訳,金融機関内訳,生保・損保,SELL,55875730,0.3,-43751818
2025-12-05,stock_val_1_251205.xls,2025-12-W5,2025-12-29,2025-12-30,PREVIOUS,12/22～12/26,12/22～12/26,委託内訳,金融機関内訳,生保・損保,BUY,12123912,0.1,
2025-12-05,stock_val_1_251205.xls,2025-12-W5,2025-12-29,2025-12-30,CURRENT,2025-12-29,2025-12-30,委託内訳,金融機関内訳,生保・損保,SELL,777277,0.0,-290267
2025-12-05,stock_val_1_251205.xls,2025-12-W5,2025-12-29,2025-12-30,CURRENT,2025-12-29,2025-12-30,委託内訳,金融機関内訳,生保・損保,BUY,487010,0.0,
2025-12-05,stock_val_1_251205.xls,2025-12-W5,2025-12-29,2025-12-30,PREVIOUS,12/22～12/26,12/22～12/26,委託内訳,金融機関内訳,都銀・地銀等,SELL,31472707,0.1,-7390649
2025-12-05,stock_val_1_251205.xls,2025-12-W5,2025-12-29,2025-12-30,PREVIOUS,12/22～12/26,12/22～12/26,委託内訳,金融機関内訳,都銀・地銀等,BUY,24082058,0.1,
2025-12-05,stock_val_1_251205.xls,2025-12-W5,2025-12-29,2025-12-30,CURRENT,2025-12-29,2025-12-30,委託内訳,金融機関内訳,都銀・地銀等,SELL,2230830,0.0,-521650
2025-12-05,stock_val_1_251205.xls,2025-12-W5,2025-12-29,2025-12-30,CURRENT,2025-12-29,2025-12-30,委託内訳,金融機関内訳,都銀・地銀等,BUY,1709180,0.0,
2025-12-05,stock_val_1_251205.xls,2025-12-W5,2025-12-29,2025-12-30,PREVIOUS,12/22～12/26,12/22～12/26,委託内訳,金融機関内訳,信託銀行,SELL,390018500,1.8,
2025-12-05,stock_val_1_251205.xls,2025-12-W5,2025-12-29,2025-12-30,PREVIOUS,12/22～12/26,12/22～12/26,委託内訳,金融機関内訳,信託銀行,BUY,420783709,2.0,30765209
2025-12-05,stock_val_1_251205.xls,2025-12-W5,2025-12-29,2025-12-30,CURRENT,2025-12-29,2025-12-30,委託内訳,金融機関内訳,信託銀行,SELL,288518063,3.3,
2025-12-05,stock_val_1_251205.xls,2025-12-W5,2025-12-29,2025-12-30,CURRENT,2025-12-29,2025-12-30,委託内訳,金融機関内訳,信託銀行,BUY,306060969,3.4,17542906
2025-12-05,stock_val_1_251205.xls,2025-12-W5,2025-12-29,2025-12-30,PREVIOUS,12/22～12/26,12/22～12/26,委託内訳,金融機関内訳,その他金融機関,SELL,21501557,0.1,-4426302
2025-12-05,stock_val_1_251205.xls,2025-12-W5,2025-12-29,2025-12-30,PREVIOUS,12/22～12/26,12/22～12/26,委託内訳,金融機関内訳,その他金融機関,BUY,17075255,0.1,
2025-12-05,stock_val_1_251205.xls,2025-12-W5,2025-12-29,2025-12-30,CURRENT,2025-12-29,2025-12-30,委託内訳,金融機関内訳,その他金融機関,SELL,4582638,0.1,-814707
2025-12-05,stock_val_1_251205.xls,2025-12-W5,2025-12-29,2025-12-30,CURRENT,2025-12-29,2025-12-30,委託内訳,金融機関内訳,その他金融機関,BUY,3767931,0.0,
