DATE,SOURCE_FILE,SECTION,CATEGORY,SIDE,AMOUNT,RATIO,NET
2025-01-01,stock_val_1_250101.xls,委託内訳,海外投資家,売り,2295893467.0,62.6,-65723365.0
2025-01-01,stock_val_1_250101.xls,委託内訳累計,海外投資家,売り,14967569423.0,64.5,
2025-01-01,stock_val_1_250101.xls,委託内訳,海外投資家,買い,2230170102.0,59.8,
2025-01-01,stock_val_1_250101.xls,委託内訳累計,海外投資家,買い,15311121612.0,64.0,343552189.0
2025-01-01,stock_val_1_250101.xls,委託内訳,証券会社,売り,11132728.0,0.3,
2025-01-01,stock_val_1_250101.xls,委託内訳累計,証券会社,売り,102643464.0,0.4,
2025-01-01,stock_val_1_250101.xls,委託内訳,証券会社,買い,12817187.0,0.3,1684459.0
2025-01-01,stock_val_1_250101.xls,委託内訳累計,証券会社,買い,115379979.0,0.5,12736515.0
2025-01-01,stock_val_1_250101.xls,委託内訳,投資信託,売り,115048347.0,3.1,-43440078.0
2025-01-01,stock_val_1_250101.xls,委託内訳累計,投資信託,売り,505449394.0,2.2,-116178102.0
2025-01-01,stock_val_1_250101.xls,委託内訳,投資信託,買い,71608269.0,1.9,
2025-01-01,stock_val_1_250101.xls,委託内訳累計,投資信託,買い,389271292.0,1.6,
2025-01-01,stock_val_1_250101.xls,委託内訳,事業法人,売り,30450178.0,0.8,-178517.0
2025-01-01,stock_val_1_250101.xls,委託内訳累計,事業法人,売り,224761370.0,1.0,
2025-01-01,stock_val_1_250101.xls,委託内訳,事業法人,買い,30271661.0,0.8,
2025-01-01,stock_val_1_250101.xls,委託内訳累計,事業法人,買い,550436285.0,2.3,325674915.0
2025-01-01,stock_val_1_250101.xls,委託内訳,その他法人等,売り,4040702.0,0.1,
2025-01-01,stock_val_1_250101.xls,委託内訳累計,その他法人等,売り,43817044.0,0.2,
2025-01-01,stock_val_1_250101.xls,委託内訳,その他法人等,買い,12895417.0,0.3,8854715.0
2025-01-01,stock_val_1_250101.xls,委託内訳累計,その他法人等,買い,65527943.0,0.3,21710899.0
2025-01-01,stock_val_1_250101.xls,委託内訳,その他法人等,売り,47845816.0,1.3,
2025-01-01,stock_val_1_250101.xls,委託内訳累計,その他法人等,売り,963225603.0,4.1,-596728803.0
2025-01-01,stock_val_1_250101.xls,委託内訳,その他法人等,買い,77336545.0,2.1,29490729.0
2025-01-01,stock_val_1_250101.xls,委託内訳累計,その他法人等,買い,366496800.0,1.5,
2025-01-01,stock_val_1_250101.xls,委託内訳,生保・損保,売り,22726.0,0.0,
2025-01-01,stock_val_1_250101.xls,委託内訳累計,生保・損保,売り,34483923.0,0.1,-21101633.0
2025-01-01,stock_val_1_250101.xls,委託内訳,生保・損保,買い,27553.0,0.0,4827.0
2025-01-01,stock_val_1_250101.xls,委託内訳累計,生保・損保,買い,13382290.0,0.1,
2025-01-01,stock_val_1_250101.xls,委託内訳,都銀・地銀等,売り,1698793.0,0.0,-1570925.0
2025-01-01,stock_val_1_250101.xls,委託内訳累計,都銀・地銀等,売り,63037606.0,0.3,-55026336.0
2025-01-01,stock_val_1_250101.xls,委託内訳,都銀・地銀等,買い,127868.0,0.0,
2025-01-01,stock_val_1_250101.xls,委託内訳累計,都銀・地銀等,買い,8011270.0,0.0,
2025-01-01,stock_val_1_250101.xls,委託内訳,都銀・地銀等,売り,45005208.0,1.2,
2025-01-01,stock_val_1_250101.xls,委託内訳累計,都銀・地銀等,売り,846600738.0,3.6,-531876103.0
2025-01-01,stock_val_1_250101.xls,委託内訳,都銀・地銀等,買い,76314033.0,2.0,31308825.0
2025-01-01,stock_val_1_250101.xls,委託内訳累計,都銀・地銀等,買い,314724635.0,1.3,
2025-01-01,stock_val_1_250101.xls,委託内訳,都銀・地銀等,売り,1119089.0,0.0,-251998.0
2025-01-01,stock_val_1_250101.xls,委託内訳累計,都銀・地銀等,売り,19103336.0,0.1,
2025-01-01,stock_val_1_250101.xls,委託内訳,都銀・地銀等,買い,867091.0,0.0,
2025-01-01,stock_val_1_250101.xls,委託内訳累計,都銀・地銀等,買い,30378605.0,0.1,11275269.0
2025-01-02,stock_val_1_250102.xls,委託内訳,海外投資家,売り,14967569423.0,64.5,
2025-01-02,stock_val_1_250102.xls,委託内訳累計,海外投資家,売り,11938406472.0,68.9,-4618496.0
2025-01-02,stock_val_1_250102.xls,委託内訳,海外投資家,買い,15311121612.0,64.0,343552189.0
2025-01-02,stock_val_1_250102.xls,委託内訳累計,海外投資家,買い,11933787976.0,66.6,
2025-01-02,stock_val_1_250102.xls,委託内訳,証券会社,売り,102643464.0,0.4,
2025-01-02,stock_val_1_250102.xls,委託内訳累計,証券会社,売り,70508780.0,0.4,
2025-01-02,stock_val_1_250102.xls,委託内訳,証券会社,買い,115379979.0,0.5,12736515.0
2025-01-02,stock_val_1_250102.xls,委託内訳累計,証券会社,買い,78110165.0,0.4,7601385.0
2025-01-02,stock_val_1_250102.xls,委託内訳,投資信託,売り,505449394.0,2.2,-116178102.0
2025-01-02,stock_val_1_250102.xls,委託内訳累計,投資信託,売り,227653788.0,1.3,
2025-01-02,stock_val_1_250102.xls,委託内訳,投資信託,買い,389271292.0,1.6,
2025-01-02,stock_val_1_250102.xls,委託内訳累計,投資信託,買い,317462900.0,1.8,89809112.0
2025-01-02,stock_val_1_250102.xls,委託内訳,事業法人,売り,224761370.0,1.0,
2025-01-02,stock_val_1_250102.xls,委託内訳累計,事業法人,売り,194110112.0,1.1,
2025-01-02,stock_val_1_250102.xls,委託内訳,事業法人,買い,550436285.0,2.3,325674915.0
2025-01-02,stock_val_1_250102.xls,委託内訳累計,事業法人,買い,399766996.0,2.2,205656884.0
2025-01-02,stock_val_1_250102.xls,委託内訳,その他法人等,売り,43817044.0,0.2,
2025-01-02,stock_val_1_250102.xls,委託内訳累計,その他法人等,売り,33502222.0,0.2,
2025-01-02,stock_val_1_250102.xls,委託内訳,その他法人等,買い,65527943.0,0.3,21710899.0
2025-01-02,stock_val_1_250102.xls,委託内訳累計,その他法人等,買い,48623307.0,0.3,15121085.0
2025-01-02,stock_val_1_250102.xls,委託内訳,その他法人等,売り,963225603.0,4.1,-596728803.0
2025-01-02,stock_val_1_250102.xls,委託内訳累計,その他法人等,売り,483155187.0,2.8,-177224064.0
2025-01-02,stock_val_1_250102.xls,委託内訳,その他法人等,買い,366496800.0,1.5,
2025-01-02,stock_val_1_250102.xls,委託内訳累計,その他法人等,買い,305931123.0,1.7,
2025-01-02,stock_val_1_250102.xls,委託内訳,生保・損保,売り,34483923.0,0.1,-21101633.0
2025-01-02,stock_val_1_250102.xls,委託内訳累計,生保・損保,売り,27087049.0,0.2,-4354279.0
2025-01-02,stock_val_1_250102.xls,委託内訳,生保・損保,買い,13382290.0,0.1,
2025-01-02,stock_val_1_250102.xls,委託内訳累計,生保・損保,買い,22732770.0,0.1,
2025-01-02,stock_val_1_250102.xls,委託内訳,都銀・地銀等,売り,63037606.0,0.3,-55026336.0
2025-01-02,stock_val_1_250102.xls,委託内訳累計,都銀・地銀等,売り,32662603.0,0.2,-23814334.0
2025-01-02,stock_val_1_250102.xls,委託内訳,都銀・地銀等,買い,8011270.0,0.0,
2025-01-02,stock_val_1_250102.xls,委託内訳累計,都銀・地銀等,買い,8848269.0,0.0,
2025-01-02,stock_val_1_250102.xls,委託内訳,都銀・地銀等,売り,846600738.0,3.6,-531876103.0
2025-01-02,stock_val_1_250102.xls,委託内訳累計,都銀・地銀等,売り,380356751.0,2.2,-130026501.0
2025-01-02,stock_val_1_250102.xls,委託内訳,都銀・地銀等,買い,314724635.0,1.3,
2025-01-02,stock_val_1_250102.xls,委託内訳累計,都銀・地銀等,買い,250330250.0,1.4,
2025-01-02,stock_val_1_250102.xls,委託内訳,都銀・地銀等,売り,19103336.0,0.1,
2025-01-02,stock_val_1_250102.xls,委託内訳累計,都銀・地銀等,売り,43048784.0,0.2,-19028950.0
2025-01-02,stock_val_1_250102.xls,委託内訳,都銀・地銀等,買い,30378605.0,0.1,11275269.0
2025-01-02,stock_val_1_250102.xls,委託内訳累計,都銀・地銀等,買い,24019834.0,0.1,
2025-01-03,stock_val_1_250103.xls,委託内訳,海外投資家,売り,11938406472.0,68.9,-4618496.0
2025-01-03,stock_val_1_250103.xls,委託内訳累計,海外投資家,売り,13746841314.0,63.1,
2025-01-03,stock_val_1_250103.xls,委託内訳,海外投資家,買い,11933787976.0,66.6,
2025-01-03,stock_val_1_250103.xls,委託内訳累計,海外投資家,買い,14137948015.0,64.8,391106701.0
2025-01-03,stock_val_1_250103.xls,委託内訳,証券会社,売り,70508780.0,0.4,
2025-01-03,stock_val_1_250103.xls,委託内訳累計,証券会社,売り,96947791.0,0.4,-1902217.0
2025-01-03,stock_val_1_250103.xls,委託内訳,証券会社,買い,78110165.0,0.4,7601385.0
2025-01-03,stock_val_1_250103.xls,委託内訳累計,証券会社,買い,95045574.0,0.4,
2025-01-03,stock_val_1_250103.xls,委託内訳,投資信託,売り,227653788.0,1.3,
2025-01-03,stock_val_1_250103.xls,委託内訳累計,投資信託,売り,305399739.0,1.4,-31236160.0
2025-01-03,stock_val_1_250103.xls,委託内訳,投資信託,買い,317462900.0,1.8,89809112.0
2025-01-03,stock_val_1_250103.xls,委託内訳累計,投資信託,買い,274163579.0,1.3,
2025-01-03,stock_val_1_250103.xls,委託内訳,事業法人,売り,194110112.0,1.1,
2025-01-03,stock_val_1_250103.xls,委託内訳累計,事業法人,売り,234849611.0,1.1,
2025-01-03,stock_val_1_250103.xls,委託内訳,事業法人,買い,399766996.0,2.2,205656884.0
2025-01-03,stock_val_1_250103.xls,委託内訳累計,事業法人,買い,433235794.0,2.0,198386183.0
2025-01-03,stock_val_1_250103.xls,委託内訳,その他法人等,売り,33502222.0,0.2,
2025-01-03,stock_val_1_250103.xls,委託内訳累計,その他法人等,売り,62590562.0,0.3,
2025-01-03,stock_val_1_250103.xls,委託内訳,その他法人等,買い,48623307.0,0.3,15121085.0
2025-01-03,stock_val_1_250103.xls,委託内訳累計,その他法人等,買い,91711852.0,0.4,29121290.0
2025-01-03,stock_val_1_250103.xls,委託内訳,その他法人等,売り,483155187.0,2.8,-177224064.0
2025-01-03,stock_val_1_250103.xls,委託内訳累計,その他法人等,売り,402464103.0,1.8,-95358320.0
2025-01-03,stock_val_1_250103.xls,委託内訳,その他法人等,買い,305931123.0,1.7,
2025-01-03,stock_val_1_250103.xls,委託内訳累計,その他法人等,買い,307105783.0,1.4,
2025-01-03,stock_val_1_250103.xls,委託内訳,生保・損保,売り,27087049.0,0.2,-4354279.0
2025-01-03,stock_val_1_250103.xls,委託内訳累計,生保・損保,売り,49709122.0,0.2,-41480498.0
2025-01-03,stock_val_1_250103.xls,委託内訳,生保・損保,買い,22732770.0,0.1,
2025-01-03,stock_val_1_250103.xls,委託内訳累計,生保・損保,買い,8228624.0,0.0,
2025-01-03,stock_val_1_250103.xls,委託内訳,都銀・地銀等,売り,32662603.0,0.2,-23814334.0
2025-01-03,stock_val_1_250103.xls,委託内訳累計,都銀・地銀等,売り,30639659.0,0.1,-18116028.0
2025-01-03,stock_val_1_250103.xls,委託内訳,都銀・地銀等,買い,8848269.0,0.0,
2025-01-03,stock_val_1_250103.xls,委託内訳累計,都銀・地銀等,買い,12523631.0,0.1,
2025-01-03,stock_val_1_250103.xls,委託内訳,都銀・地銀等,売り,380356751.0,2.2,-130026501.0
2025-01-03,stock_val_1_250103.xls,委託内訳累計,都銀・地銀等,売り,302359520.0,1.4,-30936383.0
2025-01-03,stock_val_1_250103.xls,委託内訳,都銀・地銀等,買い,250330250.0,1.4,
2025-01-03,stock_val_1_250103.xls,委託内訳累計,都銀・地銀等,買い,271423137.0,1.2,
2025-01-03,stock_val_1_250103.xls,委託内訳,都銀・地銀等,売り,43048784.0,0.2,-19028950.0
2025-01-03,stock_val_1_250103.xls,委託内訳累計,都銀・地銀等,売り,19755802.0,0.1,-4825411.0
2025-01-03,stock_val_1_250103.xls,委託内訳,都銀・地銀等,買い,24019834.0,0.1,
2025-01-03,stock_val_1_250103.xls,委託内訳累計,都銀・地銀等,買い,14930391.0,0.1,
2025-01-04,stock_val_1_250104.xls,委託内訳,海外投資家,売り,13746841314.0,63.1,
2025-01-04,stock_val_1_250104.xls,委託内訳累計,海外投資家,売り,15839951939.0,64.1,-313361726.0
2025-01-04,stock_val_1_250104.xls,委託内訳,海外投資家,買い,14137948015.0,64.8,391106701.0
2025-01-04,stock_val_1_250104.xls,委託内訳累計,海外投資家,買い,15526590213.0,63.4,
2025-01-04,stock_val_1_250104.xls,委託内訳,証券会社,売り,96947791.0,0.4,-1902217.0
2025-01-04,stock_val_1_250104.xls,委託内訳累計,証券会社,売り,117698736.0,0.5,
2025-01-04,stock_val_1_250104.xls,委託内訳,証券会社,買い,95045574.0,0.4,
2025-01-04,stock_val_1_250104.xls,委託内訳累計,証券会社,買い,121019995.0,0.5,3321259.0
2025-01-04,stock_val_1_250104.xls,委託内訳,投資信託,売り,305399739.0,1.4,-31236160.0
2025-01-04,stock_val_1_250104.xls,委託内訳累計,投資信託,売り,543383194.0,2.2,-54858315.0
2025-01-04,stock_val_1_250104.xls,委託内訳,投資信託,買い,274163579.0,1.3,
2025-01-04,stock_val_1_250104.xls,委託内訳累計,投資信託,買い,488524879.0,2.0,
2025-01-04,stock_val_1_250104.xls,委託内訳,事業法人,売り,234849611.0,1.1,
2025-01-04,stock_val_1_250104.xls,委託内訳累計,事業法人,売り,294165212.0,1.2,
2025-01-04,stock_val_1_250104.xls,委託内訳,事業法人,買い,433235794.0,2.0,198386183.0
2025-01-04,stock_val_1_250104.xls,委託内訳累計,事業法人,買い,445776469.0,1.8,151611257.0
2025-01-04,stock_val_1_250104.xls,委託内訳,その他法人等,売り,62590562.0,0.3,
2025-01-04,stock_val_1_250104.xls,委託内訳累計,その他法人等,売り,60263180.0,0.2,
2025-01-04,stock_val_1_250104.xls,委託内訳,その他法人等,買い,91711852.0,0.4,29121290.0
2025-01-04,stock_val_1_250104.xls,委託内訳累計,その他法人等,買い,86677504.0,0.4,26414324.0
2025-01-04,stock_val_1_250104.xls,委託内訳,その他法人等,売り,402464103.0,1.8,-95358320.0
2025-01-04,stock_val_1_250104.xls,委託内訳累計,その他法人等,売り,680770961.0,2.8,-138960451.0
2025-01-04,stock_val_1_250104.xls,委託内訳,その他法人等,買い,307105783.0,1.4,
2025-01-04,stock_val_1_250104.xls,委託内訳累計,その他法人等,買い,541810510.0,2.2,
2025-01-04,stock_val_1_250104.xls,委託内訳,生保・損保,売り,49709122.0,0.2,-41480498.0
2025-01-04,stock_val_1_250104.xls,委託内訳累計,生保・損保,売り,25421255.0,0.1,-14155813.0
2025-01-04,stock_val_1_250104.xls,委託内訳,生保・損保,買い,8228624.0,0.0,
2025-01-04,stock_val_1_250104.xls,委託内訳累計,生保・損保,買い,11265442.0,0.0,
2025-01-04,stock_val_1_250104.xls,委託内訳,都銀・地銀等,売り,30639659.0,0.1,-18116028.0
2025-01-04,stock_val_1_250104.xls,委託内訳累計,都銀・地銀等,売り,40289921.0,0.2,-28166426.0
2025-01-04,stock_val_1_250104.xls,委託内訳,都銀・地銀等,買い,12523631.0,0.1,
2025-01-04,stock_val_1_250104.xls,委託内訳累計,都銀・地銀等,買い,12123495.0,0.0,
2025-01-04,stock_val_1_250104.xls,委託内訳,都銀・地銀等,売り,302359520.0,1.4,-30936383.0
2025-01-04,stock_val_1_250104.xls,委託内訳累計,都銀・地銀等,売り,592474819.0,2.4,-94014531.0
2025-01-04,stock_val_1_250104.xls,委託内訳,都銀・地銀等,買い,271423137.0,1.2,
2025-01-04,stock_val_1_250104.xls,委託内訳累計,都銀・地銀等,買い,498460288.0,2.0,
2025-01-04,stock_val_1_250104.xls,委託内訳,都銀・地銀等,売り,19755802.0,0.1,-4825411.0
2025-01-04,stock_val_1_250104.xls,委託内訳累計,都銀・地銀等,売り,22584966.0,0.1,-2623681.0
2025-01-04,stock_val_1_250104.xls,委託内訳,都銀・地銀等,買い,14930391.0,0.1,
2025-01-04,stock_val_1_250104.xls,委託内訳累計,都銀・地銀等,買い,19961285.0,0.1,
2025-02-01,stock_val_1_250201.xls,委託内訳,海外投資家,売り,15839951939.0,64.1,-313361726.0
2025-02-01,stock_val_1_250201.xls,委託内訳累計,海外投資家,売り,17131414643.0,67.1,-265752802.0
2025-02-01,stock_val_1_250201.xls,委託内訳,海外投資家,買い,15526590213.0,63.4,
2025-02-01,stock_val_1_250201.xls,委託内訳累計,海外投資家,買い,16865661841.0,64.7,
2025-02-01,stock_val_1_250201.xls,委託内訳,証券会社,売り,117698736.0,0.5,
2025-02-01,stock_val_1_250201.xls,委託内訳累計,証券会社,売り,122262467.0,0.5,
2025-02-01,stock_val_1_250201.xls,委託内訳,証券会社,買い,121019995.0,0.5,3321259.0
2025-02-01,stock_val_1_250201.xls,委託内訳累計,証券会社,買い,133516360.0,0.5,11253893.0
2025-02-01,stock_val_1_250201.xls,委託内訳,投資信託,売り,543383194.0,2.2,-54858315.0
2025-02-01,stock_val_1_250201.xls,委託内訳累計,投資信託,売り,430579376.0,1.7,
2025-02-01,stock_val_1_250201.xls,委託内訳,投資信託,買い,488524879.0,2.0,
2025-02-01,stock_val_1_250201.xls,委託内訳累計,投資信託,買い,457364293.0,1.8,26784917.0
2025-02-01,stock_val_1_250201.xls,委託内訳,事業法人,売り,294165212.0,1.2,
2025-02-01,stock_val_1_250201.xls,委託内訳累計,事業法人,売り,311344259.0,1.2,
2025-02-01,stock_val_1_250201.xls,委託内訳,事業法人,買い,445776469.0,1.8,151611257.0
2025-02-01,stock_val_1_250201.xls,委託内訳累計,事業法人,買い,615141910.0,2.4,303797651.0
2025-02-01,stock_val_1_250201.xls,委託内訳,その他法人等,売り,60263180.0,0.2,
2025-02-01,stock_val_1_250201.xls,委託内訳累計,その他法人等,売り,54412245.0,0.2,
2025-02-01,stock_val_1_250201.xls,委託内訳,その他法人等,買い,86677504.0,0.4,26414324.0
2025-02-01,stock_val_1_250201.xls,委託内訳累計,その他法人等,買い,60896273.0,0.2,6484028.0
2025-02-01,stock_val_1_250201.xls,委託内訳,その他法人等,売り,680770961.0,2.8,-138960451.0
2025-02-01,stock_val_1_250201.xls,委託内訳累計,その他法人等,売り,653645449.0,2.6,-36507099.0
2025-02-01,stock_val_1_250201.xls,委託内訳,その他法人等,買い,541810510.0,2.2,
2025-02-01,stock_val_1_250201.xls,委託内訳累計,その他法人等,買い,617138350.0,2.4,
2025-02-01,stock_val_1_250201.xls,委託内訳,生保・損保,売り,25421255.0,0.1,-14155813.0
2025-02-01,stock_val_1_250201.xls,委託内訳累計,生保・損保,売り,52556260.0,0.2,-36689514.0
2025-02-01,stock_val_1_250201.xls,委託内訳,生保・損保,買い,11265442.0,0.0,
2025-02-01,stock_val_1_250201.xls,委託内訳累計,生保・損保,買い,15866746.0,0.1,
2025-02-01,stock_val_1_250201.xls,委託内訳,都銀・地銀等,売り,40289921.0,0.2,-28166426.0
2025-02-01,stock_val_1_250201.xls,委託内訳累計,都銀・地銀等,売り,79117649.0,0.3,-63297589.0
2025-02-01,stock_val_1_250201.xls,委託内訳,都銀・地銀等,買い,12123495.0,0.0,
2025-02-01,stock_val_1_250201.xls,委託内訳累計,都銀・地銀等,買い,15820060.0,0.1,
2025-02-01,stock_val_1_250201.xls,委託内訳,都銀・地銀等,売り,592474819.0,2.4,-94014531.0
2025-02-01,stock_val_1_250201.xls,委託内訳累計,都銀・地銀等,売り,499776320.0,2.0,
2025-02-01,stock_val_1_250201.xls,委託内訳,都銀・地銀等,買い,498460288.0,2.0,
2025-02-01,stock_val_1_250201.xls,委託内訳累計,都銀・地銀等,買い,563490923.0,2.2,63714603.0
2025-02-01,stock_val_1_250201.xls,委託内訳,都銀・地銀等,売り,22584966.0,0.1,-2623681.0
2025-02-01,stock_val_1_250201.xls,委託内訳累計,都銀・地銀等,売り,22195220.0,0.1,-234599.0
2025-02-01,stock_val_1_250201.xls,委託内訳,都銀・地銀等,買い,19961285.0,0.1,
2025-02-01,stock_val_1_250201.xls,委託内訳累計,都銀・地銀等,買い,21960621.0,0.1,
2025-02-02,stock_val_1_250202.xls,委託内訳,海外投資家,売り,17131414643.0,67.1,-265752802.0
2025-02-02,stock_val_1_250202.xls,委託内訳累計,海外投資家,売り,13836018710.0,66.0,
2025-02-02,stock_val_1_250202.xls,委託内訳,海外投資家,買い,16865661841.0,64.7,
2025-02-02,stock_val_1_250202.xls,委託内訳累計,海外投資家,買い,13932451552.0,66.4,96432842.0
2025-02-02,stock_val_1_250202.xls,委託内訳,証券会社,売り,122262467.0,0.5,
2025-02-02,stock_val_1_250202.xls,委託内訳累計,証券会社,売り,119620848.0,0.6,-16548762.0
2025-02-02,stock_val_1_250202.xls,委託内訳,証券会社,買い,133516360.0,0.5,11253893.0
2025-02-02,stock_val_1_250202.xls,委託内訳累計,証券会社,買い,103072086.0,0.5,
2025-02-02,stock_val_1_250202.xls,委託内訳,投資信託,売り,430579376.0,1.7,
2025-02-02,stock_val_1_250202.xls,委託内訳累計,投資信託,売り,315343713.0,1.5,-7887516.0
2025-02-02,stock_val_1_250202.xls,委託内訳,投資信託,買い,457364293.0,1.8,26784917.0
2025-02-02,stock_val_1_250202.xls,委託内訳累計,投資信託,買い,307456197.0,1.5,
2025-02-02,stock_val_1_250202.xls,委託内訳,事業法人,売り,311344259.0,1.2,
2025-02-02,stock_val_1_250202.xls,委託内訳累計,事業法人,売り,298019909.0,1.4,
2025-02-02,stock_val_1_250202.xls,委託内訳,事業法人,買い,615141910.0,2.4,303797651.0
2025-02-02,stock_val_1_250202.xls,委託内訳累計,事業法人,買い,465585443.0,2.2,167565534.0
2025-02-02,stock_val_1_250202.xls,委託内訳,その他法人等,売り,54412245.0,0.2,
2025-02-02,stock_val_1_250202.xls,委託内訳累計,その他法人等,売り,51588692.0,0.2,
2025-02-02,stock_val_1_250202.xls,委託内訳,その他法人等,買い,60896273.0,0.2,6484028.0
2025-02-02,stock_val_1_250202.xls,委託内訳累計,その他法人等,買い,56535958.0,0.3,4947266.0
2025-02-02,stock_val_1_250202.xls,委託内訳,その他法人等,売り,653645449.0,2.6,-36507099.0
2025-02-02,stock_val_1_250202.xls,委託内訳累計,その他法人等,売り,427197274.0,2.0,-146609245.0
2025-02-02,stock_val_1_250202.xls,委託内訳,その他法人等,買い,617138350.0,2.4,
2025-02-02,stock_val_1_250202.xls,委託内訳累計,その他法人等,買い,280588029.0,1.3,
2025-02-02,stock_val_1_250202.xls,委託内訳,生保・損保,売り,52556260.0,0.2,-36689514.0
2025-02-02,stock_val_1_250202.xls,委託内訳累計,生保・損保,売り,52675566.0,0.3,-46014709.0
2025-02-02,stock_val_1_250202.xls,委託内訳,生保・損保,買い,15866746.0,0.1,
2025-02-02,stock_val_1_250202.xls,委託内訳累計,生保・損保,買い,6660857.0,0.0,
2025-02-02,stock_val_1_250202.xls,委託内訳,都銀・地銀等,売り,79117649.0,0.3,-63297589.0
2025-02-02,stock_val_1_250202.xls,委託内訳累計,都銀・地銀等,売り,49848779.0,0.2,-39994056.0
2025-02-02,stock_val_1_250202.xls,委託内訳,都銀・地銀等,買い,15820060.0,0.1,
2025-02-02,stock_val_1_250202.xls,委託内訳累計,都銀・地銀等,買い,9854723.0,0.0,
2025-02-02,stock_val_1_250202.xls,委託内訳,都銀・地銀等,売り,499776320.0,2.0,
2025-02-02,stock_val_1_250202.xls,委託内訳累計,都銀・地銀等,売り,315542658.0,1.5,-68096998.0
2025-02-02,stock_val_1_250202.xls,委託内訳,都銀・地銀等,買い,563490923.0,2.2,63714603.0
2025-02-02,stock_val_1_250202.xls,委託内訳累計,都銀・地銀等,買い,247445660.0,1.2,
2025-02-02,stock_val_1_250202.xls,委託内訳,都銀・地銀等,売り,22195220.0,0.1,-234599.0
2025-02-02,stock_val_1_250202.xls,委託内訳累計,都銀・地銀等,売り,9130271.0,0.0,
2025-02-02,stock_val_1_250202.xls,委託内訳,都銀・地銀等,買い,21960621.0,0.1,
2025-02-02,stock_val_1_250202.xls,委託内訳累計,都銀・地銀等,買い,16626789.0,0.1,7496518.0
2025-02-03,stock_val_1_250203.xls,委託内訳,海外投資家,売り,13836018710.0,66.0,
2025-02-03,stock_val_1_250203.xls,委託内訳累計,海外投資家,売り,15513335845.0,64.6,-163238045.0
2025-02-03,stock_val_1_250203.xls,委託内訳,海外投資家,買い,13932451552.0,66.4,96432842.0
2025-02-03,stock_val_1_250203.xls,委託内訳累計,海外投資家,買い,15350097800.0,63.6,
2025-02-03,stock_val_1_250203.xls,委託内訳,証券会社,売り,119620848.0,0.6,-16548762.0
2025-02-03,stock_val_1_250203.xls,委託内訳累計,証券会社,売り,116927959.0,0.5,-2194209.0
2025-02-03,stock_val_1_250203.xls,委託内訳,証券会社,買い,103072086.0,0.5,
2025-02-03,stock_val_1_250203.xls,委託内訳累計,証券会社,買い,114733750.0,0.5,
2025-02-03,stock_val_1_250203.xls,委託内訳,投資信託,売り,315343713.0,1.5,-7887516.0
2025-02-03,stock_val_1_250203.xls,委託内訳累計,投資信託,売り,497597562.0,2.1,
2025-02-03,stock_val_1_250203.xls,委託内訳,投資信託,買い,307456197.0,1.5,
2025-02-03,stock_val_1_250203.xls,委託内訳累計,投資信託,買い,547461441.0,2.3,49863879.0
2025-02-03,stock_val_1_250203.xls,委託内訳,事業法人,売り,298019909.0,1.4,
2025-02-03,stock_val_1_250203.xls,委託内訳累計,事業法人,売り,369263717.0,1.5,
2025-02-03,stock_val_1_250203.xls,委託内訳,事業法人,買い,465585443.0,2.2,167565534.0
2025-02-03,stock_val_1_250203.xls,委託内訳累計,事業法人,買い,579378964.0,2.4,210115247.0
2025-02-03,stock_val_1_250203.xls,委託内訳,その他法人等,売り,51588692.0,0.2,
2025-02-03,stock_val_1_250203.xls,委託内訳累計,その他法人等,売り,56978879.0,0.2,
2025-02-03,stock_val_1_250203.xls,委託内訳,その他法人等,買い,56535958.0,0.3,4947266.0
2025-02-03,stock_val_1_250203.xls,委託内訳累計,その他法人等,買い,57384415.0,0.2,405536.0
2025-02-03,stock_val_1_250203.xls,委託内訳,その他法人等,売り,427197274.0,2.0,-146609245.0
2025-02-03,stock_val_1_250203.xls,委託内訳累計,その他法人等,売り,538920072.0,2.2,-116483510.0
2025-02-03,stock_val_1_250203.xls,委託内訳,その他法人等,買い,280588029.0,1.3,
2025-02-03,stock_val_1_250203.xls,委託内訳累計,その他法人等,買い,422436562.0,1.7,
2025-02-03,stock_val_1_250203.xls,委託内訳,生保・損保,売り,52675566.0,0.3,-46014709.0
2025-02-03,stock_val_1_250203.xls,委託内訳累計,生保・損保,売り,46717506.0,0.2,-25924892.0
2025-02-03,stock_val_1_250203.xls,委託内訳,生保・損保,買い,6660857.0,0.0,
2025-02-03,stock_val_1_250203.xls,委託内訳累計,生保・損保,買い,20792614.0,0.1,
2025-02-03,stock_val_1_250203.xls,委託内訳,都銀・地銀等,売り,49848779.0,0.2,-39994056.0
2025-02-03,stock_val_1_250203.xls,委託内訳累計,都銀・地銀等,売り,55110222.0,0.2,-42760148.0
2025-02-03,stock_val_1_250203.xls,委託内訳,都銀・地銀等,買い,9854723.0,0.0,
2025-02-03,stock_val_1_250203.xls,委託内訳累計,都銀・地銀等,買い,12350074.0,0.1,
2025-02-03,stock_val_1_250203.xls,委託内訳,都銀・地銀等,売り,315542658.0,1.5,-68096998.0
2025-02-03,stock_val_1_250203.xls,委託内訳累計,都銀・地銀等,売り,407226638.0,1.7,-33992054.0
2025-02-03,stock_val_1_250203.xls,委託内訳,都銀・地銀等,買い,247445660.0,1.2,
2025-02-03,stock_val_1_250203.xls,委託内訳累計,都銀・地銀等,買い,373234584.0,1.5,
2025-02-03,stock_val_1_250203.xls,委託内訳,都銀・地銀等,売り,9130271.0,0.0,
2025-02-03,stock_val_1_250203.xls,委託内訳累計,都銀・地銀等,売り,29865706.0,0.1,-13806416.0
2025-02-03,stock_val_1_250203.xls,委託内訳,都銀・地銀等,買い,16626789.0,0.1,7496518.0
2025-02-03,stock_val_1_250203.xls,委託内訳累計,都銀・地銀等,買い,16059290.0,0.1,
2025-02-04,stock_val_1_250204.xls,委託内訳,海外投資家,売り,15513335845.0,64.6,-163238045.0
2025-02-04,stock_val_1_250204.xls,委託内訳累計,海外投資家,売り,15241424570.0,69.9,-607154141.0
2025-02-04,stock_val_1_250204.xls,委託内訳,海外投資家,買い,15350097800.0,63.6,
2025-02-04,stock_val_1_250204.xls,委託内訳累計,海外投資家,買い,14634270429.0,66.8,
2025-02-04,stock_val_1_250204.xls,委託内訳,証券会社,売り,116927959.0,0.5,-2194209.0
2025-02-04,stock_val_1_250204.xls,委託内訳累計,証券会社,売り,85017613.0,0.4,
2025-02-04,stock_val_1_250204.xls,委託内訳,証券会社,買い,114733750.0,0.5,
2025-02-04,stock_val_1_250204.xls,委託内訳累計,証券会社,買い,105028796.0,0.5,20011183.0
2025-02-04,stock_val_1_250204.xls,委託内訳,投資信託,売り,497597562.0,2.1,
2025-02-04,stock_val_1_250204.xls,委託内訳累計,投資信託,売り,498609370.0,2.3,
2025-02-04,stock_val_1_250204.xls,委託内訳,投資信託,買い,547461441.0,2.3,49863879.0
2025-02-04,stock_val_1_250204.xls,委託内訳累計,投資信託,買い,503702616.0,2.3,5093246.0
2025-02-04,stock_val_1_250204.xls,委託内訳,事業法人,売り,369263717.0,1.5,
2025-02-04,stock_val_1_250204.xls,委託内訳累計,事業法人,売り,269698823.0,1.2,
2025-02-04,stock_val_1_250204.xls,委託内訳,事業法人,買い,579378964.0,2.4,210115247.0
2025-02-04,stock_val_1_250204.xls,委託内訳累計,事業法人,買い,426166404.0,1.9,156467581.0
2025-02-04,stock_val_1_250204.xls,委託内訳,その他法人等,売り,56978879.0,0.2,
2025-02-04,stock_val_1_250204.xls,委託内訳累計,その他法人等,売り,51183262.0,0.2,
2025-02-04,stock_val_1_250204.xls,委託内訳,その他法人等,買い,57384415.0,0.2,405536.0
2025-02-04,stock_val_1_250204.xls,委託内訳累計,その他法人等,買い,113040813.0,0.5,61857551.0
2025-02-04,stock_val_1_250204.xls,委託内訳,その他法人等,売り,538920072.0,2.2,-116483510.0
2025-02-04,stock_val_1_250204.xls,委託内訳累計,その他法人等,売り,683713394.0,3.1,-68185428.0
2025-02-04,stock_val_1_250204.xls,委託内訳,その他法人等,買い,422436562.0,1.7,
2025-02-04,stock_val_1_250204.xls,委託内訳累計,その他法人等,買い,615527966.0,2.8,
2025-02-04,stock_val_1_250204.xls,委託内訳,生保・損保,売り,46717506.0,0.2,-25924892.0
2025-02-04,stock_val_1_250204.xls,委託内訳累計,生保・損保,売り,38043809.0,0.2,-23103688.0
2025-02-04,stock_val_1_250204.xls,委託内訳,生保・損保,買い,20792614.0,0.1,
2025-02-04,stock_val_1_250204.xls,委託内訳累計,生保・損保,買い,14940121.0,0.1,
2025-02-04,stock_val_1_250204.xls,委託内訳,都銀・地銀等,売り,55110222.0,0.2,-42760148.0
2025-02-04,stock_val_1_250204.xls,委託内訳累計,都銀・地銀等,売り,45583798.0,0.2,-13362253.0
2025-02-04,stock_val_1_250204.xls,委託内訳,都銀・地銀等,買い,12350074.0,0.1,
2025-02-04,stock_val_1_250204.xls,委託内訳累計,都銀・地銀等,買い,32221545.0,0.1,
2025-02-04,stock_val_1_250204.xls,委託内訳,都銀・地銀等,売り,407226638.0,1.7,-33992054.0
2025-02-04,stock_val_1_250204.xls,委託内訳累計,都銀・地銀等,売り,578924909.0,2.7,-39313292.0
2025-02-04,stock_val_1_250204.xls,委託内訳,都銀・地銀等,買い,373234584.0,1.5,
2025-02-04,stock_val_1_250204.xls,委託内訳累計,都銀・地銀等,買い,539611617.0,2.5,
2025-02-04,stock_val_1_250204.xls,委託内訳,都銀・地銀等,売り,29865706.0,0.1,-13806416.0
2025-02-04,stock_val_1_250204.xls,委託内訳累計,都銀・地銀等,売り,21160878.0,0.1,
2025-02-04,stock_val_1_250204.xls,委託内訳,都銀・地銀等,買い,16059290.0,0.1,
2025-02-04,stock_val_1_250204.xls,委託内訳累計,都銀・地銀等,買い,28754683.0,0.1,7593805.0
2025-03-01,stock_val_1_250301.xls,委託内訳,海外投資家,売り,15241424570.0,69.9,-607154141.0
2025-03-01,stock_val_1_250301.xls,委託内訳累計,海外投資家,売り,16800520027.0,65.5,-101580863.0
2025-03-01,stock_val_1_250301.xls,委託内訳,海外投資家,買い,14634270429.0,66.8,
2025-03-01,stock_val_1_250301.xls,委託内訳累計,海外投資家,買い,16698939164.0,64.4,
2025-03-01,stock_val_1_250301.xls,委託内訳,証券会社,売り,85017613.0,0.4,
2025-03-01,stock_val_1_250301.xls,委託内訳累計,証券会社,売り,139845837.0,0.5,-3789144.0
2025-03-01,stock_val_1_250301.xls,委託内訳,証券会社,買い,105028796.0,0.5,20011183.0
2025-03-01,stock_val_1_250301.xls,委託内訳累計,証券会社,買い,136056693.0,0.5,
2025-03-01,stock_val_1_250301.xls,委託内訳,投資信託,売り,498609370.0,2.3,
2025-03-01,stock_val_1_250301.xls,委託内訳累計,投資信託,売り,548203901.0,2.1,
2025-03-01,stock_val_1_250301.xls,委託内訳,投資信託,買い,503702616.0,2.3,5093246.0
2025-03-01,stock_val_1_250301.xls,委託内訳累計,投資信託,買い,805573900.0,3.1,257369999.0
2025-03-01,stock_val_1_250301.xls,委託内訳,事業法人,売り,269698823.0,1.2,
2025-03-01,stock_val_1_250301.xls,委託内訳累計,事業法人,売り,372012036.0,1.5,
2025-03-01,stock_val_1_250301.xls,委託内訳,事業法人,買い,426166404.0,1.9,156467581.0
2025-03-01,stock_val_1_250301.xls,委託内訳累計,事業法人,買い,575771143.0,2.2,203759107.0
2025-03-01,stock_val_1_250301.xls,委託内訳,その他法人等,売り,51183262.0,0.2,
2025-03-01,stock_val_1_250301.xls,委託内訳累計,その他法人等,売り,79957558.0,0.3,
2025-03-01,stock_val_1_250301.xls,委託内訳,その他法人等,買い,113040813.0,0.5,61857551.0
2025-03-01,stock_val_1_250301.xls,委託内訳累計,その他法人等,買い,104665651.0,0.4,24708093.0
2025-03-01,stock_val_1_250301.xls,委託内訳,その他法人等,売り,683713394.0,3.1,-68185428.0
2025-03-01,stock_val_1_250301.xls,委託内訳累計,その他法人等,売り,552583867.0,2.2,
2025-03-01,stock_val_1_250301.xls,委託内訳,その他法人等,買い,615527966.0,2.8,
2025-03-01,stock_val_1_250301.xls,委託内訳累計,その他法人等,買い,897589259.0,3.5,345005392.0
2025-03-01,stock_val_1_250301.xls,委託内訳,生保・損保,売り,38043809.0,0.2,-23103688.0
2025-03-01,stock_val_1_250301.xls,委託内訳累計,生保・損保,売り,35344832.0,0.1,-18315060.0
2025-03-01,stock_val_1_250301.xls,委託内訳,生保・損保,買い,14940121.0,0.1,
2025-03-01,stock_val_1_250301.xls,委託内訳累計,生保・損保,買い,17029772.0,0.1,
2025-03-01,stock_val_1_250301.xls,委託内訳,都銀・地銀等,売り,45583798.0,0.2,-13362253.0
2025-03-01,stock_val_1_250301.xls,委託内訳累計,都銀・地銀等,売り,34834215.0,0.1,
2025-03-01,stock_val_1_250301.xls,委託内訳,都銀・地銀等,買い,32221545.0,0.1,
2025-03-01,stock_val_1_250301.xls,委託内訳累計,都銀・地銀等,買い,68439660.0,0.3,33605445.0
2025-03-01,stock_val_1_250301.xls,委託内訳,都銀・地銀等,売り,578924909.0,2.7,-39313292.0
2025-03-01,stock_val_1_250301.xls,委託内訳累計,都銀・地銀等,売り,459472915.0,1.8,
2025-03-01,stock_val_1_250301.xls,委託内訳,都銀・地銀等,買い,539611617.0,2.5,
2025-03-01,stock_val_1_250301.xls,委託内訳累計,都銀・地銀等,買い,793729241.0,3.1,334256326.0
2025-03-01,stock_val_1_250301.xls,委託内訳,都銀・地銀等,売り,21160878.0,0.1,
2025-03-01,stock_val_1_250301.xls,委託内訳累計,都銀・地銀等,売り,22931905.0,0.1,-4541319.0
2025-03-01,stock_val_1_250301.xls,委託内訳,都銀・地銀等,買い,28754683.0,0.1,7593805.0
2025-03-01,stock_val_1_250301.xls,委託内訳累計,都銀・地銀等,買い,18390586.0,0.1,
2025-03-02,stock_val_1_250302.xls,委託内訳,海外投資家,売り,16800520027.0,65.5,-101580863.0
2025-03-02,stock_val_1_250302.xls,委託内訳累計,海外投資家,売り,17625044065.0,69.1,-808595250.0
2025-03-02,stock_val_1_250302.xls,委託内訳,海外投資家,買い,16698939164.0,64.4,
2025-03-02,stock_val_1_250302.xls,委託内訳累計,海外投資家,買い,16816448815.0,68.3,
2025-03-02,stock_val_1_250302.xls,委託内訳,証券会社,売り,139845837.0,0.5,-3789144.0
2025-03-02,stock_val_1_250302.xls,委託内訳累計,証券会社,売り,113799189.0,0.4,
2025-03-02,stock_val_1_250302.xls,委託内訳,証券会社,買い,136056693.0,0.5,
2025-03-02,stock_val_1_250302.xls,委託内訳累計,証券会社,買い,126377207.0,0.5,12578018.0
2025-03-02,stock_val_1_250302.xls,委託内訳,投資信託,売り,548203901.0,2.1,
2025-03-02,stock_val_1_250302.xls,委託内訳累計,投資信託,売り,397624123.0,1.6,-83392185.0
2025-03-02,stock_val_1_250302.xls,委託内訳,投資信託,買い,805573900.0,3.1,257369999.0
2025-03-02,stock_val_1_250302.xls,委託内訳累計,投資信託,買い,314231938.0,1.3,
2025-03-02,stock_val_1_250302.xls,委託内訳,事業法人,売り,372012036.0,1.5,
2025-03-02,stock_val_1_250302.xls,委託内訳累計,事業法人,売り,380135529.0,1.5,
2025-03-02,stock_val_1_250302.xls,委託内訳,事業法人,買い,575771143.0,2.2,203759107.0
2025-03-02,stock_val_1_250302.xls,委託内訳累計,事業法人,買い,477500688.0,1.9,97365159.0
2025-03-02,stock_val_1_250302.xls,委託内訳,その他法人等,売り,79957558.0,0.3,
2025-03-02,stock_val_1_250302.xls,委託内訳累計,その他法人等,売り,65584529.0,0.3,-421712.0
2025-03-02,stock_val_1_250302.xls,委託内訳,その他法人等,買い,104665651.0,0.4,24708093.0
2025-03-02,stock_val_1_250302.xls,委託内訳累計,その他法人等,買い,65162817.0,0.3,
2025-03-02,stock_val_1_250302.xls,委託内訳,その他法人等,売り,552583867.0,2.2,
2025-03-02,stock_val_1_250302.xls,委託内訳累計,その他法人等,売り,494283521.0,1.9,
2025-03-02,stock_val_1_250302.xls,委託内訳,その他法人等,買い,897589259.0,3.5,345005392.0
2025-03-02,stock_val_1_250302.xls,委託内訳累計,その他法人等,買い,508771948.0,2.1,14488427.0
2025-03-02,stock_val_1_250302.xls,委託内訳,生保・損保,売り,35344832.0,0.1,-18315060.0
2025-03-02,stock_val_1_250302.xls,委託内訳累計,生保・損保,売り,66371514.0,0.3,-36359239.0
2025-03-02,stock_val_1_250302.xls,委託内訳,生保・損保,買い,17029772.0,0.1,
2025-03-02,stock_val_1_250302.xls,委託内訳累計,生保・損保,買い,30012275.0,0.1,
2025-03-02,stock_val_1_250302.xls,委託内訳,都銀・地銀等,売り,34834215.0,0.1,
2025-03-02,stock_val_1_250302.xls,委託内訳累計,都銀・地銀等,売り,46522322.0,0.2,-26622330.0
2025-03-02,stock_val_1_250302.xls,委託内訳,都銀・地銀等,買い,68439660.0,0.3,33605445.0
2025-03-02,stock_val_1_250302.xls,委託内訳累計,都銀・地銀等,買い,19899992.0,0.1,
2025-03-02,stock_val_1_250302.xls,委託内訳,都銀・地銀等,売り,459472915.0,1.8,
2025-03-02,stock_val_1_250302.xls,委託内訳累計,都銀・地銀等,売り,361906782.0,1.4,
2025-03-02,stock_val_1_250302.xls,委託内訳,都銀・地銀等,買い,793729241.0,3.1,334256326.0
2025-03-02,stock_val_1_250302.xls,委託内訳累計,都銀・地銀等,買い,417474713.0,1.7,55567931.0
2025-03-02,stock_val_1_250302.xls,委託内訳,都銀・地銀等,売り,22931905.0,0.1,-4541319.0
2025-03-02,stock_val_1_250302.xls,委託内訳累計,都銀・地銀等,売り,19482903.0,0.1,
2025-03-02,stock_val_1_250302.xls,委託内訳,都銀・地銀等,買い,18390586.0,0.1,
2025-03-02,stock_val_1_250302.xls,委託内訳累計,都銀・地銀等,買い,41384968.0,0.2,21902065.0
2025-03-03,stock_val_1_250303.xls,委託内訳,海外投資家,売り,17625044065.0,69.1,-808595250.0
2025-03-03,stock_val_1_250303.xls,委託内訳累計,海外投資家,売り,13693775711.0,64.0,
2025-03-03,stock_val_1_250303.xls,委託内訳,海外投資家,買い,16816448815.0,68.3,
2025-03-03,stock_val_1_250303.xls,委託内訳累計,海外投資家,買い,13954920218.0,66.5,261144507.0
2025-03-03,stock_val_1_250303.xls,委託内訳,証券会社,売り,113799189.0,0.4,
2025-03-03,stock_val_1_250303.xls,委託内訳累計,証券会社,売り,157948952.0,0.7,-9187018.0
2025-03-03,stock_val_1_250303.xls,委託内訳,証券会社,買い,126377207.0,0.5,12578018.0
2025-03-03,stock_val_1_250303.xls,委託内訳累計,証券会社,買い,148761934.0,0.7,
2025-03-03,stock_val_1_250303.xls,委託内訳,投資信託,売り,397624123.0,1.6,-83392185.0
2025-03-03,stock_val_1_250303.xls,委託内訳累計,投資信託,売り,409042450.0,1.9,-128545708.0
2025-03-03,stock_val_1_250303.xls,委託内訳,投資信託,買い,314231938.0,1.3,
2025-03-03,stock_val_1_250303.xls,委託内訳累計,投資信託,買い,280496742.0,1.3,
2025-03-03,stock_val_1_250303.xls,委託内訳,事業法人,売り,380135529.0,1.5,
2025-03-03,stock_val_1_250303.xls,委託内訳累計,事業法人,売り,454656565.0,2.1,
2025-03-03,stock_val_1_250303.xls,委託内訳,事業法人,買い,477500688.0,1.9,97365159.0
2025-03-03,stock_val_1_250303.xls,委託内訳累計,事業法人,買い,499610423.0,2.4,44953858.0
2025-03-03,stock_val_1_250303.xls,委託内訳,その他法人等,売り,65584529.0,0.3,-421712.0
2025-03-03,stock_val_1_250303.xls,委託内訳累計,その他法人等,売り,60678804.0,0.3,-11719004.0
2025-03-03,stock_val_1_250303.xls,委託内訳,その他法人等,買い,65162817.0,0.3,
2025-03-03,stock_val_1_250303.xls,委託内訳累計,その他法人等,買い,48959800.0,0.2,
2025-03-03,stock_val_1_250303.xls,委託内訳,その他法人等,売り,494283521.0,1.9,
2025-03-03,stock_val_1_250303.xls,委託内訳累計,その他法人等,売り,515965526.0,2.4,-92968668.0
2025-03-03,stock_val_1_250303.xls,委託内訳,その他法人等,買い,508771948.0,2.1,14488427.0
2025-03-03,stock_val_1_250303.xls,委託内訳累計,その他法人等,買い,422996858.0,2.0,
2025-03-03,stock_val_1_250303.xls,委託内訳,生保・損保,売り,66371514.0,0.3,-36359239.0
2025-03-03,stock_val_1_250303.xls,委託内訳累計,生保・損保,売り,17699012.0,0.1,-8963259.0
2025-03-03,stock_val_1_250303.xls,委託内訳,生保・損保,買い,30012275.0,0.1,
2025-03-03,stock_val_1_250303.xls,委託内訳累計,生保・損保,買い,8735753.0,0.0,
2025-03-03,stock_val_1_250303.xls,委託内訳,都銀・地銀等,売り,46522322.0,0.2,-26622330.0
2025-03-03,stock_val_1_250303.xls,委託内訳累計,都銀・地銀等,売り,77564519.0,0.4,-11227585.0
2025-03-03,stock_val_1_250303.xls,委託内訳,都銀・地銀等,買い,19899992.0,0.1,
2025-03-03,stock_val_1_250303.xls,委託内訳累計,都銀・地銀等,買い,66336934.0,0.3,
2025-03-03,stock_val_1_250303.xls,委託内訳,都銀・地銀等,売り,361906782.0,1.4,
2025-03-03,stock_val_1_250303.xls,委託内訳累計,都銀・地銀等,売り,396499137.0,1.9,-75582848.0
2025-03-03,stock_val_1_250303.xls,委託内訳,都銀・地銀等,買い,417474713.0,1.7,55567931.0
2025-03-03,stock_val_1_250303.xls,委託内訳累計,都銀・地銀等,買い,320916289.0,1.5,
2025-03-03,stock_val_1_250303.xls,委託内訳,都銀・地銀等,売り,19482903.0,0.1,
2025-03-03,stock_val_1_250303.xls,委託内訳累計,都銀・地銀等,売り,24202858.0,0.1,
2025-03-03,stock_val_1_250303.xls,委託内訳,都銀・地銀等,買い,41384968.0,0.2,21902065.0
2025-03-03,stock_val_1_250303.xls,委託内訳累計,都銀・地銀等,買い,27007882.0,0.1,2805024.0
2025-03-04,stock_val_1_250304.xls,委託内訳,海外投資家,売り,13693775711.0,64.0,
2025-03-04,stock_val_1_250304.xls,委託内訳累計,海外投資家,売り,14909828367.0,64.3,-841689022.0
2025-03-04,stock_val_1_250304.xls,委託内訳,海外投資家,買い,13954920218.0,66.5,261144507.0
2025-03-04,stock_val_1_250304.xls,委託内訳累計,海外投資家,買い,14068139345.0,64.6,
2025-03-04,stock_val_1_250304.xls,委託内訳,証券会社,売り,157948952.0,0.7,-9187018.0
2025-03-04,stock_val_1_250304.xls,委託内訳累計,証券会社,売り,89123274.0,0.4,
2025-03-04,stock_val_1_250304.xls,委託内訳,証券会社,買い,148761934.0,0.7,
2025-03-04,stock_val_1_250304.xls,委託内訳累計,証券会社,買い,109575090.0,0.5,20451816.0
2025-03-04,stock_val_1_250304.xls,委託内訳,投資信託,売り,409042450.0,1.9,-128545708.0
2025-03-04,stock_val_1_250304.xls,委託内訳累計,投資信託,売り,574731396.0,2.5,-182237565.0
2025-03-04,stock_val_1_250304.xls,委託内訳,投資信託,買い,280496742.0,1.3,
2025-03-04,stock_val_1_250304.xls,委託内訳累計,投資信託,買い,392493831.0,1.8,
2025-03-04,stock_val_1_250304.xls,委託内訳,事業法人,売り,454656565.0,2.1,
2025-03-04,stock_val_1_250304.xls,委託内訳累計,事業法人,売り,266934312.0,1.2,-11470888.0
2025-03-04,stock_val_1_250304.xls,委託内訳,事業法人,買い,499610423.0,2.4,44953858.0
2025-03-04,stock_val_1_250304.xls,委託内訳累計,事業法人,買い,255463424.0,1.2,
2025-03-04,stock_val_1_250304.xls,委託内訳,その他法人等,売り,60678804.0,0.3,-11719004.0
2025-03-04,stock_val_1_250304.xls,委託内訳累計,その他法人等,売り,51553471.0,0.2,
2025-03-04,stock_val_1_250304.xls,委託内訳,その他法人等,買い,48959800.0,0.2,
2025-03-04,stock_val_1_250304.xls,委託内訳累計,その他法人等,買い,75236093.0,0.3,23682622.0
2025-03-04,stock_val_1_250304.xls,委託内訳,その他法人等,売り,515965526.0,2.4,-92968668.0
2025-03-04,stock_val_1_250304.xls,委託内訳累計,その他法人等,売り,1141583753.0,4.9,-876371001.0
2025-03-04,stock_val_1_250304.xls,委託内訳,その他法人等,買い,422996858.0,2.0,
2025-03-04,stock_val_1_250304.xls,委託内訳累計,その他法人等,買い,265212752.0,1.2,
2025-03-04,stock_val_1_250304.xls,委託内訳,生保・損保,売り,17699012.0,0.1,-8963259.0
2025-03-04,stock_val_1_250304.xls,委託内訳累計,生保・損保,売り,16349559.0,0.1,
2025-03-04,stock_val_1_250304.xls,委託内訳,生保・損保,買い,8735753.0,0.0,
2025-03-04,stock_val_1_250304.xls,委託内訳累計,生保・損保,買い,16374792.0,0.1,25233.0
2025-03-04,stock_val_1_250304.xls,委託内訳,都銀・地銀等,売り,77564519.0,0.4,-11227585.0
2025-03-04,stock_val_1_250304.xls,委託内訳累計,都銀・地銀等,売り,81431141.0,0.4,-76271036.0
2025-03-04,stock_val_1_250304.xls,委託内訳,都銀・地銀等,買い,66336934.0,0.3,
2025-03-04,stock_val_1_250304.xls,委託内訳累計,都銀・地銀等,買い,5160105.0,0.0,
2025-03-04,stock_val_1_250304.xls,委託内訳,都銀・地銀等,売り,396499137.0,1.9,-75582848.0
2025-03-04,stock_val_1_250304.xls,委託内訳累計,都銀・地銀等,売り,1019278353.0,4.4,-791712320.0
2025-03-04,stock_val_1_250304.xls,委託内訳,都銀・地銀等,買い,320916289.0,1.5,
2025-03-04,stock_val_1_250304.xls,委託内訳累計,都銀・地銀等,買い,227566033.0,1.0,
2025-03-04,stock_val_1_250304.xls,委託内訳,都銀・地銀等,売り,24202858.0,0.1,
2025-03-04,stock_val_1_250304.xls,委託内訳累計,都銀・地銀等,売り,24524700.0,0.1,-8412878.0
2025-03-04,stock_val_1_250304.xls,委託内訳,都銀・地銀等,買い,27007882.0,0.1,2805024.0
2025-03-04,stock_val_1_250304.xls,委託内訳累計,都銀・地銀等,買い,16111822.0,0.1,
2025-04-01,stock_val_1_250401.xls,委託内訳,海外投資家,売り,14909828367.0,64.3,-841689022.0
2025-04-01,stock_val_1_250401.xls,委託内訳累計,海外投資家,売り,18927925918.0,69.8,
2025-04-01,stock_val_1_250401.xls,委託内訳,海外投資家,買い,14068139345.0,64.6,
2025-04-01,stock_val_1_250401.xls,委託内訳累計,海外投資家,買い,19529051919.0,67.7,601126001.0
2025-04-01,stock_val_1_250401.xls,委託内訳,証券会社,売り,89123274.0,0.4,
2025-04-01,stock_val_1_250401.xls,委託内訳累計,証券会社,売り,85579122.0,0.3,
2025-04-01,stock_val_1_250401.xls,委託内訳,証券会社,買い,109575090.0,0.5,20451816.0
2025-04-01,stock_val_1_250401.xls,委託内訳累計,証券会社,買い,117683547.0,0.4,32104425.0
2025-04-01,stock_val_1_250401.xls,委託内訳,投資信託,売り,574731396.0,2.5,-182237565.0
2025-04-01,stock_val_1_250401.xls,委託内訳累計,投資信託,売り,583202283.0,2.2,
2025-04-01,stock_val_1_250401.xls,委託内訳,投資信託,買い,392493831.0,1.8,
2025-04-01,stock_val_1_250401.xls,委託内訳累計,投資信託,買い,833113973.0,2.9,249911690.0
2025-04-01,stock_val_1_250401.xls,委託内訳,事業法人,売り,266934312.0,1.2,-11470888.0
2025-04-01,stock_val_1_250401.xls,委託内訳累計,事業法人,売り,212040751.0,0.8,
2025-04-01,stock_val_1_250401.xls,委託内訳,事業法人,買い,255463424.0,1.2,
2025-04-01,stock_val_1_250401.xls,委託内訳累計,事業法人,買い,522304233.0,1.8,310263482.0
2025-04-01,stock_val_1_250401.xls,委託内訳,その他法人等,売り,51553471.0,0.2,
2025-04-01,stock_val_1_250401.xls,委託内訳累計,その他法人等,売り,52874762.0,0.2,
2025-04-01,stock_val_1_250401.xls,委託内訳,その他法人等,買い,75236093.0,0.3,23682622.0
2025-04-01,stock_val_1_250401.xls,委託内訳累計,その他法人等,買い,59811211.0,0.2,6936449.0
2025-04-01,stock_val_1_250401.xls,委託内訳,その他法人等,売り,1141583753.0,4.9,-876371001.0
2025-04-01,stock_val_1_250401.xls,委託内訳累計,その他法人等,売り,875953110.0,3.2,-174423949.0
2025-04-01,stock_val_1_250401.xls,委託内訳,その他法人等,買い,265212752.0,1.2,
2025-04-01,stock_val_1_250401.xls,委託内訳累計,その他法人等,買い,701529161.0,2.4,
2025-04-01,stock_val_1_250401.xls,委託内訳,生保・損保,売り,16349559.0,0.1,
2025-04-01,stock_val_1_250401.xls,委託内訳累計,生保・損保,売り,16964416.0,0.1,
2025-04-01,stock_val_1_250401.xls,委託内訳,生保・損保,買い,16374792.0,0.1,25233.0
2025-04-01,stock_val_1_250401.xls,委託内訳累計,生保・損保,買い,47581563.0,0.2,30617147.0
2025-04-01,stock_val_1_250401.xls,委託内訳,都銀・地銀等,売り,81431141.0,0.4,-76271036.0
2025-04-01,stock_val_1_250401.xls,委託内訳累計,都銀・地銀等,売り,24833621.0,0.1,-7993023.0
2025-04-01,stock_val_1_250401.xls,委託内訳,都銀・地銀等,買い,5160105.0,0.0,
2025-04-01,stock_val_1_250401.xls,委託内訳累計,都銀・地銀等,買い,16840598.0,0.1,
2025-04-01,stock_val_1_250401.xls,委託内訳,都銀・地銀等,売り,1019278353.0,4.4,-791712320.0
2025-04-01,stock_val_1_250401.xls,委託内訳累計,都銀・地銀等,売り,800961530.0,3.0,-194192929.0
2025-04-01,stock_val_1_250401.xls,委託内訳,都銀・地銀等,買い,227566033.0,1.0,
2025-04-01,stock_val_1_250401.xls,委託内訳累計,都銀・地銀等,買い,606768601.0,2.1,
2025-04-01,stock_val_1_250401.xls,委託内訳,都銀・地銀等,売り,24524700.0,0.1,-8412878.0
2025-04-01,stock_val_1_250401.xls,委託内訳累計,都銀・地銀等,売り,33193543.0,0.1,-2855144.0
2025-04-01,stock_val_1_250401.xls,委託内訳,都銀・地銀等,買い,16111822.0,0.1,
2025-04-01,stock_val_1_250401.xls,委託内訳累計,都銀・地銀等,買い,30338399.0,0.1,
2025-04-02,stock_val_1_250402.xls,委託内訳,海外投資家,売り,18927925918.0,69.8,
2025-04-02,stock_val_1_250402.xls,委託内訳累計,海外投資家,売り,21394225904.0,71.5,
2025-04-02,stock_val_1_250402.xls,委託内訳,海外投資家,買い,19529051919.0,67.7,601126001.0
2025-04-02,stock_val_1_250402.xls,委託内訳累計,海外投資家,買い,21552454675.0,70.4,158228771.0
2025-04-02,stock_val_1_250402.xls,委託内訳,証券会社,売り,85579122.0,0.3,
2025-04-02,stock_val_1_250402.xls,委託内訳累計,証券会社,売り,113918537.0,0.4,
2025-04-02,stock_val_1_250402.xls,委託内訳,証券会社,買い,117683547.0,0.4,32104425.0
2025-04-02,stock_val_1_250402.xls,委託内訳累計,証券会社,買い,135428635.0,0.4,21510098.0
2025-04-02,stock_val_1_250402.xls,委託内訳,投資信託,売り,583202283.0,2.2,
2025-04-02,stock_val_1_250402.xls,委託内訳累計,投資信託,売り,384685168.0,1.3,
2025-04-02,stock_val_1_250402.xls,委託内訳,投資信託,買い,833113973.0,2.9,249911690.0
2025-04-02,stock_val_1_250402.xls,委託内訳累計,投資信託,買い,453806972.0,1.5,69121804.0
2025-04-02,stock_val_1_250402.xls,委託内訳,事業法人,売り,212040751.0,0.8,
2025-04-02,stock_val_1_250402.xls,委託内訳累計,事業法人,売り,229297051.0,0.8,
2025-04-02,stock_val_1_250402.xls,委託内訳,事業法人,買い,522304233.0,1.8,310263482.0
2025-04-02,stock_val_1_250402.xls,委託内訳累計,事業法人,買い,594684276.0,1.9,365387225.0
2025-04-02,stock_val_1_250402.xls,委託内訳,その他法人等,売り,52874762.0,0.2,
2025-04-02,stock_val_1_250402.xls,委託内訳累計,その他法人等,売り,36857579.0,0.1,
2025-04-02,stock_val_1_250402.xls,委託内訳,その他法人等,買い,59811211.0,0.2,6936449.0
2025-04-02,stock_val_1_250402.xls,委託内訳累計,その他法人等,買い,46593436.0,0.2,9735857.0
2025-04-02,stock_val_1_250402.xls,委託内訳,その他法人等,売り,875953110.0,3.2,-174423949.0
2025-04-02,stock_val_1_250402.xls,委託内訳累計,その他法人等,売り,650331717.0,2.2,
2025-04-02,stock_val_1_250402.xls,委託内訳,その他法人等,買い,701529161.0,2.4,
2025-04-02,stock_val_1_250402.xls,委託内訳累計,その他法人等,買い,797966445.0,2.6,147634728.0
2025-04-02,stock_val_1_250402.xls,委託内訳,生保・損保,売り,16964416.0,0.1,
2025-04-02,stock_val_1_250402.xls,委託内訳累計,生保・損保,売り,63054987.0,0.2,-14805211.0
2025-04-02,stock_val_1_250402.xls,委託内訳,生保・損保,買い,47581563.0,0.2,30617147.0
2025-04-02,stock_val_1_250402.xls,委託内訳累計,生保・損保,買い,48249776.0,0.2,
2025-04-02,stock_val_1_250402.xls,委託内訳,都銀・地銀等,売り,24833621.0,0.1,-7993023.0
2025-04-02,stock_val_1_250402.xls,委託内訳累計,都銀・地銀等,売り,31845776.0,0.1,-17499701.0
2025-04-02,stock_val_1_250402.xls,委託内訳,都銀・地銀等,買い,16840598.0,0.1,
2025-04-02,stock_val_1_250402.xls,委託内訳累計,都銀・地銀等,買い,14346075.0,0.0,
2025-04-02,stock_val_1_250402.xls,委託内訳,都銀・地銀等,売り,800961530.0,3.0,-194192929.0
2025-04-02,stock_val_1_250402.xls,委託内訳累計,都銀・地銀等,売り,529589319.0,1.8,
2025-04-02,stock_val_1_250402.xls,委託内訳,都銀・地銀等,買い,606768601.0,2.1,
2025-04-02,stock_val_1_250402.xls,委託内訳累計,都銀・地銀等,買い,702637288.0,2.3,173047969.0
2025-04-02,stock_val_1_250402.xls,委託内訳,都銀・地銀等,売り,33193543.0,0.1,-2855144.0
2025-04-02,stock_val_1_250402.xls,委託内訳累計,都銀・地銀等,売り,25841635.0,0.1,
2025-04-02,stock_val_1_250402.xls,委託内訳,都銀・地銀等,買い,30338399.0,0.1,
2025-04-02,stock_val_1_250402.xls,委託内訳累計,都銀・地銀等,買い,32733306.0,0.1,6891671.0
2025-04-03,stock_val_1_250403.xls,委託内訳,海外投資家,売り,21394225904.0,71.5,
2025-04-03,stock_val_1_250403.xls,委託内訳累計,海外投資家,売り,13019674519.0,65.3,
2025-04-03,stock_val_1_250403.xls,委託内訳,海外投資家,買い,21552454675.0,70.4,158228771.0
2025-04-03,stock_val_1_250403.xls,委託内訳累計,海外投資家,買い,13170053857.0,65.3,150379338.0
2025-04-03,stock_val_1_250403.xls,委託内訳,証券会社,売り,113918537.0,0.4,
2025-04-03,stock_val_1_250403.xls,委託内訳累計,証券会社,売り,85383883.0,0.4,-4158830.0
2025-04-03,stock_val_1_250403.xls,委託内訳,証券会社,買い,135428635.0,0.4,21510098.0
2025-04-03,stock_val_1_250403.xls,委託内訳累計,証券会社,買い,81225053.0,0.4,
2025-04-03,stock_val_1_250403.xls,委託内訳,投資信託,売り,384685168.0,1.3,
2025-04-03,stock_val_1_250403.xls,委託内訳累計,投資信託,売り,317924541.0,1.6,
2025-04-03,stock_val_1_250403.xls,委託内訳,投資信託,買い,453806972.0,1.5,69121804.0
2025-04-03,stock_val_1_250403.xls,委託内訳累計,投資信託,買い,389342369.0,1.9,71417828.0
2025-04-03,stock_val_1_250403.xls,委託内訳,事業法人,売り,229297051.0,0.8,
2025-04-03,stock_val_1_250403.xls,委託内訳累計,事業法人,売り,182400356.0,0.9,
2025-04-03,stock_val_1_250403.xls,委託内訳,事業法人,買い,594684276.0,1.9,365387225.0
2025-04-03,stock_val_1_250403.xls,委託内訳累計,事業法人,買い,367351300.0,1.8,184950944.0
2025-04-03,stock_val_1_250403.xls,委託内訳,その他法人等,売り,36857579.0,0.1,
2025-04-03,stock_val_1_250403.xls,委託内訳累計,その他法人等,売り,33069388.0,0.2,-218592.0
2025-04-03,stock_val_1_250403.xls,委託内訳,その他法人等,買い,46593436.0,0.2,9735857.0
2025-04-03,stock_val_1_250403.xls,委託内訳累計,その他法人等,買い,32850796.0,0.2,
2025-04-03,stock_val_1_250403.xls,委託内訳,その他法人等,売り,650331717.0,2.2,
2025-04-03,stock_val_1_250403.xls,委託内訳累計,その他法人等,売り,368167563.0,1.8,
2025-04-03,stock_val_1_250403.xls,委託内訳,その他法人等,買い,797966445.0,2.6,147634728.0
2025-04-03,stock_val_1_250403.xls,委託内訳累計,その他法人等,買い,428616984.0,2.1,60449421.0
2025-04-03,stock_val_1_250403.xls,委託内訳,生保・損保,売り,63054987.0,0.2,-14805211.0
2025-04-03,stock_val_1_250403.xls,委託内訳累計,生保・損保,売り,23727387.0,0.1,-14661468.0
2025-04-03,stock_val_1_250403.xls,委託内訳,生保・損保,買い,48249776.0,0.2,
2025-04-03,stock_val_1_250403.xls,委託内訳累計,生保・損保,買い,9065919.0,0.0,
2025-04-03,stock_val_1_250403.xls,委託内訳,都銀・地銀等,売り,31845776.0,0.1,-17499701.0
2025-04-03,stock_val_1_250403.xls,委託内訳累計,都銀・地銀等,売り,29344337.0,0.1,-21739598.0
2025-04-03,stock_val_1_250403.xls,委託内訳,都銀・地銀等,買い,14346075.0,0.0,
2025-04-03,stock_val_1_250403.xls,委託内訳累計,都銀・地銀等,買い,7604739.0,0.0,
2025-04-03,stock_val_1_250403.xls,委託内訳,都銀・地銀等,売り,529589319.0,1.8,
2025-04-03,stock_val_1_250403.xls,委託内訳累計,都銀・地銀等,売り,299872270.0,1.5,
2025-04-03,stock_val_1_250403.xls,委託内訳,都銀・地銀等,買い,702637288.0,2.3,173047969.0
2025-04-03,stock_val_1_250403.xls,委託内訳累計,都銀・地銀等,買い,391848483.0,1.9,91976213.0
2025-04-03,stock_val_1_250403.xls,委託内訳,都銀・地銀等,売り,25841635.0,0.1,
2025-04-03,stock_val_1_250403.xls,委託内訳累計,都銀・地銀等,売り,15223569.0,0.1,
2025-04-03,stock_val_1_250403.xls,委託内訳,都銀・地銀等,買い,32733306.0,0.1,6891671.0
2025-04-03,stock_val_1_250403.xls,委託内訳累計,都銀・地銀等,買い,20097843.0,0.1,4874274.0
2025-04-04,stock_val_1_250404.xls,委託内訳,海外投資家,売り,13019674519.0,65.3,
2025-04-04,stock_val_1_250404.xls,委託内訳累計,海外投資家,売り,13275130037.0,63.3,
2025-04-04,stock_val_1_250404.xls,委託内訳,海外投資家,買い,13170053857.0,65.3,150379338.0
2025-04-04,stock_val_1_250404.xls,委託内訳累計,海外投資家,買い,13563267113.0,65.4,288137076.0
2025-04-04,stock_val_1_250404.xls,委託内訳,証券会社,売り,85383883.0,0.4,-4158830.0
2025-04-04,stock_val_1_250404.xls,委託内訳累計,証券会社,売り,111608004.0,0.5,-5150277.0
2025-04-04,stock_val_1_250404.xls,委託内訳,証券会社,買い,81225053.0,0.4,
2025-04-04,stock_val_1_250404.xls,委託内訳累計,証券会社,買い,106457727.0,0.5,
2025-04-04,stock_val_1_250404.xls,委託内訳,投資信託,売り,317924541.0,1.6,
2025-04-04,stock_val_1_250404.xls,委託内訳累計,投資信託,売り,380976106.0,1.8,-56782879.0
2025-04-04,stock_val_1_250404.xls,委託内訳,投資信託,買い,389342369.0,1.9,71417828.0
2025-04-04,stock_val_1_250404.xls,委託内訳累計,投資信託,買い,324193227.0,1.6,
2025-04-04,stock_val_1_250404.xls,委託内訳,事業法人,売り,182400356.0,0.9,
2025-04-04,stock_val_1_250404.xls,委託内訳累計,事業法人,売り,213853584.0,1.0,
2025-04-04,stock_val_1_250404.xls,委託内訳,事業法人,買い,367351300.0,1.8,184950944.0
2025-04-04,stock_val_1_250404.xls,委託内訳累計,事業法人,買い,293157076.0,1.4,79303492.0
2025-04-04,stock_val_1_250404.xls,委託内訳,その他法人等,売り,33069388.0,0.2,-218592.0
2025-04-04,stock_val_1_250404.xls,委託内訳累計,その他法人等,売り,69447651.0,0.3,
2025-04-04,stock_val_1_250404.xls,委託内訳,その他法人等,買い,32850796.0,0.2,
2025-04-04,stock_val_1_250404.xls,委託内訳累計,その他法人等,買い,99740035.0,0.5,30292384.0
2025-04-04,stock_val_1_250404.xls,委託内訳,その他法人等,売り,368167563.0,1.8,
2025-04-04,stock_val_1_250404.xls,委託内訳累計,その他法人等,売り,733492664.0,3.5,-198292543.0
2025-04-04,stock_val_1_250404.xls,委託内訳,その他法人等,買い,428616984.0,2.1,60449421.0
2025-04-04,stock_val_1_250404.xls,委託内訳累計,その他法人等,買い,535200121.0,2.6,
2025-04-04,stock_val_1_250404.xls,委託内訳,生保・損保,売り,23727387.0,0.1,-14661468.0
2025-04-04,stock_val_1_250404.xls,委託内訳累計,生保・損保,売り,61371628.0,0.3,-42422809.0
2025-04-04,stock_val_1_250404.xls,委託内訳,生保・損保,買い,9065919.0,0.0,
2025-04-04,stock_val_1_250404.xls,委託内訳累計,生保・損保,買い,18948819.0,0.1,
2025-04-04,stock_val_1_250404.xls,委託内訳,都銀・地銀等,売り,29344337.0,0.1,-21739598.0
2025-04-04,stock_val_1_250404.xls,委託内訳累計,都銀・地銀等,売り,28864541.0,0.1,-23693052.0
2025-04-04,stock_val_1_250404.xls,委託内訳,都銀・地銀等,買い,7604739.0,0.0,
2025-04-04,stock_val_1_250404.xls,委託内訳累計,都銀・地銀等,買い,5171489.0,0.0,
2025-04-04,stock_val_1_250404.xls,委託内訳,都銀・地銀等,売り,299872270.0,1.5,
2025-04-04,stock_val_1_250404.xls,委託内訳累計,都銀・地銀等,売り,607215827.0,2.9,-108521855.0
2025-04-04,stock_val_1_250404.xls,委託内訳,都銀・地銀等,買い,391848483.0,1.9,91976213.0
2025-04-04,stock_val_1_250404.xls,委託内訳累計,都銀・地銀等,買い,498693972.0,2.4,
2025-04-04,stock_val_1_250404.xls,委託内訳,都銀・地銀等,売り,15223569.0,0.1,
2025-04-04,stock_val_1_250404.xls,委託内訳累計,都銀・地銀等,売り,36040668.0,0.2,-23654827.0
2025-04-04,stock_val_1_250404.xls,委託内訳,都銀・地銀等,買い,20097843.0,0.1,4874274.0
2025-04-04,stock_val_1_250404.xls,委託内訳累計,都銀・地銀等,買い,12385841.0,0.1,
2025-05-01,stock_val_1_250501.xls,委託内訳,海外投資家,売り,13275130037.0,63.3,
2025-05-01,stock_val_1_250501.xls,委託内訳累計,海外投資家,売り,13844318905.0,65.4,
2025-05-01,stock_val_1_250501.xls,委託内訳,海外投資家,買い,13563267113.0,65.4,288137076.0
2025-05-01,stock_val_1_250501.xls,委託内訳累計,海外投資家,買い,14238927961.0,66.5,394609056.0
2025-05-01,stock_val_1_250501.xls,委託内訳,証券会社,売り,111608004.0,0.5,-5150277.0
2025-05-01,stock_val_1_250501.xls,委託内訳累計,証券会社,売り,106331964.0,0.5,-5546990.0
2025-05-01,stock_val_1_250501.xls,委託内訳,証券会社,買い,106457727.0,0.5,
2025-05-01,stock_val_1_250501.xls,委託内訳累計,証券会社,買い,100784974.0,0.5,
2025-05-01,stock_val_1_250501.xls,委託内訳,投資信託,売り,380976106.0,1.8,-56782879.0
2025-05-01,stock_val_1_250501.xls,委託内訳累計,投資信託,売り,512356911.0,2.4,
2025-05-01,stock_val_1_250501.xls,委託内訳,投資信託,買い,324193227.0,1.6,
2025-05-01,stock_val_1_250501.xls,委託内訳累計,投資信託,買い,689970192.0,3.2,177613281.0
2025-05-01,stock_val_1_250501.xls,委託内訳,事業法人,売り,213853584.0,1.0,
2025-05-01,stock_val_1_250501.xls,委託内訳累計,事業法人,売り,175748074.0,0.8,
2025-05-01,stock_val_1_250501.xls,委託内訳,事業法人,買い,293157076.0,1.4,79303492.0
2025-05-01,stock_val_1_250501.xls,委託内訳累計,事業法人,買い,281529534.0,1.3,105781460.0
2025-05-01,stock_val_1_250501.xls,委託内訳,その他法人等,売り,69447651.0,0.3,
2025-05-01,stock_val_1_250501.xls,委託内訳累計,その他法人等,売り,29070573.0,0.1,
2025-05-01,stock_val_1_250501.xls,委託内訳,その他法人等,買い,99740035.0,0.5,30292384.0
2025-05-01,stock_val_1_250501.xls,委託内訳累計,その他法人等,買い,53241229.0,0.2,24170656.0
2025-05-01,stock_val_1_250501.xls,委託内訳,その他法人等,売り,733492664.0,3.5,-198292543.0
2025-05-01,stock_val_1_250501.xls,委託内訳累計,その他法人等,売り,850077086.0,4.0,-286274987.0
2025-05-01,stock_val_1_250501.xls,委託内訳,その他法人等,買い,535200121.0,2.6,
2025-05-01,stock_val_1_250501.xls,委託内訳累計,その他法人等,買い,563802099.0,2.6,
2025-05-01,stock_val_1_250501.xls,委託内訳,生保・損保,売り,61371628.0,0.3,-42422809.0
2025-05-01,stock_val_1_250501.xls,委託内訳累計,生保・損保,売り,24914818.0,0.1,-15993133.0
2025-05-01,stock_val_1_250501.xls,委託内訳,生保・損保,買い,18948819.0,0.1,
2025-05-01,stock_val_1_250501.xls,委託内訳累計,生保・損保,買い,8921685.0,0.0,
2025-05-01,stock_val_1_250501.xls,委託内訳,都銀・地銀等,売り,28864541.0,0.1,-23693052.0
2025-05-01,stock_val_1_250501.xls,委託内訳累計,都銀・地銀等,売り,47649211.0,0.2,-41237903.0
2025-05-01,stock_val_1_250501.xls,委託内訳,都銀・地銀等,買い,5171489.0,0.0,
2025-05-01,stock_val_1_250501.xls,委託内訳累計,都銀・地銀等,買い,6411308.0,0.0,
2025-05-01,stock_val_1_250501.xls,委託内訳,都銀・地銀等,売り,607215827.0,2.9,-108521855.0
2025-05-01,stock_val_1_250501.xls,委託内訳累計,都銀・地銀等,売り,760479725.0,3.6,-229960539.0
2025-05-01,stock_val_1_250501.xls,委託内訳,都銀・地銀等,買い,498693972.0,2.4,
2025-05-01,stock_val_1_250501.xls,委託内訳累計,都銀・地銀等,買い,530519186.0,2.5,
2025-05-01,stock_val_1_250501.xls,委託内訳,都銀・地銀等,売り,36040668.0,0.2,-23654827.0
2025-05-01,stock_val_1_250501.xls,委託内訳累計,都銀・地銀等,売り,17033332.0,0.1,
2025-05-01,stock_val_1_250501.xls,委託内訳,都銀・地銀等,買い,12385841.0,0.1,
2025-05-01,stock_val_1_250501.xls,委託内訳累計,都銀・地銀等,買い,17949920.0,0.1,916588.0
2025-05-02,stock_val_1_250502.xls,委託内訳,海外投資家,売り,13844318905.0,65.4,
2025-05-02,stock_val_1_250502.xls,委託内訳累計,海外投資家,売り,10895870764.0,67.5,
2025-05-02,stock_val_1_250502.xls,委託内訳,海外投資家,買い,14238927961.0,66.5,394609056.0
2025-05-02,stock_val_1_250502.xls,委託内訳累計,海外投資家,買い,11252881096.0,70.6,357010332.0
2025-05-02,stock_val_1_250502.xls,委託内訳,証券会社,売り,106331964.0,0.5,-5546990.0
2025-05-02,stock_val_1_250502.xls,委託内訳累計,証券会社,売り,75795714.0,0.5,-10802416.0
2025-05-02,stock_val_1_250502.xls,委託内訳,証券会社,買い,100784974.0,0.5,
2025-05-02,stock_val_1_250502.xls,委託内訳累計,証券会社,買い,64993298.0,0.4,
2025-05-02,stock_val_1_250502.xls,委託内訳,投資信託,売り,512356911.0,2.4,
2025-05-02,stock_val_1_250502.xls,委託内訳累計,投資信託,売り,196595812.0,1.2,
2025-05-02,stock_val_1_250502.xls,委託内訳,投資信託,買い,689970192.0,3.2,177613281.0
2025-05-02,stock_val_1_250502.xls,委託内訳累計,投資信託,買い,228570863.0,1.4,31975051.0
2025-05-02,stock_val_1_250502.xls,委託内訳,事業法人,売り,175748074.0,0.8,
2025-05-02,stock_val_1_250502.xls,委託内訳累計,事業法人,売り,120489776.0,0.7,
2025-05-02,stock_val_1_250502.xls,委託内訳,事業法人,買い,281529534.0,1.3,105781460.0
2025-05-02,stock_val_1_250502.xls,委託内訳累計,事業法人,買い,277067543.0,1.7,156577767.0
2025-05-02,stock_val_1_250502.xls,委託内訳,その他法人等,売り,29070573.0,0.1,
2025-05-02,stock_val_1_250502.xls,委託内訳累計,その他法人等,売り,28030130.0,0.2,-7046631.0
2025-05-02,stock_val_1_250502.xls,委託内訳,その他法人等,買い,53241229.0,0.2,24170656.0
2025-05-02,stock_val_1_250502.xls,委託内訳累計,その他法人等,買い,20983499.0,0.1,
2025-05-02,stock_val_1_250502.xls,委託内訳,その他法人等,売り,850077086.0,4.0,-286274987.0
2025-05-02,stock_val_1_250502.xls,委託内訳累計,その他法人等,売り,580823358.0,3.6,-386907464.0
2025-05-02,stock_val_1_250502.xls,委託内訳,その他法人等,買い,563802099.0,2.6,
2025-05-02,stock_val_1_250502.xls,委託内訳累計,その他法人等,買い,193915894.0,1.2,
2025-05-02,stock_val_1_250502.xls,委託内訳,生保・損保,売り,24914818.0,0.1,-15993133.0
2025-05-02,stock_val_1_250502.xls,委託内訳累計,生保・損保,売り,103082084.0,0.6,-97575520.0
2025-05-02,stock_val_1_250502.xls,委託内訳,生保・損保,買い,8921685.0,0.0,
2025-05-02,stock_val_1_250502.xls,委託内訳累計,生保・損保,買い,5506564.0,0.0,
2025-05-02,stock_val_1_250502.xls,委託内訳,都銀・地銀等,売り,47649211.0,0.2,-41237903.0
2025-05-02,stock_val_1_250502.xls,委託内訳累計,都銀・地銀等,売り,12881276.0,0.1,-7145331.0
2025-05-02,stock_val_1_250502.xls,委託内訳,都銀・地銀等,買い,6411308.0,0.0,
2025-05-02,stock_val_1_250502.xls,委託内訳累計,都銀・地銀等,買い,5735945.0,0.0,
2025-05-02,stock_val_1_250502.xls,委託内訳,都銀・地銀等,売り,760479725.0,3.6,-229960539.0
2025-05-02,stock_val_1_250502.xls,委託内訳累計,都銀・地銀等,売り,437904288.0,2.7,-268002308.0
2025-05-02,stock_val_1_250502.xls,委託内訳,都銀・地銀等,買い,530519186.0,2.5,
2025-05-02,stock_val_1_250502.xls,委託内訳累計,都銀・地銀等,買い,169901980.0,1.1,
2025-05-02,stock_val_1_250502.xls,委託内訳,都銀・地銀等,売り,17033332.0,0.1,
2025-05-02,stock_val_1_250502.xls,委託内訳累計,都銀・地銀等,売り,26955710.0,0.2,-14184305.0
2025-05-02,stock_val_1_250502.xls,委託内訳,都銀・地銀等,買い,17949920.0,0.1,916588.0
2025-05-02,stock_val_1_250502.xls,委託内訳累計,都銀・地銀等,買い,12771405.0,0.1,
2025-05-03,stock_val_1_250503.xls,委託内訳,海外投資家,売り,10895870764.0,67.5,
2025-05-03,stock_val_1_250503.xls,委託内訳累計,海外投資家,売り,18388298127.0,65.0,
2025-05-03,stock_val_1_250503.xls,委託内訳,海外投資家,買い,11252881096.0,70.6,357010332.0
2025-05-03,stock_val_1_250503.xls,委託内訳累計,海外投資家,買い,19011577053.0,66.9,623278926.0
2025-05-03,stock_val_1_250503.xls,委託内訳,証券会社,売り,75795714.0,0.5,-10802416.0
2025-05-03,stock_val_1_250503.xls,委託内訳累計,証券会社,売り,142283781.0,0.5,-7744268.0
2025-05-03,stock_val_1_250503.xls,委託内訳,証券会社,買い,64993298.0,0.4,
2025-05-03,stock_val_1_250503.xls,委託内訳累計,証券会社,買い,134539513.0,0.5,
2025-05-03,stock_val_1_250503.xls,委託内訳,投資信託,売り,196595812.0,1.2,
2025-05-03,stock_val_1_250503.xls,委託内訳累計,投資信託,売り,480028205.0,1.7,
2025-05-03,stock_val_1_250503.xls,委託内訳,投資信託,買い,228570863.0,1.4,31975051.0
2025-05-03,stock_val_1_250503.xls,委託内訳累計,投資信託,買い,488625990.0,1.7,8597785.0
2025-05-03,stock_val_1_250503.xls,委託内訳,事業法人,売り,120489776.0,0.7,
2025-05-03,stock_val_1_250503.xls,委託内訳累計,事業法人,売り,427946620.0,1.5,
2025-05-03,stock_val_1_250503.xls,委託内訳,事業法人,買い,277067543.0,1.7,156577767.0
2025-05-03,stock_val_1_250503.xls,委託内訳累計,事業法人,買い,684012426.0,2.4,256065806.0
2025-05-03,stock_val_1_250503.xls,委託内訳,その他法人等,売り,28030130.0,0.2,-7046631.0
2025-05-03,stock_val_1_250503.xls,委託内訳累計,その他法人等,売り,43438013.0,0.2,-4087947.0
2025-05-03,stock_val_1_250503.xls,委託内訳,その他法人等,買い,20983499.0,0.1,
2025-05-03,stock_val_1_250503.xls,委託内訳累計,その他法人等,買い,39350066.0,0.1,
2025-05-03,stock_val_1_250503.xls,委託内訳,その他法人等,売り,580823358.0,3.6,-386907464.0
2025-05-03,stock_val_1_250503.xls,委託内訳累計,その他法人等,売り,1059924166.0,3.7,-479281080.0
2025-05-03,stock_val_1_250503.xls,委託内訳,その他法人等,買い,193915894.0,1.2,
2025-05-03,stock_val_1_250503.xls,委託内訳累計,その他法人等,買い,580643086.0,2.0,
2025-05-03,stock_val_1_250503.xls,委託内訳,生保・損保,売り,103082084.0,0.6,-97575520.0
2025-05-03,stock_val_1_250503.xls,委託内訳累計,生保・損保,売り,139776297.0,0.5,-120766553.0
2025-05-03,stock_val_1_250503.xls,委託内訳,生保・損保,買い,5506564.0,0.0,
2025-05-03,stock_val_1_250503.xls,委託内訳累計,生保・損保,買い,19009744.0,0.1,
2025-05-03,stock_val_1_250503.xls,委託内訳,都銀・地銀等,売り,12881276.0,0.1,-7145331.0
2025-05-03,stock_val_1_250503.xls,委託内訳累計,都銀・地銀等,売り,56262332.0,0.2,-46861259.0
2025-05-03,stock_val_1_250503.xls,委託内訳,都銀・地銀等,買い,5735945.0,0.0,
2025-05-03,stock_val_1_250503.xls,委託内訳累計,都銀・地銀等,買い,9401073.0,0.0,
2025-05-03,stock_val_1_250503.xls,委託内訳,都銀・地銀等,売り,437904288.0,2.7,-268002308.0
2025-05-03,stock_val_1_250503.xls,委託内訳累計,都銀・地銀等,売り,814468647.0,2.9,-289316543.0
2025-05-03,stock_val_1_250503.xls,委託内訳,都銀・地銀等,買い,169901980.0,1.1,
2025-05-03,stock_val_1_250503.xls,委託内訳累計,都銀・地銀等,買い,525152104.0,1.8,
2025-05-03,stock_val_1_250503.xls,委託内訳,都銀・地銀等,売り,26955710.0,0.2,-14184305.0
2025-05-03,stock_val_1_250503.xls,委託内訳累計,都銀・地銀等,売り,49416890.0,0.2,-22336725.0
2025-05-03,stock_val_1_250503.xls,委託内訳,都銀・地銀等,買い,12771405.0,0.1,
2025-05-03,stock_val_1_250503.xls,委託内訳累計,都銀・地銀等,買い,27080165.0,0.1,
2025-05-04,stock_val_1_250504.xls,委託内訳,海外投資家,売り,18388298127.0,65.0,
2025-05-04,stock_val_1_250504.xls,委託内訳累計,海外投資家,売り,14291740219.0,64.4,
2025-05-04,stock_val_1_250504.xls,委託内訳,海外投資家,買い,19011577053.0,66.9,623278926.0
2025-05-04,stock_val_1_250504.xls,委託内訳累計,海外投資家,買い,14576763252.0,63.2,285023033.0
2025-05-04,stock_val_1_250504.xls,委託内訳,証券会社,売り,142283781.0,0.5,-7744268.0
2025-05-04,stock_val_1_250504.xls,委託内訳累計,証券会社,売り,87660121.0,0.4,-1660375.0
2025-05-04,stock_val_1_250504.xls,委託内訳,証券会社,買い,134539513.0,0.5,
2025-05-04,stock_val_1_250504.xls,委託内訳累計,証券会社,買い,85999746.0,0.4,
2025-05-04,stock_val_1_250504.xls,委託内訳,投資信託,売り,480028205.0,1.7,
2025-05-04,stock_val_1_250504.xls,委託内訳累計,投資信託,売り,360963664.0,1.6,
2025-05-04,stock_val_1_250504.xls,委託内訳,投資信託,買い,488625990.0,1.7,8597785.0
2025-05-04,stock_val_1_250504.xls,委託内訳累計,投資信託,買い,434768123.0,1.9,73804459.0
2025-05-04,stock_val_1_250504.xls,委託内訳,事業法人,売り,427946620.0,1.5,
2025-05-04,stock_val_1_250504.xls,委託内訳累計,事業法人,売り,191851781.0,0.9,
2025-05-04,stock_val_1_250504.xls,委託内訳,事業法人,買い,684012426.0,2.4,256065806.0
2025-05-04,stock_val_1_250504.xls,委託内訳累計,事業法人,買い,907475542.0,3.9,715623761.0
2025-05-04,stock_val_1_250504.xls,委託内訳,その他法人等,売り,43438013.0,0.2,-4087947.0
2025-05-04,stock_val_1_250504.xls,委託内訳累計,その他法人等,売り,38292162.0,0.2,
2025-05-04,stock_val_1_250504.xls,委託内訳,その他法人等,買い,39350066.0,0.1,
2025-05-04,stock_val_1_250504.xls,委託内訳累計,その他法人等,買い,51467254.0,0.2,13175092.0
2025-05-04,stock_val_1_250504.xls,委託内訳,その他法人等,売り,1059924166.0,3.7,-479281080.0
2025-05-04,stock_val_1_250504.xls,委託内訳累計,その他法人等,売り,650879881.0,2.9,-136221920.0
2025-05-04,stock_val_1_250504.xls,委託内訳,その他法人等,買い,580643086.0,2.0,
2025-05-04,stock_val_1_250504.xls,委託内訳累計,その他法人等,買い,514657961.0,2.2,
2025-05-04,stock_val_1_250504.xls,委託内訳,生保・損保,売り,139776297.0,0.5,-120766553.0
2025-05-04,stock_val_1_250504.xls,委託内訳累計,生保・損保,売り,100290580.0,0.5,-79762481.0
2025-05-04,stock_val_1_250504.xls,委託内訳,生保・損保,買い,19009744.0,0.1,
2025-05-04,stock_val_1_250504.xls,委託内訳累計,生保・損保,買い,20528099.0,0.1,
2025-05-04,stock_val_1_250504.xls,委託内訳,都銀・地銀等,売り,56262332.0,0.2,-46861259.0
2025-05-04,stock_val_1_250504.xls,委託内訳累計,都銀・地銀等,売り,32116011.0,0.1,-19086408.0
2025-05-04,stock_val_1_250504.xls,委託内訳,都銀・地銀等,買い,9401073.0,0.0,
2025-05-04,stock_val_1_250504.xls,委託内訳累計,都銀・地銀等,買い,13029603.0,0.1,
2025-05-04,stock_val_1_250504.xls,委託内訳,都銀・地銀等,売り,814468647.0,2.9,-289316543.0
2025-05-04,stock_val_1_250504.xls,委託内訳累計,都銀・地銀等,売り,498397661.0,2.2,-35978914.0
2025-05-04,stock_val_1_250504.xls,委託内訳,都銀・地銀等,買い,525152104.0,1.8,
2025-05-04,stock_val_1_250504.xls,委託内訳累計,都銀・地銀等,買い,462418747.0,2.0,
2025-05-04,stock_val_1_250504.xls,委託内訳,都銀・地銀等,売り,49416890.0,0.2,-22336725.0
2025-05-04,stock_val_1_250504.xls,委託内訳累計,都銀・地銀等,売り,20075629.0,0.1,-1394117.0
2025-05-04,stock_val_1_250504.xls,委託内訳,都銀・地銀等,買い,27080165.0,0.1,
2025-05-04,stock_val_1_250504.xls,委託内訳累計,都銀・地銀等,買い,18681512.0,0.1,
2025-05-05,stock_val_1_250505.xls,委託内訳,海外投資家,売り,14291740219.0,64.4,
2025-05-05,stock_val_1_250505.xls,委託内訳累計,海外投資家,売り,16608487726.0,63.8,
2025-05-05,stock_val_1_250505.xls,委託内訳,海外投資家,買い,14576763252.0,63.2,285023033.0
2025-05-05,stock_val_1_250505.xls,委託内訳累計,海外投資家,買い,17225060543.0,66.2,616572817.0
2025-05-05,stock_val_1_250505.xls,委託内訳,証券会社,売り,87660121.0,0.4,-1660375.0
2025-05-05,stock_val_1_250505.xls,委託内訳累計,証券会社,売り,134033617.0,0.5,-12269335.0
2025-05-05,stock_val_1_250505.xls,委託内訳,証券会社,買い,85999746.0,0.4,
2025-05-05,stock_val_1_250505.xls,委託内訳累計,証券会社,買い,121764282.0,0.5,
2025-05-05,stock_val_1_250505.xls,委託内訳,投資信託,売り,360963664.0,1.6,
2025-05-05,stock_val_1_250505.xls,委託内訳累計,投資信託,売り,785904606.0,3.0,-264107351.0
2025-05-05,stock_val_1_250505.xls,委託内訳,投資信託,買い,434768123.0,1.9,73804459.0
2025-05-05,stock_val_1_250505.xls,委託内訳累計,投資信託,買い,521797255.0,2.0,
2025-05-05,stock_val_1_250505.xls,委託内訳,事業法人,売り,191851781.0,0.9,
2025-05-05,stock_val_1_250505.xls,委託内訳累計,事業法人,売り,241710443.0,0.9,
2025-05-05,stock_val_1_250505.xls,委託内訳,事業法人,買い,907475542.0,3.9,715623761.0
2025-05-05,stock_val_1_250505.xls,委託内訳累計,事業法人,買い,488637843.0,1.9,246927400.0
2025-05-05,stock_val_1_250505.xls,委託内訳,その他法人等,売り,38292162.0,0.2,
2025-05-05,stock_val_1_250505.xls,委託内訳累計,その他法人等,売り,43317913.0,0.2,
2025-05-05,stock_val_1_250505.xls,委託内訳,その他法人等,買い,51467254.0,0.2,13175092.0
2025-05-05,stock_val_1_250505.xls,委託内訳累計,その他法人等,買い,57173310.0,0.2,13855397.0
2025-05-05,stock_val_1_250505.xls,委託内訳,その他法人等,売り,650879881.0,2.9,-136221920.0
2025-05-05,stock_val_1_250505.xls,委託内訳累計,その他法人等,売り,1141182858.0,4.4,-230441059.0
2025-05-05,stock_val_1_250505.xls,委託内訳,その他法人等,買い,514657961.0,2.2,
2025-05-05,stock_val_1_250505.xls,委託内訳累計,その他法人等,買い,910741799.0,3.5,
2025-05-05,stock_val_1_250505.xls,委託内訳,生保・損保,売り,100290580.0,0.5,-79762481.0
2025-05-05,stock_val_1_250505.xls,委託内訳累計,生保・損保,売り,144955577.0,0.6,-91381369.0
2025-05-05,stock_val_1_250505.xls,委託内訳,生保・損保,買い,20528099.0,0.1,
2025-05-05,stock_val_1_250505.xls,委託内訳累計,生保・損保,買い,53574208.0,0.2,
2025-05-05,stock_val_1_250505.xls,委託内訳,都銀・地銀等,売り,32116011.0,0.1,-19086408.0
2025-05-05,stock_val_1_250505.xls,委託内訳累計,都銀・地銀等,売り,39124106.0,0.2,-20870483.0
2025-05-05,stock_val_1_250505.xls,委託内訳,都銀・地銀等,買い,13029603.0,0.1,
2025-05-05,stock_val_1_250505.xls,委託内訳累計,都銀・地銀等,買い,18253623.0,0.1,
2025-05-05,stock_val_1_250505.xls,委託内訳,都銀・地銀等,売り,498397661.0,2.2,-35978914.0
2025-05-05,stock_val_1_250505.xls,委託内訳累計,都銀・地銀等,売り,922078253.0,3.5,-98149711.0
2025-05-05,stock_val_1_250505.xls,委託内訳,都銀・地銀等,買い,462418747.0,2.0,
2025-05-05,stock_val_1_250505.xls,委託内訳累計,都銀・地銀等,買い,823928542.0,3.2,
2025-05-05,stock_val_1_250505.xls,委託内訳,都銀・地銀等,売り,20075629.0,0.1,-1394117.0
2025-05-05,stock_val_1_250505.xls,委託内訳累計,都銀・地銀等,売り,35024922.0,0.1,-20039496.0
2025-05-05,stock_val_1_250505.xls,委託内訳,都銀・地銀等,買い,18681512.0,0.1,
2025-05-05,stock_val_1_250505.xls,委託内訳累計,都銀・地銀等,買い,14985426.0,0.1,
2025-06-01,stock_val_1_250601.xls,委託内訳,海外投資家,売り,16608487726.0,63.8,
2025-06-01,stock_val_1_250601.xls,委託内訳累計,海外投資家,売り,14005999056.0,62.6,
2025-06-01,stock_val_1_250601.xls,委託内訳,海外投資家,買い,17225060543.0,66.2,616572817.0
2025-06-01,stock_val_1_250601.xls,委託内訳累計,海外投資家,買い,14404590832.0,63.3,398591776.0
2025-06-01,stock_val_1_250601.xls,委託内訳,証券会社,売り,134033617.0,0.5,-12269335.0
2025-06-01,stock_val_1_250601.xls,委託内訳累計,証券会社,売り,108181981.0,0.5,
2025-06-01,stock_val_1_250601.xls,委託内訳,証券会社,買い,121764282.0,0.5,
2025-06-01,stock_val_1_250601.xls,委託内訳累計,証券会社,買い,114169172.0,0.5,5987191.0
2025-06-01,stock_val_1_250601.xls,委託内訳,投資信託,売り,785904606.0,3.0,-264107351.0
2025-06-01,stock_val_1_250601.xls,委託内訳累計,投資信託,売り,480620488.0,2.1,-21117347.0
2025-06-01,stock_val_1_250601.xls,委託内訳,投資信託,買い,521797255.0,2.0,
2025-06-01,stock_val_1_250601.xls,委託内訳累計,投資信託,買い,459503141.0,2.0,
2025-06-01,stock_val_1_250601.xls,委託内訳,事業法人,売り,241710443.0,0.9,
2025-06-01,stock_val_1_250601.xls,委託内訳累計,事業法人,売り,195328604.0,0.9,
2025-06-01,stock_val_1_250601.xls,委託内訳,事業法人,買い,488637843.0,1.9,246927400.0
2025-06-01,stock_val_1_250601.xls,委託内訳累計,事業法人,買い,539973075.0,2.4,344644471.0
2025-06-01,stock_val_1_250601.xls,委託内訳,その他法人等,売り,43317913.0,0.2,
2025-06-01,stock_val_1_250601.xls,委託内訳累計,その他法人等,売り,37079600.0,0.2,
2025-06-01,stock_val_1_250601.xls,委託内訳,その他法人等,買い,57173310.0,0.2,13855397.0
2025-06-01,stock_val_1_250601.xls,委託内訳累計,その他法人等,買い,61451166.0,0.3,24371566.0
2025-06-01,stock_val_1_250601.xls,委託内訳,その他法人等,売り,1141182858.0,4.4,-230441059.0
2025-06-01,stock_val_1_250601.xls,委託内訳累計,その他法人等,売り,1092150321.0,4.9,-533610928.0
2025-06-01,stock_val_1_250601.xls,委託内訳,その他法人等,買い,910741799.0,3.5,
2025-06-01,stock_val_1_250601.xls,委託内訳累計,その他法人等,買い,558539393.0,2.5,
2025-06-01,stock_val_1_250601.xls,委託内訳,生保・損保,売り,144955577.0,0.6,-91381369.0
2025-06-01,stock_val_1_250601.xls,委託内訳累計,生保・損保,売り,61297967.0,0.3,-33616378.0
2025-06-01,stock_val_1_250601.xls,委託内訳,生保・損保,買い,53574208.0,0.2,
2025-06-01,stock_val_1_250601.xls,委託内訳累計,生保・損保,買い,27681589.0,0.1,
2025-06-01,stock_val_1_250601.xls,委託内訳,都銀・地銀等,売り,39124106.0,0.2,-20870483.0
2025-06-01,stock_val_1_250601.xls,委託内訳累計,都銀・地銀等,売り,53612272.0,0.2,-17899657.0
2025-06-01,stock_val_1_250601.xls,委託内訳,都銀・地銀等,買い,18253623.0,0.1,
2025-06-01,stock_val_1_250601.xls,委託内訳累計,都銀・地銀等,買い,35712615.0,0.2,
2025-06-01,stock_val_1_250601.xls,委託内訳,都銀・地銀等,売り,922078253.0,3.5,-98149711.0
2025-06-01,stock_val_1_250601.xls,委託内訳累計,都銀・地銀等,売り,950959694.0,4.3,-473836456.0
2025-06-01,stock_val_1_250601.xls,委託内訳,都銀・地銀等,買い,823928542.0,3.2,
2025-06-01,stock_val_1_250601.xls,委託内訳累計,都銀・地銀等,買い,477123238.0,2.1,
2025-06-01,stock_val_1_250601.xls,委託内訳,都銀・地銀等,売り,35024922.0,0.1,-20039496.0
2025-06-01,stock_val_1_250601.xls,委託内訳累計,都銀・地銀等,売り,26280388.0,0.1,-8258437.0
2025-06-01,stock_val_1_250601.xls,委託内訳,都銀・地銀等,買い,14985426.0,0.1,
2025-06-01,stock_val_1_250601.xls,委託内訳累計,都銀・地銀等,買い,18021951.0,0.1,
2025-06-02,stock_val_1_250602.xls,委託内訳,海外投資家,売り,14005999056.0,62.6,
2025-06-02,stock_val_1_250602.xls,委託内訳累計,海外投資家,売り,14596837959.0,64.1,
2025-06-02,stock_val_1_250602.xls,委託内訳,海外投資家,買い,14404590832.0,63.3,398591776.0
2025-06-02,stock_val_1_250602.xls,委託内訳累計,海外投資家,買い,14696542913.0,63.7,99704954.0
2025-06-02,stock_val_1_250602.xls,委託内訳,証券会社,売り,108181981.0,0.5,
2025-06-02,stock_val_1_250602.xls,委託内訳累計,証券会社,売り,103944865.0,0.5,-9388006.0
2025-06-02,stock_val_1_250602.xls,委託内訳,証券会社,買い,114169172.0,0.5,5987191.0
2025-06-02,stock_val_1_250602.xls,委託内訳累計,証券会社,買い,94556859.0,0.4,
2025-06-02,stock_val_1_250602.xls,委託内訳,投資信託,売り,480620488.0,2.1,-21117347.0
2025-06-02,stock_val_1_250602.xls,委託内訳累計,投資信託,売り,342471810.0,1.5,-2647681.0
2025-06-02,stock_val_1_250602.xls,委託内訳,投資信託,買い,459503141.0,2.0,
2025-06-02,stock_val_1_250602.xls,委託内訳累計,投資信託,買い,339824129.0,1.5,
2025-06-02,stock_val_1_250602.xls,委託内訳,事業法人,売り,195328604.0,0.9,
2025-06-02,stock_val_1_250602.xls,委託内訳累計,事業法人,売り,212087540.0,0.9,
2025-06-02,stock_val_1_250602.xls,委託内訳,事業法人,買い,539973075.0,2.4,344644471.0
2025-06-02,stock_val_1_250602.xls,委託内訳累計,事業法人,買い,535077490.0,2.3,322989950.0
2025-06-02,stock_val_1_250602.xls,委託内訳,その他法人等,売り,37079600.0,0.2,
2025-06-02,stock_val_1_250602.xls,委託内訳累計,その他法人等,売り,36370211.0,0.2,
2025-06-02,stock_val_1_250602.xls,委託内訳,その他法人等,買い,61451166.0,0.3,24371566.0
2025-06-02,stock_val_1_250602.xls,委託内訳累計,その他法人等,買い,65453669.0,0.3,29083458.0
2025-06-02,stock_val_1_250602.xls,委託内訳,その他法人等,売り,1092150321.0,4.9,-533610928.0
2025-06-02,stock_val_1_250602.xls,委託内訳累計,その他法人等,売り,547184543.0,2.4,-136112097.0
2025-06-02,stock_val_1_250602.xls,委託内訳,その他法人等,買い,558539393.0,2.5,
2025-06-02,stock_val_1_250602.xls,委託内訳累計,その他法人等,買い,411072446.0,1.8,
2025-06-02,stock_val_1_250602.xls,委託内訳,生保・損保,売り,61297967.0,0.3,-33616378.0
2025-06-02,stock_val_1_250602.xls,委託内訳累計,生保・損保,売り,100548954.0,0.4,-83286087.0
2025-06-02,stock_val_1_250602.xls,委託内訳,生保・損保,買い,27681589.0,0.1,
2025-06-02,stock_val_1_250602.xls,委託内訳累計,生保・損保,買い,17262867.0,0.1,
2025-06-02,stock_val_1_250602.xls,委託内訳,都銀・地銀等,売り,53612272.0,0.2,-17899657.0
2025-06-02,stock_val_1_250602.xls,委託内訳累計,都銀・地銀等,売り,46572745.0,0.2,-23523789.0
2025-06-02,stock_val_1_250602.xls,委託内訳,都銀・地銀等,買い,35712615.0,0.2,
2025-06-02,stock_val_1_250602.xls,委託内訳累計,都銀・地銀等,買い,23048956.0,0.1,
2025-06-02,stock_val_1_250602.xls,委託内訳,都銀・地銀等,売り,950959694.0,4.3,-473836456.0
2025-06-02,stock_val_1_250602.xls,委託内訳累計,都銀・地銀等,売り,382546075.0,1.7,-25169482.0
2025-06-02,stock_val_1_250602.xls,委託内訳,都銀・地銀等,買い,477123238.0,2.1,
2025-06-02,stock_val_1_250602.xls,委託内訳累計,都銀・地銀等,買い,357376593.0,1.5,
2025-06-02,stock_val_1_250602.xls,委託内訳,都銀・地銀等,売り,26280388.0,0.1,-8258437.0
2025-06-02,stock_val_1_250602.xls,委託内訳累計,都銀・地銀等,売り,17516769.0,0.1,-4132739.0
2025-06-02,stock_val_1_250602.xls,委託内訳,都銀・地銀等,買い,18021951.0,0.1,
2025-06-02,stock_val_1_250602.xls,委託内訳累計,都銀・地銀等,買い,13384030.0,0.1,
2025-06-03,stock_val_1_250603.xls,委託内訳,海外投資家,売り,14596837959.0,64.1,
2025-06-03,stock_val_1_250603.xls,委託内訳累計,海外投資家,売り,16534203326.0,63.8,
2025-06-03,stock_val_1_250603.xls,委託内訳,海外投資家,買い,14696542913.0,63.7,99704954.0
2025-06-03,stock_val_1_250603.xls,委託内訳累計,海外投資家,買い,16622663225.0,64.0,88459899.0
2025-06-03,stock_val_1_250603.xls,委託内訳,証券会社,売り,103944865.0,0.5,-9388006.0
2025-06-03,stock_val_1_250603.xls,委託内訳累計,証券会社,売り,118408532.0,0.5,-12621726.0
2025-06-03,stock_val_1_250603.xls,委託内訳,証券会社,買い,94556859.0,0.4,
2025-06-03,stock_val_1_250603.xls,委託内訳累計,証券会社,買い,105786806.0,0.4,
2025-06-03,stock_val_1_250603.xls,委託内訳,投資信託,売り,342471810.0,1.5,-2647681.0
2025-06-03,stock_val_1_250603.xls,委託内訳累計,投資信託,売り,589252552.0,2.3,
2025-06-03,stock_val_1_250603.xls,委託内訳,投資信託,買い,339824129.0,1.5,
2025-06-03,stock_val_1_250603.xls,委託内訳累計,投資信託,買い,650649053.0,2.5,61396501.0
2025-06-03,stock_val_1_250603.xls,委託内訳,事業法人,売り,212087540.0,0.9,
2025-06-03,stock_val_1_250603.xls,委託内訳累計,事業法人,売り,272483468.0,1.1,
2025-06-03,stock_val_1_250603.xls,委託内訳,事業法人,買い,535077490.0,2.3,322989950.0
2025-06-03,stock_val_1_250603.xls,委託内訳累計,事業法人,買い,570034948.0,2.2,297551480.0
2025-06-03,stock_val_1_250603.xls,委託内訳,その他法人等,売り,36370211.0,0.2,
2025-06-03,stock_val_1_250603.xls,委託内訳累計,その他法人等,売り,49098248.0,0.2,
2025-06-03,stock_val_1_250603.xls,委託内訳,その他法人等,買い,65453669.0,0.3,29083458.0
2025-06-03,stock_val_1_250603.xls,委託内訳累計,その他法人等,買い,60262775.0,0.2,11164527.0
2025-06-03,stock_val_1_250603.xls,委託内訳,その他法人等,売り,547184543.0,2.4,-136112097.0
2025-06-03,stock_val_1_250603.xls,委託内訳累計,その他法人等,売り,823595993.0,3.2,-179985814.0
2025-06-03,stock_val_1_250603.xls,委託内訳,その他法人等,買い,411072446.0,1.8,
2025-06-03,stock_val_1_250603.xls,委託内訳累計,その他法人等,買い,643610179.0,2.5,
2025-06-03,stock_val_1_250603.xls,委託内訳,生保・損保,売り,100548954.0,0.4,-83286087.0
2025-06-03,stock_val_1_250603.xls,委託内訳累計,生保・損保,売り,58436084.0,0.2,-49401191.0
2025-06-03,stock_val_1_250603.xls,委託内訳,生保・損保,買い,17262867.0,0.1,
2025-06-03,stock_val_1_250603.xls,委託内訳累計,生保・損保,買い,9034893.0,0.0,
2025-06-03,stock_val_1_250603.xls,委託内訳,都銀・地銀等,売り,46572745.0,0.2,-23523789.0
2025-06-03,stock_val_1_250603.xls,委託内訳累計,都銀・地銀等,売り,41046273.0,0.2,-30950871.0
2025-06-03,stock_val_1_250603.xls,委託内訳,都銀・地銀等,買い,23048956.0,0.1,
2025-06-03,stock_val_1_250603.xls,委託内訳累計,都銀・地銀等,買い,10095402.0,0.0,
2025-06-03,stock_val_1_250603.xls,委託内訳,都銀・地銀等,売り,382546075.0,1.7,-25169482.0
2025-06-03,stock_val_1_250603.xls,委託内訳累計,都銀・地銀等,売り,706852949.0,2.7,-107371713.0
2025-06-03,stock_val_1_250603.xls,委託内訳,都銀・地銀等,買い,357376593.0,1.5,
2025-06-03,stock_val_1_250603.xls,委託内訳累計,都銀・地銀等,買い,599481236.0,2.3,
2025-06-03,stock_val_1_250603.xls,委託内訳,都銀・地銀等,売り,17516769.0,0.1,-4132739.0
2025-06-03,stock_val_1_250603.xls,委託内訳累計,都銀・地銀等,売り,17260687.0,0.1,
2025-06-03,stock_val_1_250603.xls,委託内訳,都銀・地銀等,買い,13384030.0,0.1,
2025-06-03,stock_val_1_250603.xls,委託内訳累計,都銀・地銀等,買い,24998648.0,0.1,7737961.0
2025-06-04,stock_val_1_250604.xls,委託内訳,海外投資家,売り,16534203326.0,63.8,
2025-06-04,stock_val_1_250604.xls,委託内訳累計,海外投資家,売り,15850198182.0,61.5,
2025-06-04,stock_val_1_250604.xls,委託内訳,海外投資家,買い,16622663225.0,64.0,88459899.0
2025-06-04,stock_val_1_250604.xls,委託内訳累計,海外投資家,買い,16190020386.0,63.1,339822204.0
2025-06-04,stock_val_1_250604.xls,委託内訳,証券会社,売り,118408532.0,0.5,-12621726.0
2025-06-04,stock_val_1_250604.xls,委託内訳累計,証券会社,売り,134422461.0,0.5,-17358043.0
2025-06-04,stock_val_1_250604.xls,委託内訳,証券会社,買い,105786806.0,0.4,
2025-06-04,stock_val_1_250604.xls,委託内訳累計,証券会社,買い,117064418.0,0.5,
2025-06-04,stock_val_1_250604.xls,委託内訳,投資信託,売り,589252552.0,2.3,
2025-06-04,stock_val_1_250604.xls,委託内訳累計,投資信託,売り,476979626.0,1.8,
2025-06-04,stock_val_1_250604.xls,委託内訳,投資信託,買い,650649053.0,2.5,61396501.0
2025-06-04,stock_val_1_250604.xls,委託内訳累計,投資信託,買い,597415342.0,2.3,120435716.0
2025-06-04,stock_val_1_250604.xls,委託内訳,事業法人,売り,272483468.0,1.1,
2025-06-04,stock_val_1_250604.xls,委託内訳累計,事業法人,売り,266294811.0,1.0,
2025-06-04,stock_val_1_250604.xls,委託内訳,事業法人,買い,570034948.0,2.2,297551480.0
2025-06-04,stock_val_1_250604.xls,委託内訳累計,事業法人,買い,308334220.0,1.2,42039409.0
2025-06-04,stock_val_1_250604.xls,委託内訳,その他法人等,売り,49098248.0,0.2,
2025-06-04,stock_val_1_250604.xls,委託内訳累計,その他法人等,売り,49800731.0,0.2,
2025-06-04,stock_val_1_250604.xls,委託内訳,その他法人等,買い,60262775.0,0.2,11164527.0
2025-06-04,stock_val_1_250604.xls,委託内訳累計,その他法人等,買い,106102769.0,0.4,56302038.0
2025-06-04,stock_val_1_250604.xls,委託内訳,その他法人等,売り,823595993.0,3.2,-179985814.0
2025-06-04,stock_val_1_250604.xls,委託内訳累計,その他法人等,売り,689792642.0,2.7,-89687490.0
2025-06-04,stock_val_1_250604.xls,委託内訳,その他法人等,買い,643610179.0,2.5,
2025-06-04,stock_val_1_250604.xls,委託内訳累計,その他法人等,買い,600105152.0,2.3,
2025-06-04,stock_val_1_250604.xls,委託内訳,生保・損保,売り,58436084.0,0.2,-49401191.0
2025-06-04,stock_val_1_250604.xls,委託内訳累計,生保・損保,売り,28235212.0,0.1,-615.0
2025-06-04,stock_val_1_250604.xls,委託内訳,生保・損保,買い,9034893.0,0.0,
2025-06-04,stock_val_1_250604.xls,委託内訳累計,生保・損保,買い,28234597.0,0.1,
2025-06-04,stock_val_1_250604.xls,委託内訳,都銀・地銀等,売り,41046273.0,0.2,-30950871.0
2025-06-04,stock_val_1_250604.xls,委託内訳累計,都銀・地銀等,売り,39445073.0,0.2,-11890784.0
2025-06-04,stock_val_1_250604.xls,委託内訳,都銀・地銀等,買い,10095402.0,0.0,
2025-06-04,stock_val_1_250604.xls,委託内訳累計,都銀・地銀等,買い,27554289.0,0.1,
2025-06-04,stock_val_1_250604.xls,委託内訳,都銀・地銀等,売り,706852949.0,2.7,-107371713.0
2025-06-04,stock_val_1_250604.xls,委託内訳累計,都銀・地銀等,売り,565886962.0,2.2,-47324832.0
2025-06-04,stock_val_1_250604.xls,委託内訳,都銀・地銀等,買い,599481236.0,2.3,
2025-06-04,stock_val_1_250604.xls,委託内訳累計,都銀・地銀等,買い,518562130.0,2.0,
2025-06-04,stock_val_1_250604.xls,委託内訳,都銀・地銀等,売り,17260687.0,0.1,
2025-06-04,stock_val_1_250604.xls,委託内訳累計,都銀・地銀等,売り,56225395.0,0.2,-30471259.0
2025-06-04,stock_val_1_250604.xls,委託内訳,都銀・地銀等,買い,24998648.0,0.1,7737961.0
2025-06-04,stock_val_1_250604.xls,委託内訳累計,都銀・地銀等,買い,25754136.0,0.1,
2025-07-01,stock_val_1_250701.xls,委託内訳,海外投資家,売り,15850198182.0,61.5,
2025-07-01,stock_val_1_250701.xls,委託内訳累計,海外投資家,売り,15895377483.0,61.9,
2025-07-01,stock_val_1_250701.xls,委託内訳,海外投資家,買い,16190020386.0,63.1,339822204.0
2025-07-01,stock_val_1_250701.xls,委託内訳累計,海外投資家,買い,16441014959.0,62.6,545637476.0
2025-07-01,stock_val_1_250701.xls,委託内訳,証券会社,売り,134422461.0,0.5,-17358043.0
2025-07-01,stock_val_1_250701.xls,委託内訳累計,証券会社,売り,106056829.0,0.4,
2025-07-01,stock_val_1_250701.xls,委託内訳,証券会社,買い,117064418.0,0.5,
2025-07-01,stock_val_1_250701.xls,委託内訳累計,証券会社,買い,110534752.0,0.4,4477923.0
2025-07-01,stock_val_1_250701.xls,委託内訳,投資信託,売り,476979626.0,1.8,
2025-07-01,stock_val_1_250701.xls,委託内訳累計,投資信託,売り,698090761.0,2.7,-156189504.0
2025-07-01,stock_val_1_250701.xls,委託内訳,投資信託,買い,597415342.0,2.3,120435716.0
2025-07-01,stock_val_1_250701.xls,委託内訳累計,投資信託,買い,541901257.0,2.1,
2025-07-01,stock_val_1_250701.xls,委託内訳,事業法人,売り,266294811.0,1.0,
2025-07-01,stock_val_1_250701.xls,委託内訳累計,事業法人,売り,231917453.0,0.9,
2025-07-01,stock_val_1_250701.xls,委託内訳,事業法人,買い,308334220.0,1.2,42039409.0
2025-07-01,stock_val_1_250701.xls,委託内訳累計,事業法人,買い,477397156.0,1.8,245479703.0
2025-07-01,stock_val_1_250701.xls,委託内訳,その他法人等,売り,49800731.0,0.2,
2025-07-01,stock_val_1_250701.xls,委託内訳累計,その他法人等,売り,80147902.0,0.3,
2025-07-01,stock_val_1_250701.xls,委託内訳,その他法人等,買い,106102769.0,0.4,56302038.0
2025-07-01,stock_val_1_250701.xls,委託内訳累計,その他法人等,買い,89869354.0,0.3,9721452.0
2025-07-01,stock_val_1_250701.xls,委託内訳,その他法人等,売り,689792642.0,2.7,-89687490.0
2025-07-01,stock_val_1_250701.xls,委託内訳累計,その他法人等,売り,787082417.0,3.1,-111198.0
2025-07-01,stock_val_1_250701.xls,委託内訳,その他法人等,買い,600105152.0,2.3,
2025-07-01,stock_val_1_250701.xls,委託内訳累計,その他法人等,買い,786971219.0,3.0,
2025-07-01,stock_val_1_250701.xls,委託内訳,生保・損保,売り,28235212.0,0.1,-615.0
2025-07-01,stock_val_1_250701.xls,委託内訳累計,生保・損保,売り,58752569.0,0.2,-52287721.0
2025-07-01,stock_val_1_250701.xls,委託内訳,生保・損保,買い,28234597.0,0.1,
2025-07-01,stock_val_1_250701.xls,委託内訳累計,生保・損保,買い,6464848.0,0.0,
2025-07-01,stock_val_1_250701.xls,委託内訳,都銀・地銀等,売り,39445073.0,0.2,-11890784.0
2025-07-01,stock_val_1_250701.xls,委託内訳累計,都銀・地銀等,売り,31124500.0,0.1,-23105214.0
2025-07-01,stock_val_1_250701.xls,委託内訳,都銀・地銀等,買い,27554289.0,0.1,
2025-07-01,stock_val_1_250701.xls,委託内訳累計,都銀・地銀等,買い,8019286.0,0.0,
2025-07-01,stock_val_1_250701.xls,委託内訳,都銀・地銀等,売り,565886962.0,2.2,-47324832.0
2025-07-01,stock_val_1_250701.xls,委託内訳累計,都銀・地銀等,売り,662878969.0,2.6,
2025-07-01,stock_val_1_250701.xls,委託内訳,都銀・地銀等,買い,518562130.0,2.0,
2025-07-01,stock_val_1_250701.xls,委託内訳累計,都銀・地銀等,買い,747683565.0,2.8,84804596.0
2025-07-01,stock_val_1_250701.xls,委託内訳,都銀・地銀等,売り,56225395.0,0.2,-30471259.0
2025-07-01,stock_val_1_250701.xls,委託内訳累計,都銀・地銀等,売り,34326379.0,0.1,-9522859.0
2025-07-01,stock_val_1_250701.xls,委託内訳,都銀・地銀等,買い,25754136.0,0.1,
2025-07-01,stock_val_1_250701.xls,委託内訳累計,都銀・地銀等,買い,24803520.0,0.1,
2025-07-02,stock_val_1_250702.xls,委託内訳,海外投資家,売り,15895377483.0,61.9,
2025-07-02,stock_val_1_250702.xls,委託内訳累計,海外投資家,売り,15036321406.0,63.4,
2025-07-02,stock_val_1_250702.xls,委託内訳,海外投資家,買い,16441014959.0,62.6,545637476.0
2025-07-02,stock_val_1_250702.xls,委託内訳累計,海外投資家,買い,15439406537.0,64.8,403085131.0
2025-07-02,stock_val_1_250702.xls,委託内訳,証券会社,売り,106056829.0,0.4,
2025-07-02,stock_val_1_250702.xls,委託内訳累計,証券会社,売り,106391231.0,0.4,
2025-07-02,stock_val_1_250702.xls,委託内訳,証券会社,買い,110534752.0,0.4,4477923.0
2025-07-02,stock_val_1_250702.xls,委託内訳累計,証券会社,買い,108825180.0,0.5,2433949.0
2025-07-02,stock_val_1_250702.xls,委託内訳,投資信託,売り,698090761.0,2.7,-156189504.0
2025-07-02,stock_val_1_250702.xls,委託内訳累計,投資信託,売り,850889155.0,3.6,-442782603.0
2025-07-02,stock_val_1_250702.xls,委託内訳,投資信託,買い,541901257.0,2.1,
2025-07-02,stock_val_1_250702.xls,委託内訳累計,投資信託,買い,408106552.0,1.7,
2025-07-02,stock_val_1_250702.xls,委託内訳,事業法人,売り,231917453.0,0.9,
2025-07-02,stock_val_1_250702.xls,委託内訳累計,事業法人,売り,240975686.0,1.0,
2025-07-02,stock_val_1_250702.xls,委託内訳,事業法人,買い,477397156.0,1.8,245479703.0
2025-07-02,stock_val_1_250702.xls,委託内訳累計,事業法人,買い,469061906.0,2.0,228086220.0
2025-07-02,stock_val_1_250702.xls,委託内訳,その他法人等,売り,80147902.0,0.3,
2025-07-02,stock_val_1_250702.xls,委託内訳累計,その他法人等,売り,56947199.0,0.2,
2025-07-02,stock_val_1_250702.xls,委託内訳,その他法人等,買い,89869354.0,0.3,9721452.0
2025-07-02,stock_val_1_250702.xls,委託内訳累計,その他法人等,買い,105743990.0,0.4,48796791.0
2025-07-02,stock_val_1_250702.xls,委託内訳,その他法人等,売り,787082417.0,3.1,-111198.0
2025-07-02,stock_val_1_250702.xls,委託内訳累計,その他法人等,売り,549567852.0,2.3,-68411668.0
2025-07-02,stock_val_1_250702.xls,委託内訳,その他法人等,買い,786971219.0,3.0,
2025-07-02,stock_val_1_250702.xls,委託内訳累計,その他法人等,買い,481156184.0,2.0,
2025-07-02,stock_val_1_250702.xls,委託内訳,生保・損保,売り,58752569.0,0.2,-52287721.0
2025-07-02,stock_val_1_250702.xls,委託内訳累計,生保・損保,売り,49591185.0,0.2,-2136979.0
2025-07-02,stock_val_1_250702.xls,委託内訳,生保・損保,買い,6464848.0,0.0,
2025-07-02,stock_val_1_250702.xls,委託内訳累計,生保・損保,買い,47454206.0,0.2,
2025-07-02,stock_val_1_250702.xls,委託内訳,都銀・地銀等,売り,31124500.0,0.1,-23105214.0
2025-07-02,stock_val_1_250702.xls,委託内訳累計,都銀・地銀等,売り,52293657.0,0.2,-27560303.0
2025-07-02,stock_val_1_250702.xls,委託内訳,都銀・地銀等,買い,8019286.0,0.0,
2025-07-02,stock_val_1_250702.xls,委託内訳累計,都銀・地銀等,買い,24733354.0,0.1,
2025-07-02,stock_val_1_250702.xls,委託内訳,都銀・地銀等,売り,662878969.0,2.6,
2025-07-02,stock_val_1_250702.xls,委託内訳累計,都銀・地銀等,売り,423442230.0,1.8,-35303818.0
2025-07-02,stock_val_1_250702.xls,委託内訳,都銀・地銀等,買い,747683565.0,2.8,84804596.0
2025-07-02,stock_val_1_250702.xls,委託内訳累計,都銀・地銀等,買い,388138412.0,1.6,
2025-07-02,stock_val_1_250702.xls,委託内訳,都銀・地銀等,売り,34326379.0,0.1,-9522859.0
2025-07-02,stock_val_1_250702.xls,委託内訳累計,都銀・地銀等,売り,24240780.0,0.1,-3410568.0
2025-07-02,stock_val_1_250702.xls,委託内訳,都銀・地銀等,買い,24803520.0,0.1,
2025-07-02,stock_val_1_250702.xls,委託内訳累計,都銀・地銀等,買い,20830212.0,0.1,
2025-07-03,stock_val_1_250703.xls,委託内訳,海外投資家,売り,15036321406.0,63.4,
2025-07-03,stock_val_1_250703.xls,委託内訳累計,海外投資家,売り,14010147565.0,62.3,
2025-07-03,stock_val_1_250703.xls,委託内訳,海外投資家,買い,15439406537.0,64.8,403085131.0
2025-07-03,stock_val_1_250703.xls,委託内訳累計,海外投資家,買い,14197655880.0,62.3,187508315.0
2025-07-03,stock_val_1_250703.xls,委託内訳,証券会社,売り,106391231.0,0.4,
2025-07-03,stock_val_1_250703.xls,委託内訳累計,証券会社,売り,94255229.0,0.4,-1383632.0
2025-07-03,stock_val_1_250703.xls,委託内訳,証券会社,買い,108825180.0,0.5,2433949.0
2025-07-03,stock_val_1_250703.xls,委託内訳累計,証券会社,買い,92871597.0,0.4,
2025-07-03,stock_val_1_250703.xls,委託内訳,投資信託,売り,850889155.0,3.6,-442782603.0
2025-07-03,stock_val_1_250703.xls,委託内訳累計,投資信託,売り,299657016.0,1.3,
2025-07-03,stock_val_1_250703.xls,委託内訳,投資信託,買い,408106552.0,1.7,
2025-07-03,stock_val_1_250703.xls,委託内訳累計,投資信託,買い,358131599.0,1.6,58474583.0
2025-07-03,stock_val_1_250703.xls,委託内訳,事業法人,売り,240975686.0,1.0,
2025-07-03,stock_val_1_250703.xls,委託内訳累計,事業法人,売り,235694741.0,1.0,
2025-07-03,stock_val_1_250703.xls,委託内訳,事業法人,買い,469061906.0,2.0,228086220.0
2025-07-03,stock_val_1_250703.xls,委託内訳累計,事業法人,買い,451967036.0,2.0,216272295.0
2025-07-03,stock_val_1_250703.xls,委託内訳,その他法人等,売り,56947199.0,0.2,
2025-07-03,stock_val_1_250703.xls,委託内訳累計,その他法人等,売り,64687651.0,0.3,
2025-07-03,stock_val_1_250703.xls,委託内訳,その他法人等,買い,105743990.0,0.4,48796791.0
2025-07-03,stock_val_1_250703.xls,委託内訳累計,その他法人等,買い,77540992.0,0.3,12853341.0
2025-07-03,stock_val_1_250703.xls,委託内訳,その他法人等,売り,549567852.0,2.3,-68411668.0
2025-07-03,stock_val_1_250703.xls,委託内訳累計,その他法人等,売り,521722241.0,2.3,-85752873.0
2025-07-03,stock_val_1_250703.xls,委託内訳,その他法人等,買い,481156184.0,2.0,
2025-07-03,stock_val_1_250703.xls,委託内訳累計,その他法人等,買い,435969368.0,1.9,
2025-07-03,stock_val_1_250703.xls,委託内訳,生保・損保,売り,49591185.0,0.2,-2136979.0
2025-07-03,stock_val_1_250703.xls,委託内訳累計,生保・損保,売り,58947139.0,0.3,-42082666.0
2025-07-03,stock_val_1_250703.xls,委託内訳,生保・損保,買い,47454206.0,0.2,
2025-07-03,stock_val_1_250703.xls,委託内訳累計,生保・損保,買い,16864473.0,0.1,
2025-07-03,stock_val_1_250703.xls,委託内訳,都銀・地銀等,売り,52293657.0,0.2,-27560303.0
2025-07-03,stock_val_1_250703.xls,委託内訳累計,都銀・地銀等,売り,60663027.0,0.3,-49543845.0
2025-07-03,stock_val_1_250703.xls,委託内訳,都銀・地銀等,買い,24733354.0,0.1,
2025-07-03,stock_val_1_250703.xls,委託内訳累計,都銀・地銀等,買い,11119182.0,0.0,
2025-07-03,stock_val_1_250703.xls,委託内訳,都銀・地銀等,売り,423442230.0,1.8,-35303818.0
2025-07-03,stock_val_1_250703.xls,委託内訳累計,都銀・地銀等,売り,367394330.0,1.6,
2025-07-03,stock_val_1_250703.xls,委託内訳,都銀・地銀等,買い,388138412.0,1.6,
2025-07-03,stock_val_1_250703.xls,委託内訳累計,都銀・地銀等,買い,378185188.0,1.7,10790858.0
2025-07-03,stock_val_1_250703.xls,委託内訳,都銀・地銀等,売り,24240780.0,0.1,-3410568.0
2025-07-03,stock_val_1_250703.xls,委託内訳累計,都銀・地銀等,売り,34717745.0,0.2,-4917220.0
2025-07-03,stock_val_1_250703.xls,委託内訳,都銀・地銀等,買い,20830212.0,0.1,
2025-07-03,stock_val_1_250703.xls,委託内訳累計,都銀・地銀等,買い,29800525.0,0.1,
2025-07-04,stock_val_1_250704.xls,委託内訳,海外投資家,売り,14010147565.0,62.3,
2025-07-04,stock_val_1_250704.xls,委託内訳累計,海外投資家,売り,14844068172.0,62.6,
2025-07-04,stock_val_1_250704.xls,委託内訳,海外投資家,買い,14197655880.0,62.3,187508315.0
2025-07-04,stock_val_1_250704.xls,委託内訳累計,海外投資家,買い,15446463211.0,66.8,602395039.0
2025-07-04,stock_val_1_250704.xls,委託内訳,証券会社,売り,94255229.0,0.4,-1383632.0
2025-07-04,stock_val_1_250704.xls,委託内訳累計,証券会社,売り,139872299.0,0.6,-26274929.0
2025-07-04,stock_val_1_250704.xls,委託内訳,証券会社,買い,92871597.0,0.4,
2025-07-04,stock_val_1_250704.xls,委託内訳累計,証券会社,買い,113597370.0,0.5,
2025-07-04,stock_val_1_250704.xls,委託内訳,投資信託,売り,299657016.0,1.3,
2025-07-04,stock_val_1_250704.xls,委託内訳累計,投資信託,売り,426485745.0,1.8,-22253055.0
2025-07-04,stock_val_1_250704.xls,委託内訳,投資信託,買い,358131599.0,1.6,58474583.0
2025-07-04,stock_val_1_250704.xls,委託内訳累計,投資信託,買い,404232690.0,1.7,
2025-07-04,stock_val_1_250704.xls,委託内訳,事業法人,売り,235694741.0,1.0,
2025-07-04,stock_val_1_250704.xls,委託内訳累計,事業法人,売り,340142443.0,1.4,
2025-07-04,stock_val_1_250704.xls,委託内訳,事業法人,買い,451967036.0,2.0,216272295.0
2025-07-04,stock_val_1_250704.xls,委託内訳累計,事業法人,買い,434746801.0,1.9,94604358.0
2025-07-04,stock_val_1_250704.xls,委託内訳,その他法人等,売り,64687651.0,0.3,
2025-07-04,stock_val_1_250704.xls,委託内訳累計,その他法人等,売り,73851916.0,0.3,
2025-07-04,stock_val_1_250704.xls,委託内訳,その他法人等,買い,77540992.0,0.3,12853341.0
2025-07-04,stock_val_1_250704.xls,委託内訳累計,その他法人等,買い,106028808.0,0.5,32176892.0
2025-07-04,stock_val_1_250704.xls,委託内訳,その他法人等,売り,521722241.0,2.3,-85752873.0
2025-07-04,stock_val_1_250704.xls,委託内訳累計,その他法人等,売り,503786483.0,2.1,-39668234.0
2025-07-04,stock_val_1_250704.xls,委託内訳,その他法人等,買い,435969368.0,1.9,
2025-07-04,stock_val_1_250704.xls,委託内訳累計,その他法人等,買い,464118249.0,2.0,
2025-07-04,stock_val_1_250704.xls,委託内訳,生保・損保,売り,58947139.0,0.3,-42082666.0
2025-07-04,stock_val_1_250704.xls,委託内訳累計,生保・損保,売り,47182477.0,0.2,-32254575.0
2025-07-04,stock_val_1_250704.xls,委託内訳,生保・損保,買い,16864473.0,0.1,
2025-07-04,stock_val_1_250704.xls,委託内訳累計,生保・損保,買い,14927902.0,0.1,
2025-07-04,stock_val_1_250704.xls,委託内訳,都銀・地銀等,売り,60663027.0,0.3,-49543845.0
2025-07-04,stock_val_1_250704.xls,委託内訳累計,都銀・地銀等,売り,30168188.0,0.1,-22974149.0
2025-07-04,stock_val_1_250704.xls,委託内訳,都銀・地銀等,買い,11119182.0,0.0,
2025-07-04,stock_val_1_250704.xls,委託内訳累計,都銀・地銀等,買い,7194039.0,0.0,
2025-07-04,stock_val_1_250704.xls,委託内訳,都銀・地銀等,売り,367394330.0,1.6,
2025-07-04,stock_val_1_250704.xls,委託内訳累計,都銀・地銀等,売り,386806380.0,1.6,
2025-07-04,stock_val_1_250704.xls,委託内訳,都銀・地銀等,買い,378185188.0,1.7,10790858.0
2025-07-04,stock_val_1_250704.xls,委託内訳累計,都銀・地銀等,買い,425390951.0,1.8,38584571.0
2025-07-04,stock_val_1_250704.xls,委託内訳,都銀・地銀等,売り,34717745.0,0.2,-4917220.0
2025-07-04,stock_val_1_250704.xls,委託内訳累計,都銀・地銀等,売り,39629438.0,0.2,-23024081.0
2025-07-04,stock_val_1_250704.xls,委託内訳,都銀・地銀等,買い,29800525.0,0.1,
2025-07-04,stock_val_1_250704.xls,委託内訳累計,都銀・地銀等,買い,16605357.0,0.1,
2025-07-05,stock_val_1_250705.xls,委託内訳,海外投資家,売り,14844068172.0,62.6,
2025-07-05,stock_val_1_250705.xls,委託内訳累計,海外投資家,売り,17014419910.0,64.4,-189205698.0
2025-07-05,stock_val_1_250705.xls,委託内訳,海外投資家,買い,15446463211.0,66.8,602395039.0
2025-07-05,stock_val_1_250705.xls,委託内訳累計,海外投資家,買い,16825214212.0,64.3,
2025-07-05,stock_val_1_250705.xls,委託内訳,証券会社,売り,139872299.0,0.6,-26274929.0
2025-07-05,stock_val_1_250705.xls,委託内訳累計,証券会社,売り,111604906.0,0.4,-5814351.0
2025-07-05,stock_val_1_250705.xls,委託内訳,証券会社,買い,113597370.0,0.5,
2025-07-05,stock_val_1_250705.xls,委託内訳累計,証券会社,買い,105790555.0,0.4,
2025-07-05,stock_val_1_250705.xls,委託内訳,投資信託,売り,426485745.0,1.8,-22253055.0
2025-07-05,stock_val_1_250705.xls,委託内訳累計,投資信託,売り,702348586.0,2.7,
2025-07-05,stock_val_1_250705.xls,委託内訳,投資信託,買い,404232690.0,1.7,
2025-07-05,stock_val_1_250705.xls,委託内訳累計,投資信託,買い,761287170.0,2.9,58938584.0
2025-07-05,stock_val_1_250705.xls,委託内訳,事業法人,売り,340142443.0,1.4,
2025-07-05,stock_val_1_250705.xls,委託内訳累計,事業法人,売り,237166863.0,0.9,
2025-07-05,stock_val_1_250705.xls,委託内訳,事業法人,買い,434746801.0,1.9,94604358.0
2025-07-05,stock_val_1_250705.xls,委託内訳累計,事業法人,買い,523769597.0,2.0,286602734.0
2025-07-05,stock_val_1_250705.xls,委託内訳,その他法人等,売り,73851916.0,0.3,
2025-07-05,stock_val_1_250705.xls,委託内訳累計,その他法人等,売り,80080427.0,0.3,
2025-07-05,stock_val_1_250705.xls,委託内訳,その他法人等,買い,106028808.0,0.5,32176892.0
2025-07-05,stock_val_1_250705.xls,委託内訳累計,その他法人等,買い,82057682.0,0.3,1977255.0
2025-07-05,stock_val_1_250705.xls,委託内訳,その他法人等,売り,503786483.0,2.1,-39668234.0
2025-07-05,stock_val_1_250705.xls,委託内訳累計,その他法人等,売り,1020844713.0,3.9,-415783161.0
2025-07-05,stock_val_1_250705.xls,委託内訳,その他法人等,買い,464118249.0,2.0,
2025-07-05,stock_val_1_250705.xls,委託内訳累計,その他法人等,買い,605061552.0,2.3,
2025-07-05,stock_val_1_250705.xls,委託内訳,生保・損保,売り,47182477.0,0.2,-32254575.0
2025-07-05,stock_val_1_250705.xls,委託内訳累計,生保・損保,売り,296975902.0,1.1,-282071382.0
2025-07-05,stock_val_1_250705.xls,委託内訳,生保・損保,買い,14927902.0,0.1,
2025-07-05,stock_val_1_250705.xls,委託内訳累計,生保・損保,買い,14904520.0,0.1,
2025-07-05,stock_val_1_250705.xls,委託内訳,都銀・地銀等,売り,30168188.0,0.1,-22974149.0
2025-07-05,stock_val_1_250705.xls,委託内訳累計,都銀・地銀等,売り,49392788.0,0.2,-36940117.0
2025-07-05,stock_val_1_250705.xls,委託内訳,都銀・地銀等,買い,7194039.0,0.0,
2025-07-05,stock_val_1_250705.xls,委託内訳累計,都銀・地銀等,買い,12452671.0,0.0,
2025-07-05,stock_val_1_250705.xls,委託内訳,都銀・地銀等,売り,386806380.0,1.6,
2025-07-05,stock_val_1_250705.xls,委託内訳累計,都銀・地銀等,売り,656331896.0,2.5,-100216389.0
2025-07-05,stock_val_1_250705.xls,委託内訳,都銀・地銀等,買い,425390951.0,1.8,38584571.0
2025-07-05,stock_val_1_250705.xls,委託内訳累計,都銀・地銀等,買い,556115507.0,2.1,
2025-07-05,stock_val_1_250705.xls,委託内訳,都銀・地銀等,売り,39629438.0,0.2,-23024081.0
2025-07-05,stock_val_1_250705.xls,委託内訳累計,都銀・地銀等,売り,18144127.0,0.1,
2025-07-05,stock_val_1_250705.xls,委託内訳,都銀・地銀等,買い,16605357.0,0.1,
2025-07-05,stock_val_1_250705.xls,委託内訳累計,都銀・地銀等,買い,21588854.0,0.1,3444727.0
2025-08-01,stock_val_1_250801.xls,委託内訳,海外投資家,売り,17014419910.0,64.4,-189205698.0
2025-08-01,stock_val_1_250801.xls,委託内訳累計,海外投資家,売り,19878695646.0,65.4,-5334314.0
2025-08-01,stock_val_1_250801.xls,委託内訳,海外投資家,買い,16825214212.0,64.3,
2025-08-01,stock_val_1_250801.xls,委託内訳累計,海外投資家,買い,19873361332.0,66.8,
2025-08-01,stock_val_1_250801.xls,委託内訳,証券会社,売り,111604906.0,0.4,-5814351.0
2025-08-01,stock_val_1_250801.xls,委託内訳累計,証券会社,売り,170835114.0,0.6,-19665860.0
2025-08-01,stock_val_1_250801.xls,委託内訳,証券会社,買い,105790555.0,0.4,
2025-08-01,stock_val_1_250801.xls,委託内訳累計,証券会社,買い,151169254.0,0.5,
2025-08-01,stock_val_1_250801.xls,委託内訳,投資信託,売り,702348586.0,2.7,
2025-08-01,stock_val_1_250801.xls,委託内訳累計,投資信託,売り,410800325.0,1.4,-38022283.0
2025-08-01,stock_val_1_250801.xls,委託内訳,投資信託,買い,761287170.0,2.9,58938584.0
2025-08-01,stock_val_1_250801.xls,委託内訳累計,投資信託,買い,372778042.0,1.3,
2025-08-01,stock_val_1_250801.xls,委託内訳,事業法人,売り,237166863.0,0.9,
2025-08-01,stock_val_1_250801.xls,委託内訳累計,事業法人,売り,316689327.0,1.0,
2025-08-01,stock_val_1_250801.xls,委託内訳,事業法人,買い,523769597.0,2.0,286602734.0
2025-08-01,stock_val_1_250801.xls,委託内訳累計,事業法人,買い,562710168.0,1.9,246020841.0
2025-08-01,stock_val_1_250801.xls,委託内訳,その他法人等,売り,80080427.0,0.3,
2025-08-01,stock_val_1_250801.xls,委託内訳累計,その他法人等,売り,77504243.0,0.3,-15861037.0
2025-08-01,stock_val_1_250801.xls,委託内訳,その他法人等,買い,82057682.0,0.3,1977255.0
2025-08-01,stock_val_1_250801.xls,委託内訳累計,その他法人等,買い,61643206.0,0.2,
2025-08-01,stock_val_1_250801.xls,委託内訳,その他法人等,売り,1020844713.0,3.9,-415783161.0
2025-08-01,stock_val_1_250801.xls,委託内訳累計,その他法人等,売り,694816235.0,2.3,-214315566.0
2025-08-01,stock_val_1_250801.xls,委託内訳,その他法人等,買い,605061552.0,2.3,
2025-08-01,stock_val_1_250801.xls,委託内訳累計,その他法人等,買い,480500669.0,1.6,
2025-08-01,stock_val_1_250801.xls,委託内訳,生保・損保,売り,296975902.0,1.1,-282071382.0
2025-08-01,stock_val_1_250801.xls,委託内訳累計,生保・損保,売り,56017651.0,0.2,-42587972.0
2025-08-01,stock_val_1_250801.xls,委託内訳,生保・損保,買い,14904520.0,0.1,
2025-08-01,stock_val_1_250801.xls,委託内訳累計,生保・損保,買い,13429679.0,0.0,
2025-08-01,stock_val_1_250801.xls,委託内訳,都銀・地銀等,売り,49392788.0,0.2,-36940117.0
2025-08-01,stock_val_1_250801.xls,委託内訳累計,都銀・地銀等,売り,68999684.0,0.2,-53093331.0
2025-08-01,stock_val_1_250801.xls,委託内訳,都銀・地銀等,買い,12452671.0,0.0,
2025-08-01,stock_val_1_250801.xls,委託内訳累計,都銀・地銀等,買い,15906353.0,0.1,
2025-08-01,stock_val_1_250801.xls,委託内訳,都銀・地銀等,売り,656331896.0,2.5,-100216389.0
2025-08-01,stock_val_1_250801.xls,委託内訳累計,都銀・地銀等,売り,533969368.0,1.8,-116562270.0
2025-08-01,stock_val_1_250801.xls,委託内訳,都銀・地銀等,買い,556115507.0,2.1,
2025-08-01,stock_val_1_250801.xls,委託内訳累計,都銀・地銀等,買い,417407098.0,1.4,
2025-08-01,stock_val_1_250801.xls,委託内訳,都銀・地銀等,売り,18144127.0,0.1,
2025-08-01,stock_val_1_250801.xls,委託内訳累計,都銀・地銀等,売り,35829532.0,0.1,-2071993.0
2025-08-01,stock_val_1_250801.xls,委託内訳,都銀・地銀等,買い,21588854.0,0.1,3444727.0
2025-08-01,stock_val_1_250801.xls,委託内訳累計,都銀・地銀等,買い,33757539.0,0.1,
2025-08-02,stock_val_1_250802.xls,委託内訳,海外投資家,売り,19878695646.0,65.4,-5334314.0
2025-08-02,stock_val_1_250802.xls,委託内訳累計,海外投資家,売り,16691868129.0,61.2,
2025-08-02,stock_val_1_250802.xls,委託内訳,海外投資家,買い,19873361332.0,66.8,
2025-08-02,stock_val_1_250802.xls,委託内訳累計,海外投資家,買い,17265643871.0,65.0,573775742.0
2025-08-02,stock_val_1_250802.xls,委託内訳,証券会社,売り,170835114.0,0.6,-19665860.0
2025-08-02,stock_val_1_250802.xls,委託内訳累計,証券会社,売り,135554820.0,0.5,-28171336.0
2025-08-02,stock_val_1_250802.xls,委託内訳,証券会社,買い,151169254.0,0.5,
2025-08-02,stock_val_1_250802.xls,委託内訳累計,証券会社,買い,107383484.0,0.4,
2025-08-02,stock_val_1_250802.xls,委託内訳,投資信託,売り,410800325.0,1.4,-38022283.0
2025-08-02,stock_val_1_250802.xls,委託内訳累計,投資信託,売り,456623724.0,1.7,
2025-08-02,stock_val_1_250802.xls,委託内訳,投資信託,買い,372778042.0,1.3,
2025-08-02,stock_val_1_250802.xls,委託内訳累計,投資信託,買い,466594954.0,1.8,9971230.0
2025-08-02,stock_val_1_250802.xls,委託内訳,事業法人,売り,316689327.0,1.0,
2025-08-02,stock_val_1_250802.xls,委託内訳累計,事業法人,売り,315103300.0,1.2,
2025-08-02,stock_val_1_250802.xls,委託内訳,事業法人,買い,562710168.0,1.9,246020841.0
2025-08-02,stock_val_1_250802.xls,委託内訳累計,事業法人,買い,496224493.0,1.9,181121193.0
2025-08-02,stock_val_1_250802.xls,委託内訳,その他法人等,売り,77504243.0,0.3,-15861037.0
2025-08-02,stock_val_1_250802.xls,委託内訳累計,その他法人等,売り,70806474.0,0.3,-23030224.0
2025-08-02,stock_val_1_250802.xls,委託内訳,その他法人等,買い,61643206.0,0.2,
2025-08-02,stock_val_1_250802.xls,委託内訳累計,その他法人等,買い,47776250.0,0.2,
2025-08-02,stock_val_1_250802.xls,委託内訳,その他法人等,売り,694816235.0,2.3,-214315566.0
2025-08-02,stock_val_1_250802.xls,委託内訳累計,その他法人等,売り,703044361.0,2.6,-298689694.0
2025-08-02,stock_val_1_250802.xls,委託内訳,その他法人等,買い,480500669.0,1.6,
2025-08-02,stock_val_1_250802.xls,委託内訳累計,その他法人等,買い,404354667.0,1.5,
2025-08-02,stock_val_1_250802.xls,委託内訳,生保・損保,売り,56017651.0,0.2,-42587972.0
2025-08-02,stock_val_1_250802.xls,委託内訳累計,生保・損保,売り,45925767.0,0.2,-39562370.0
2025-08-02,stock_val_1_250802.xls,委託内訳,生保・損保,買い,13429679.0,0.0,
2025-08-02,stock_val_1_250802.xls,委託内訳累計,生保・損保,買い,6363397.0,0.0,
2025-08-02,stock_val_1_250802.xls,委託内訳,都銀・地銀等,売り,68999684.0,0.2,-53093331.0
2025-08-02,stock_val_1_250802.xls,委託内訳累計,都銀・地銀等,売り,50841562.0,0.2,-41224989.0
2025-08-02,stock_val_1_250802.xls,委託内訳,都銀・地銀等,買い,15906353.0,0.1,
2025-08-02,stock_val_1_250802.xls,委託内訳累計,都銀・地銀等,買い,9616573.0,0.0,
2025-08-02,stock_val_1_250802.xls,委託内訳,都銀・地銀等,売り,533969368.0,1.8,-116562270.0
2025-08-02,stock_val_1_250802.xls,委託内訳累計,都銀・地銀等,売り,576876910.0,2.1,-216505472.0
2025-08-02,stock_val_1_250802.xls,委託内訳,都銀・地銀等,買い,417407098.0,1.4,
2025-08-02,stock_val_1_250802.xls,委託内訳累計,都銀・地銀等,買い,360371438.0,1.4,
2025-08-02,stock_val_1_250802.xls,委託内訳,都銀・地銀等,売り,35829532.0,0.1,-2071993.0
2025-08-02,stock_val_1_250802.xls,委託内訳累計,都銀・地銀等,売り,29400122.0,0.1,-1396863.0
2025-08-02,stock_val_1_250802.xls,委託内訳,都銀・地銀等,買い,33757539.0,0.1,
2025-08-02,stock_val_1_250802.xls,委託内訳累計,都銀・地銀等,買い,28003259.0,0.1,
2025-08-03,stock_val_1_250803.xls,委託内訳,海外投資家,売り,16691868129.0,61.2,
2025-08-03,stock_val_1_250803.xls,委託内訳累計,海外投資家,売り,16295932237.0,62.8,-198867487.0
2025-08-03,stock_val_1_250803.xls,委託内訳,海外投資家,買い,17265643871.0,65.0,573775742.0
2025-08-03,stock_val_1_250803.xls,委託内訳累計,海外投資家,買い,16097064750.0,62.6,
2025-08-03,stock_val_1_250803.xls,委託内訳,証券会社,売り,135554820.0,0.5,-28171336.0
2025-08-03,stock_val_1_250803.xls,委託内訳累計,証券会社,売り,128535680.0,0.5,-2943779.0
2025-08-03,stock_val_1_250803.xls,委託内訳,証券会社,買い,107383484.0,0.4,
2025-08-03,stock_val_1_250803.xls,委託内訳累計,証券会社,買い,125591901.0,0.5,
2025-08-03,stock_val_1_250803.xls,委託内訳,投資信託,売り,456623724.0,1.7,
2025-08-03,stock_val_1_250803.xls,委託内訳累計,投資信託,売り,620222550.0,2.4,-291042745.0
2025-08-03,stock_val_1_250803.xls,委託内訳,投資信託,買い,466594954.0,1.8,9971230.0
2025-08-03,stock_val_1_250803.xls,委託内訳累計,投資信託,買い,329179805.0,1.3,
2025-08-03,stock_val_1_250803.xls,委託内訳,事業法人,売り,315103300.0,1.2,
2025-08-03,stock_val_1_250803.xls,委託内訳累計,事業法人,売り,321308449.0,1.2,
2025-08-03,stock_val_1_250803.xls,委託内訳,事業法人,買い,496224493.0,1.9,181121193.0
2025-08-03,stock_val_1_250803.xls,委託内訳累計,事業法人,買い,558751370.0,2.2,237442921.0
2025-08-03,stock_val_1_250803.xls,委託内訳,その他法人等,売り,70806474.0,0.3,-23030224.0
2025-08-03,stock_val_1_250803.xls,委託内訳累計,その他法人等,売り,57676478.0,0.2,
2025-08-03,stock_val_1_250803.xls,委託内訳,その他法人等,買い,47776250.0,0.2,
2025-08-03,stock_val_1_250803.xls,委託内訳累計,その他法人等,買い,59294821.0,0.2,1618343.0
2025-08-03,stock_val_1_250803.xls,委託内訳,その他法人等,売り,703044361.0,2.6,-298689694.0
2025-08-03,stock_val_1_250803.xls,委託内訳累計,その他法人等,売り,592729301.0,2.3,-105002227.0
2025-08-03,stock_val_1_250803.xls,委託内訳,その他法人等,買い,404354667.0,1.5,
2025-08-03,stock_val_1_250803.xls,委託内訳累計,その他法人等,買い,487727074.0,1.9,
2025-08-03,stock_val_1_250803.xls,委託内訳,生保・損保,売り,45925767.0,0.2,-39562370.0
2025-08-03,stock_val_1_250803.xls,委託内訳累計,生保・損保,売り,65125154.0,0.3,-59616424.0
2025-08-03,stock_val_1_250803.xls,委託内訳,生保・損保,買い,6363397.0,0.0,
2025-08-03,stock_val_1_250803.xls,委託内訳累計,生保・損保,買い,5508730.0,0.0,
2025-08-03,stock_val_1_250803.xls,委託内訳,都銀・地銀等,売り,50841562.0,0.2,-41224989.0
2025-08-03,stock_val_1_250803.xls,委託内訳累計,都銀・地銀等,売り,51109501.0,0.2,-41723598.0
2025-08-03,stock_val_1_250803.xls,委託内訳,都銀・地銀等,買い,9616573.0,0.0,
2025-08-03,stock_val_1_250803.xls,委託内訳累計,都銀・地銀等,買い,9385903.0,0.0,
2025-08-03,stock_val_1_250803.xls,委託内訳,都銀・地銀等,売り,576876910.0,2.1,-216505472.0
2025-08-03,stock_val_1_250803.xls,委託内訳累計,都銀・地銀等,売り,446680506.0,1.7,
2025-08-03,stock_val_1_250803.xls,委託内訳,都銀・地銀等,買い,360371438.0,1.4,
2025-08-03,stock_val_1_250803.xls,委託内訳累計,都銀・地銀等,買い,447975565.0,1.7,1295059.0
2025-08-03,stock_val_1_250803.xls,委託内訳,都銀・地銀等,売り,29400122.0,0.1,-1396863.0
2025-08-03,stock_val_1_250803.xls,委託内訳累計,都銀・地銀等,売り,29814140.0,0.1,-4957264.0
2025-08-03,stock_val_1_250803.xls,委託内訳,都銀・地銀等,買い,28003259.0,0.1,
2025-08-03,stock_val_1_250803.xls,委託内訳累計,都銀・地銀等,買い,24856876.0,0.1,
2025-08-04,stock_val_1_250804.xls,委託内訳,海外投資家,売り,16295932237.0,62.8,-198867487.0
2025-08-04,stock_val_1_250804.xls,委託内訳累計,海外投資家,売り,17039077356.0,63.8,-303154299.0
2025-08-04,stock_val_1_250804.xls,委託内訳,海外投資家,買い,16097064750.0,62.6,
2025-08-04,stock_val_1_250804.xls,委託内訳累計,海外投資家,買い,16735923057.0,63.4,
2025-08-04,stock_val_1_250804.xls,委託内訳,証券会社,売り,128535680.0,0.5,-2943779.0
2025-08-04,stock_val_1_250804.xls,委託内訳累計,証券会社,売り,108817218.0,0.4,
2025-08-04,stock_val_1_250804.xls,委託内訳,証券会社,買い,125591901.0,0.5,
2025-08-04,stock_val_1_250804.xls,委託内訳累計,証券会社,買い,112271171.0,0.4,3453953.0
2025-08-04,stock_val_1_250804.xls,委託内訳,投資信託,売り,620222550.0,2.4,-291042745.0
2025-08-04,stock_val_1_250804.xls,委託内訳累計,投資信託,売り,835834828.0,3.1,-213869523.0
2025-08-04,stock_val_1_250804.xls,委託内訳,投資信託,買い,329179805.0,1.3,
2025-08-04,stock_val_1_250804.xls,委託内訳累計,投資信託,買い,621965305.0,2.4,
2025-08-04,stock_val_1_250804.xls,委託内訳,事業法人,売り,321308449.0,1.2,
2025-08-04,stock_val_1_250804.xls,委託内訳累計,事業法人,売り,215158183.0,0.8,
2025-08-04,stock_val_1_250804.xls,委託内訳,事業法人,買い,558751370.0,2.2,237442921.0
2025-08-04,stock_val_1_250804.xls,委託内訳累計,事業法人,買い,630437210.0,2.4,415279027.0
2025-08-04,stock_val_1_250804.xls,委託内訳,その他法人等,売り,57676478.0,0.2,
2025-08-04,stock_val_1_250804.xls,委託内訳累計,その他法人等,売り,182425039.0,0.7,-94239512.0
2025-08-04,stock_val_1_250804.xls,委託内訳,その他法人等,買い,59294821.0,0.2,1618343.0
2025-08-04,stock_val_1_250804.xls,委託内訳累計,その他法人等,買い,88185527.0,0.3,
2025-08-04,stock_val_1_250804.xls,委託内訳,その他法人等,売り,592729301.0,2.3,-105002227.0
2025-08-04,stock_val_1_250804.xls,委託内訳累計,その他法人等,売り,1230514795.0,4.6,-522501175.0
2025-08-04,stock_val_1_250804.xls,委託内訳,その他法人等,買い,487727074.0,1.9,
2025-08-04,stock_val_1_250804.xls,委託内訳累計,その他法人等,買い,708013620.0,2.7,
2025-08-04,stock_val_1_250804.xls,委託内訳,生保・損保,売り,65125154.0,0.3,-59616424.0
2025-08-04,stock_val_1_250804.xls,委託内訳累計,生保・損保,売り,82388467.0,0.3,-58901981.0
2025-08-04,stock_val_1_250804.xls,委託内訳,生保・損保,買い,5508730.0,0.0,
2025-08-04,stock_val_1_250804.xls,委託内訳累計,生保・損保,買い,23486486.0,0.1,
2025-08-04,stock_val_1_250804.xls,委託内訳,都銀・地銀等,売り,51109501.0,0.2,-41723598.0
2025-08-04,stock_val_1_250804.xls,委託内訳累計,都銀・地銀等,売り,54066631.0,0.2,-16090014.0
2025-08-04,stock_val_1_250804.xls,委託内訳,都銀・地銀等,買い,9385903.0,0.0,
2025-08-04,stock_val_1_250804.xls,委託内訳累計,都銀・地銀等,買い,37976617.0,0.1,
2025-08-04,stock_val_1_250804.xls,委託内訳,都銀・地銀等,売り,446680506.0,1.7,
2025-08-04,stock_val_1_250804.xls,委託内訳累計,都銀・地銀等,売り,1064105680.0,4.0,-446135282.0
2025-08-04,stock_val_1_250804.xls,委託内訳,都銀・地銀等,買い,447975565.0,1.7,1295059.0
2025-08-04,stock_val_1_250804.xls,委託内訳累計,都銀・地銀等,買い,617970398.0,2.3,
2025-08-04,stock_val_1_250804.xls,委託内訳,都銀・地銀等,売り,29814140.0,0.1,-4957264.0
2025-08-04,stock_val_1_250804.xls,委託内訳累計,都銀・地銀等,売り,29954017.0,0.1,-1373898.0
2025-08-04,stock_val_1_250804.xls,委託内訳,都銀・地銀等,買い,24856876.0,0.1,
2025-08-04,stock_val_1_250804.xls,委託内訳累計,都銀・地銀等,買い,28580119.0,0.1,
2025-09-01,stock_val_1_250901.xls,委託内訳,海外投資家,売り,17039077356.0,63.8,-303154299.0
2025-09-01,stock_val_1_250901.xls,委託内訳累計,海外投資家,売り,14878262545.0,61.3,
2025-09-01,stock_val_1_250901.xls,委託内訳,海外投資家,買い,16735923057.0,63.4,
2025-09-01,stock_val_1_250901.xls,委託内訳累計,海外投資家,買い,15009708395.0,61.8,131445850.0
2025-09-01,stock_val_1_250901.xls,委託内訳,証券会社,売り,108817218.0,0.4,
2025-09-01,stock_val_1_250901.xls,委託内訳累計,証券会社,売り,103549228.0,0.4,
2025-09-01,stock_val_1_250901.xls,委託内訳,証券会社,買い,112271171.0,0.4,3453953.0
2025-09-01,stock_val_1_250901.xls,委託内訳累計,証券会社,買い,111567488.0,0.5,8018260.0
2025-09-01,stock_val_1_250901.xls,委託内訳,投資信託,売り,835834828.0,3.1,-213869523.0
2025-09-01,stock_val_1_250901.xls,委託内訳累計,投資信託,売り,596290306.0,2.5,-93920852.0
2025-09-01,stock_val_1_250901.xls,委託内訳,投資信託,買い,621965305.0,2.4,
2025-09-01,stock_val_1_250901.xls,委託内訳累計,投資信託,買い,502369454.0,2.1,
2025-09-01,stock_val_1_250901.xls,委託内訳,事業法人,売り,215158183.0,0.8,
2025-09-01,stock_val_1_250901.xls,委託内訳累計,事業法人,売り,289383127.0,1.2,
2025-09-01,stock_val_1_250901.xls,委託内訳,事業法人,買い,630437210.0,2.4,415279027.0
2025-09-01,stock_val_1_250901.xls,委託内訳累計,事業法人,買い,614682980.0,2.5,325299853.0
2025-09-01,stock_val_1_250901.xls,委託内訳,その他法人等,売り,182425039.0,0.7,-94239512.0
2025-09-01,stock_val_1_250901.xls,委託内訳累計,その他法人等,売り,63076959.0,0.3,-12583120.0
2025-09-01,stock_val_1_250901.xls,委託内訳,その他法人等,買い,88185527.0,0.3,
2025-09-01,stock_val_1_250901.xls,委託内訳累計,その他法人等,買い,50493839.0,0.2,
2025-09-01,stock_val_1_250901.xls,委託内訳,その他法人等,売り,1230514795.0,4.6,-522501175.0
2025-09-01,stock_val_1_250901.xls,委託内訳累計,その他法人等,売り,1127080185.0,4.6,-498231517.0
2025-09-01,stock_val_1_250901.xls,委託内訳,その他法人等,買い,708013620.0,2.7,
2025-09-01,stock_val_1_250901.xls,委託内訳累計,その他法人等,買い,628848668.0,2.6,
2025-09-01,stock_val_1_250901.xls,委託内訳,生保・損保,売り,82388467.0,0.3,-58901981.0
2025-09-01,stock_val_1_250901.xls,委託内訳累計,生保・損保,売り,77471327.0,0.3,-58035528.0
2025-09-01,stock_val_1_250901.xls,委託内訳,生保・損保,買い,23486486.0,0.1,
2025-09-01,stock_val_1_250901.xls,委託内訳累計,生保・損保,買い,19435799.0,0.1,
2025-09-01,stock_val_1_250901.xls,委託内訳,都銀・地銀等,売り,54066631.0,0.2,-16090014.0
2025-09-01,stock_val_1_250901.xls,委託内訳累計,都銀・地銀等,売り,55887419.0,0.2,-12480663.0
2025-09-01,stock_val_1_250901.xls,委託内訳,都銀・地銀等,買い,37976617.0,0.1,
2025-09-01,stock_val_1_250901.xls,委託内訳累計,都銀・地銀等,買い,43406756.0,0.2,
2025-09-01,stock_val_1_250901.xls,委託内訳,都銀・地銀等,売り,1064105680.0,4.0,-446135282.0
2025-09-01,stock_val_1_250901.xls,委託内訳累計,都銀・地銀等,売り,959418904.0,4.0,-422062107.0
2025-09-01,stock_val_1_250901.xls,委託内訳,都銀・地銀等,買い,617970398.0,2.3,
2025-09-01,stock_val_1_250901.xls,委託内訳累計,都銀・地銀等,買い,537356797.0,2.2,
2025-09-01,stock_val_1_250901.xls,委託内訳,都銀・地銀等,売り,29954017.0,0.1,-1373898.0
2025-09-01,stock_val_1_250901.xls,委託内訳累計,都銀・地銀等,売り,34302535.0,0.1,-5653219.0
2025-09-01,stock_val_1_250901.xls,委託内訳,都銀・地銀等,買い,28580119.0,0.1,
2025-09-01,stock_val_1_250901.xls,委託内訳累計,都銀・地銀等,買い,28649316.0,0.1,
2025-09-02,stock_val_1_250902.xls,委託内訳,海外投資家,売り,14878262545.0,61.3,
2025-09-02,stock_val_1_250902.xls,委託内訳累計,海外投資家,売り,17575906496.0,64.1,-692367194.0
2025-09-02,stock_val_1_250902.xls,委託内訳,海外投資家,買い,15009708395.0,61.8,131445850.0
2025-09-02,stock_val_1_250902.xls,委託内訳累計,海外投資家,買い,16883539302.0,64.7,
2025-09-02,stock_val_1_250902.xls,委託内訳,証券会社,売り,103549228.0,0.4,
2025-09-02,stock_val_1_250902.xls,委託内訳累計,証券会社,売り,124190184.0,0.5,-13250109.0
2025-09-02,stock_val_1_250902.xls,委託内訳,証券会社,買い,111567488.0,0.5,8018260.0
2025-09-02,stock_val_1_250902.xls,委託内訳累計,証券会社,買い,110940075.0,0.4,
2025-09-02,stock_val_1_250902.xls,委託内訳,投資信託,売り,596290306.0,2.5,-93920852.0
2025-09-02,stock_val_1_250902.xls,委託内訳累計,投資信託,売り,477268002.0,1.7,-104917449.0
2025-09-02,stock_val_1_250902.xls,委託内訳,投資信託,買い,502369454.0,2.1,
2025-09-02,stock_val_1_250902.xls,委託内訳累計,投資信託,買い,372350553.0,1.4,
2025-09-02,stock_val_1_250902.xls,委託内訳,事業法人,売り,289383127.0,1.2,
2025-09-02,stock_val_1_250902.xls,委託内訳累計,事業法人,売り,328838470.0,1.2,
2025-09-02,stock_val_1_250902.xls,委託内訳,事業法人,買い,614682980.0,2.5,325299853.0
2025-09-02,stock_val_1_250902.xls,委託内訳累計,事業法人,買い,536571884.0,2.1,207733414.0
2025-09-02,stock_val_1_250902.xls,委託内訳,その他法人等,売り,63076959.0,0.3,-12583120.0
2025-09-02,stock_val_1_250902.xls,委託内訳累計,その他法人等,売り,81671936.0,0.3,-17322854.0
2025-09-02,stock_val_1_250902.xls,委託内訳,その他法人等,買い,50493839.0,0.2,
2025-09-02,stock_val_1_250902.xls,委託内訳累計,その他法人等,買い,64349082.0,0.2,
2025-09-02,stock_val_1_250902.xls,委託内訳,その他法人等,売り,1127080185.0,4.6,-498231517.0
2025-09-02,stock_val_1_250902.xls,委託内訳累計,その他法人等,売り,627509401.0,2.3,-212467215.0
2025-09-02,stock_val_1_250902.xls,委託内訳,その他法人等,買い,628848668.0,2.6,
2025-09-02,stock_val_1_250902.xls,委託内訳累計,その他法人等,買い,415042186.0,1.6,
2025-09-02,stock_val_1_250902.xls,委託内訳,生保・損保,売り,77471327.0,0.3,-58035528.0
2025-09-02,stock_val_1_250902.xls,委託内訳累計,生保・損保,売り,72982258.0,0.3,-44590011.0
2025-09-02,stock_val_1_250902.xls,委託内訳,生保・損保,買い,19435799.0,0.1,
2025-09-02,stock_val_1_250902.xls,委託内訳累計,生保・損保,買い,28392247.0,0.1,
2025-09-02,stock_val_1_250902.xls,委託内訳,都銀・地銀等,売り,55887419.0,0.2,-12480663.0
2025-09-02,stock_val_1_250902.xls,委託内訳累計,都銀・地銀等,売り,39623200.0,0.1,-19205030.0
2025-09-02,stock_val_1_250902.xls,委託内訳,都銀・地銀等,買い,43406756.0,0.2,
2025-09-02,stock_val_1_250902.xls,委託内訳累計,都銀・地銀等,買い,20418170.0,0.1,
2025-09-02,stock_val_1_250902.xls,委託内訳,都銀・地銀等,売り,959418904.0,4.0,-422062107.0
2025-09-02,stock_val_1_250902.xls,委託内訳累計,都銀・地銀等,売り,476276933.0,1.7,-130105450.0
2025-09-02,stock_val_1_250902.xls,委託内訳,都銀・地銀等,買い,537356797.0,2.2,
2025-09-02,stock_val_1_250902.xls,委託内訳累計,都銀・地銀等,買い,346171483.0,1.3,
2025-09-02,stock_val_1_250902.xls,委託内訳,都銀・地銀等,売り,34302535.0,0.1,-5653219.0
2025-09-02,stock_val_1_250902.xls,委託内訳累計,都銀・地銀等,売り,38627010.0,0.1,-18566724.0
2025-09-02,stock_val_1_250902.xls,委託内訳,都銀・地銀等,買い,28649316.0,0.1,
2025-09-02,stock_val_1_250902.xls,委託内訳累計,都銀・地銀等,買い,20060286.0,0.1,
2025-09-03,stock_val_1_250903.xls,委託内訳,海外投資家,売り,17575906496.0,64.1,-692367194.0
2025-09-03,stock_val_1_250903.xls,委託内訳累計,海外投資家,売り,17452869161.0,65.7,-294384229.0
2025-09-03,stock_val_1_250903.xls,委託内訳,海外投資家,買い,16883539302.0,64.7,
2025-09-03,stock_val_1_250903.xls,委託内訳累計,海外投資家,買い,17158484932.0,66.5,
2025-09-03,stock_val_1_250903.xls,委託内訳,証券会社,売り,124190184.0,0.5,-13250109.0
2025-09-03,stock_val_1_250903.xls,委託内訳累計,証券会社,売り,100882967.0,0.4,-7247752.0
2025-09-03,stock_val_1_250903.xls,委託内訳,証券会社,買い,110940075.0,0.4,
2025-09-03,stock_val_1_250903.xls,委託内訳累計,証券会社,買い,93635215.0,0.4,
2025-09-03,stock_val_1_250903.xls,委託内訳,投資信託,売り,477268002.0,1.7,-104917449.0
2025-09-03,stock_val_1_250903.xls,委託内訳累計,投資信託,売り,372564877.0,1.4,-45385686.0
2025-09-03,stock_val_1_250903.xls,委託内訳,投資信託,買い,372350553.0,1.4,
2025-09-03,stock_val_1_250903.xls,委託内訳累計,投資信託,買い,327179191.0,1.3,
2025-09-03,stock_val_1_250903.xls,委託内訳,事業法人,売り,328838470.0,1.2,
2025-09-03,stock_val_1_250903.xls,委託内訳累計,事業法人,売り,251955875.0,0.9,
2025-09-03,stock_val_1_250903.xls,委託内訳,事業法人,買い,536571884.0,2.1,207733414.0
2025-09-03,stock_val_1_250903.xls,委託内訳累計,事業法人,買い,434436219.0,1.7,182480344.0
2025-09-03,stock_val_1_250903.xls,委託内訳,その他法人等,売り,81671936.0,0.3,-17322854.0
2025-09-03,stock_val_1_250903.xls,委託内訳累計,その他法人等,売り,41341796.0,0.2,
2025-09-03,stock_val_1_250903.xls,委託内訳,その他法人等,買い,64349082.0,0.2,
2025-09-03,stock_val_1_250903.xls,委託内訳累計,その他法人等,買い,50155556.0,0.2,8813760.0
2025-09-03,stock_val_1_250903.xls,委託内訳,その他法人等,売り,627509401.0,2.3,-212467215.0
2025-09-03,stock_val_1_250903.xls,委託内訳累計,その他法人等,売り,1117978509.0,4.2,-575494336.0
2025-09-03,stock_val_1_250903.xls,委託内訳,その他法人等,買い,415042186.0,1.6,
2025-09-03,stock_val_1_250903.xls,委託内訳累計,その他法人等,買い,542484173.0,2.1,
2025-09-03,stock_val_1_250903.xls,委託内訳,生保・損保,売り,72982258.0,0.3,-44590011.0
2025-09-03,stock_val_1_250903.xls,委託内訳累計,生保・損保,売り,46648766.0,0.2,-27247918.0
2025-09-03,stock_val_1_250903.xls,委託内訳,生保・損保,買い,28392247.0,0.1,
2025-09-03,stock_val_1_250903.xls,委託内訳累計,生保・損保,買い,19400848.0,0.1,
2025-09-03,stock_val_1_250903.xls,委託内訳,都銀・地銀等,売り,39623200.0,0.1,-19205030.0
2025-09-03,stock_val_1_250903.xls,委託内訳累計,都銀・地銀等,売り,77304052.0,0.3,-16519322.0
2025-09-03,stock_val_1_250903.xls,委託内訳,都銀・地銀等,買い,20418170.0,0.1,
2025-09-03,stock_val_1_250903.xls,委託内訳累計,都銀・地銀等,買い,60784730.0,0.2,
2025-09-03,stock_val_1_250903.xls,委託内訳,都銀・地銀等,売り,476276933.0,1.7,-130105450.0
2025-09-03,stock_val_1_250903.xls,委託内訳累計,都銀・地銀等,売り,968764253.0,3.6,-531015442.0
2025-09-03,stock_val_1_250903.xls,委託内訳,都銀・地銀等,買い,346171483.0,1.3,
2025-09-03,stock_val_1_250903.xls,委託内訳累計,都銀・地銀等,買い,437748811.0,1.7,
2025-09-03,stock_val_1_250903.xls,委託内訳,都銀・地銀等,売り,38627010.0,0.1,-18566724.0
2025-09-03,stock_val_1_250903.xls,委託内訳累計,都銀・地銀等,売り,25261438.0,0.1,-711654.0
2025-09-03,stock_val_1_250903.xls,委託内訳,都銀・地銀等,買い,20060286.0,0.1,
2025-09-03,stock_val_1_250903.xls,委託内訳累計,都銀・地銀等,買い,24549784.0,0.1,
2025-09-04,stock_val_1_250904.xls,委託内訳,海外投資家,売り,17452869161.0,65.7,-294384229.0
2025-09-04,stock_val_1_250904.xls,委託内訳累計,海外投資家,売り,16124143551.0,63.3,-559181267.0
2025-09-04,stock_val_1_250904.xls,委託内訳,海外投資家,買い,17158484932.0,66.5,
2025-09-04,stock_val_1_250904.xls,委託内訳累計,海外投資家,買い,15564962284.0,64.0,
2025-09-04,stock_val_1_250904.xls,委託内訳,証券会社,売り,100882967.0,0.4,-7247752.0
2025-09-04,stock_val_1_250904.xls,委託内訳累計,証券会社,売り,111593915.0,0.4,-1184139.0
2025-09-04,stock_val_1_250904.xls,委託内訳,証券会社,買い,93635215.0,0.4,
2025-09-04,stock_val_1_250904.xls,委託内訳累計,証券会社,買い,110409776.0,0.5,
2025-09-04,stock_val_1_250904.xls,委託内訳,投資信託,売り,372564877.0,1.4,-45385686.0
2025-09-04,stock_val_1_250904.xls,委託内訳累計,投資信託,売り,623899840.0,2.5,-276015725.0
2025-09-04,stock_val_1_250904.xls,委託内訳,投資信託,買い,327179191.0,1.3,
2025-09-04,stock_val_1_250904.xls,委託内訳累計,投資信託,買い,347884115.0,1.4,
2025-09-04,stock_val_1_250904.xls,委託内訳,事業法人,売り,251955875.0,0.9,
2025-09-04,stock_val_1_250904.xls,委託内訳累計,事業法人,売り,369804040.0,1.5,-21323626.0
2025-09-04,stock_val_1_250904.xls,委託内訳,事業法人,買い,434436219.0,1.7,182480344.0
2025-09-04,stock_val_1_250904.xls,委託内訳累計,事業法人,買い,348480414.0,1.4,
2025-09-04,stock_val_1_250904.xls,委託内訳,その他法人等,売り,41341796.0,0.2,
2025-09-04,stock_val_1_250904.xls,委託内訳累計,その他法人等,売り,53880037.0,0.2,
2025-09-04,stock_val_1_250904.xls,委託内訳,その他法人等,買い,50155556.0,0.2,8813760.0
2025-09-04,stock_val_1_250904.xls,委託内訳累計,その他法人等,買い,92720243.0,0.4,38840206.0
2025-09-04,stock_val_1_250904.xls,委託内訳,その他法人等,売り,1117978509.0,4.2,-575494336.0
2025-09-04,stock_val_1_250904.xls,委託内訳累計,その他法人等,売り,778979418.0,3.1,-435692577.0
2025-09-04,stock_val_1_250904.xls,委託内訳,その他法人等,買い,542484173.0,2.1,
2025-09-04,stock_val_1_250904.xls,委託内訳累計,その他法人等,買い,343286841.0,1.4,
2025-09-04,stock_val_1_250904.xls,委託内訳,生保・損保,売り,46648766.0,0.2,-27247918.0
2025-09-04,stock_val_1_250904.xls,委託内訳累計,生保・損保,売り,111150762.0,0.4,-90502377.0
2025-09-04,stock_val_1_250904.xls,委託内訳,生保・損保,買い,19400848.0,0.1,
2025-09-04,stock_val_1_250904.xls,委託内訳累計,生保・損保,買い,20648385.0,0.1,
2025-09-04,stock_val_1_250904.xls,委託内訳,都銀・地銀等,売り,77304052.0,0.3,-16519322.0
2025-09-04,stock_val_1_250904.xls,委託内訳累計,都銀・地銀等,売り,28046659.0,0.1,-416651.0
2025-09-04,stock_val_1_250904.xls,委託内訳,都銀・地銀等,買い,60784730.0,0.2,
2025-09-04,stock_val_1_250904.xls,委託内訳累計,都銀・地銀等,買い,27630008.0,0.1,
2025-09-04,stock_val_1_250904.xls,委託内訳,都銀・地銀等,売り,968764253.0,3.6,-531015442.0
2025-09-04,stock_val_1_250904.xls,委託内訳累計,都銀・地銀等,売り,618256476.0,2.4,-358418155.0
2025-09-04,stock_val_1_250904.xls,委託内訳,都銀・地銀等,買い,437748811.0,1.7,
2025-09-04,stock_val_1_250904.xls,委託内訳累計,都銀・地銀等,買い,259838321.0,1.1,
2025-09-04,stock_val_1_250904.xls,委託内訳,都銀・地銀等,売り,25261438.0,0.1,-711654.0
2025-09-04,stock_val_1_250904.xls,委託内訳累計,都銀・地銀等,売り,21525521.0,0.1,
2025-09-04,stock_val_1_250904.xls,委託内訳,都銀・地銀等,買い,24549784.0,0.1,
2025-09-04,stock_val_1_250904.xls,委託内訳累計,都銀・地銀等,買い,35170127.0,0.1,13644606.0
2025-10-01,stock_val_1_251001.xls,委託内訳,海外投資家,売り,16124143551.0,63.3,-559181267.0
2025-10-01,stock_val_1_251001.xls,委託内訳累計,海外投資家,売り,18419131855.0,66.2,
2025-10-01,stock_val_1_251001.xls,委託内訳,海外投資家,買い,15564962284.0,64.0,
2025-10-01,stock_val_1_251001.xls,委託内訳累計,海外投資家,買い,19658979714.0,66.8,1239847859.0
2025-10-01,stock_val_1_251001.xls,委託内訳,証券会社,売り,111593915.0,0.4,-1184139.0
2025-10-01,stock_val_1_251001.xls,委託内訳累計,証券会社,売り,126300216.0,0.5,
2025-10-01,stock_val_1_251001.xls,委託内訳,証券会社,買い,110409776.0,0.5,
2025-10-01,stock_val_1_251001.xls,委託内訳累計,証券会社,買い,132163427.0,0.4,5863211.0
2025-10-01,stock_val_1_251001.xls,委託内訳,投資信託,売り,623899840.0,2.5,-276015725.0
2025-10-01,stock_val_1_251001.xls,委託内訳累計,投資信託,売り,410593725.0,1.5,
2025-10-01,stock_val_1_251001.xls,委託内訳,投資信託,買い,347884115.0,1.4,
2025-10-01,stock_val_1_251001.xls,委託内訳累計,投資信託,買い,475679342.0,1.6,65085617.0
2025-10-01,stock_val_1_251001.xls,委託内訳,事業法人,売り,369804040.0,1.5,-21323626.0
2025-10-01,stock_val_1_251001.xls,委託内訳累計,事業法人,売り,315010907.0,1.1,
2025-10-01,stock_val_1_251001.xls,委託内訳,事業法人,買い,348480414.0,1.4,
2025-10-01,stock_val_1_251001.xls,委託内訳累計,事業法人,買い,437719625.0,1.5,122708718.0
2025-10-01,stock_val_1_251001.xls,委託内訳,その他法人等,売り,53880037.0,0.2,
2025-10-01,stock_val_1_251001.xls,委託内訳累計,その他法人等,売り,46993102.0,0.2,
2025-10-01,stock_val_1_251001.xls,委託内訳,その他法人等,買い,92720243.0,0.4,38840206.0
2025-10-01,stock_val_1_251001.xls,委託内訳累計,その他法人等,買い,67053842.0,0.2,20060740.0
2025-10-01,stock_val_1_251001.xls,委託内訳,その他法人等,売り,778979418.0,3.1,-435692577.0
2025-10-01,stock_val_1_251001.xls,委託内訳累計,その他法人等,売り,837407356.0,3.0,-275507502.0
2025-10-01,stock_val_1_251001.xls,委託内訳,その他法人等,買い,343286841.0,1.4,
2025-10-01,stock_val_1_251001.xls,委託内訳累計,その他法人等,買い,561899854.0,1.9,
2025-10-01,stock_val_1_251001.xls,委託内訳,生保・損保,売り,111150762.0,0.4,-90502377.0
2025-10-01,stock_val_1_251001.xls,委託内訳累計,生保・損保,売り,31886263.0,0.1,-23231836.0
2025-10-01,stock_val_1_251001.xls,委託内訳,生保・損保,買い,20648385.0,0.1,
2025-10-01,stock_val_1_251001.xls,委託内訳累計,生保・損保,買い,8654427.0,0.0,
2025-10-01,stock_val_1_251001.xls,委託内訳,都銀・地銀等,売り,28046659.0,0.1,-416651.0
2025-10-01,stock_val_1_251001.xls,委託内訳累計,都銀・地銀等,売り,47638886.0,0.2,-36395880.0
2025-10-01,stock_val_1_251001.xls,委託内訳,都銀・地銀等,買い,27630008.0,0.1,
2025-10-01,stock_val_1_251001.xls,委託内訳累計,都銀・地銀等,買い,11243006.0,0.0,
2025-10-01,stock_val_1_251001.xls,委託内訳,都銀・地銀等,売り,618256476.0,2.4,-358418155.0
2025-10-01,stock_val_1_251001.xls,委託内訳累計,都銀・地銀等,売り,731851100.0,2.6,-213666085.0
2025-10-01,stock_val_1_251001.xls,委託内訳,都銀・地銀等,買い,259838321.0,1.1,
2025-10-01,stock_val_1_251001.xls,委託内訳累計,都銀・地銀等,買い,518185015.0,1.8,
2025-10-01,stock_val_1_251001.xls,委託内訳,都銀・地銀等,売り,21525521.0,0.1,
2025-10-01,stock_val_1_251001.xls,委託内訳累計,都銀・地銀等,売り,26031107.0,0.1,-2213701.0
2025-10-01,stock_val_1_251001.xls,委託内訳,都銀・地銀等,買い,35170127.0,0.1,13644606.0
2025-10-01,stock_val_1_251001.xls,委託内訳累計,都銀・地銀等,買い,23817406.0,0.1,
2025-10-02,stock_val_1_251002.xls,委託内訳,海外投資家,売り,18419131855.0,66.2,
2025-10-02,stock_val_1_251002.xls,委託内訳累計,海外投資家,売り,21968075679.0,63.2,
2025-10-02,stock_val_1_251002.xls,委託内訳,海外投資家,買い,19658979714.0,66.8,1239847859.0
2025-10-02,stock_val_1_251002.xls,委託内訳累計,海外投資家,買い,23026753081.0,66.0,1058677402.0
2025-10-02,stock_val_1_251002.xls,委託内訳,証券会社,売り,126300216.0,0.5,
2025-10-02,stock_val_1_251002.xls,委託内訳累計,証券会社,売り,169523984.0,0.5,-23152551.0
2025-10-02,stock_val_1_251002.xls,委託内訳,証券会社,買い,132163427.0,0.4,5863211.0
2025-10-02,stock_val_1_251002.xls,委託内訳累計,証券会社,買い,146371433.0,0.4,
2025-10-02,stock_val_1_251002.xls,委託内訳,投資信託,売り,410593725.0,1.5,
2025-10-02,stock_val_1_251002.xls,委託内訳累計,投資信託,売り,459380301.0,1.3,-36365222.0
2025-10-02,stock_val_1_251002.xls,委託内訳,投資信託,買い,475679342.0,1.6,65085617.0
2025-10-02,stock_val_1_251002.xls,委託内訳累計,投資信託,買い,423015079.0,1.2,
2025-10-02,stock_val_1_251002.xls,委託内訳,事業法人,売り,315010907.0,1.1,
2025-10-02,stock_val_1_251002.xls,委託内訳累計,事業法人,売り,407263719.0,1.2,
2025-10-02,stock_val_1_251002.xls,委託内訳,事業法人,買い,437719625.0,1.5,122708718.0
2025-10-02,stock_val_1_251002.xls,委託内訳累計,事業法人,買い,557713325.0,1.6,150449606.0
2025-10-02,stock_val_1_251002.xls,委託内訳,その他法人等,売り,46993102.0,0.2,
2025-10-02,stock_val_1_251002.xls,委託内訳累計,その他法人等,売り,72370753.0,0.2,
2025-10-02,stock_val_1_251002.xls,委託内訳,その他法人等,買い,67053842.0,0.2,20060740.0
2025-10-02,stock_val_1_251002.xls,委託内訳累計,その他法人等,買い,98016253.0,0.3,25645500.0
2025-10-02,stock_val_1_251002.xls,委託内訳,その他法人等,売り,837407356.0,3.0,-275507502.0
2025-10-02,stock_val_1_251002.xls,委託内訳累計,その他法人等,売り,1136861702.0,3.3,-644671941.0
2025-10-02,stock_val_1_251002.xls,委託内訳,その他法人等,買い,561899854.0,1.9,
2025-10-02,stock_val_1_251002.xls,委託内訳累計,その他法人等,買い,492189761.0,1.4,
2025-10-02,stock_val_1_251002.xls,委託内訳,生保・損保,売り,31886263.0,0.1,-23231836.0
2025-10-02,stock_val_1_251002.xls,委託内訳累計,生保・損保,売り,106529688.0,0.3,-78874712.0
2025-10-02,stock_val_1_251002.xls,委託内訳,生保・損保,買い,8654427.0,0.0,
2025-10-02,stock_val_1_251002.xls,委託内訳累計,生保・損保,買い,27654976.0,0.1,
2025-10-02,stock_val_1_251002.xls,委託内訳,都銀・地銀等,売り,47638886.0,0.2,-36395880.0
2025-10-02,stock_val_1_251002.xls,委託内訳累計,都銀・地銀等,売り,71536954.0,0.2,-60886323.0
2025-10-02,stock_val_1_251002.xls,委託内訳,都銀・地銀等,買い,11243006.0,0.0,
2025-10-02,stock_val_1_251002.xls,委託内訳累計,都銀・地銀等,買い,10650631.0,0.0,
2025-10-02,stock_val_1_251002.xls,委託内訳,都銀・地銀等,売り,731851100.0,2.6,-213666085.0
2025-10-02,stock_val_1_251002.xls,委託内訳累計,都銀・地銀等,売り,904346536.0,2.6,-488226339.0
2025-10-02,stock_val_1_251002.xls,委託内訳,都銀・地銀等,買い,518185015.0,1.8,
2025-10-02,stock_val_1_251002.xls,委託内訳累計,都銀・地銀等,買い,416120197.0,1.2,
2025-10-02,stock_val_1_251002.xls,委託内訳,都銀・地銀等,売り,26031107.0,0.1,-2213701.0
2025-10-02,stock_val_1_251002.xls,委託内訳累計,都銀・地銀等,売り,54448524.0,0.2,-16684567.0
2025-10-02,stock_val_1_251002.xls,委託内訳,都銀・地銀等,買い,23817406.0,0.1,
2025-10-02,stock_val_1_251002.xls,委託内訳累計,都銀・地銀等,買い,37763957.0,0.1,
2025-10-03,stock_val_1_251003.xls,委託内訳,海外投資家,売り,21968075679.0,63.2,
2025-10-03,stock_val_1_251003.xls,委託内訳累計,海外投資家,売り,16254163090.0,66.3,
2025-10-03,stock_val_1_251003.xls,委託内訳,海外投資家,買い,23026753081.0,66.0,1058677402.0
2025-10-03,stock_val_1_251003.xls,委託内訳累計,海外投資家,買い,16407446959.0,66.0,153283869.0
2025-10-03,stock_val_1_251003.xls,委託内訳,証券会社,売り,169523984.0,0.5,-23152551.0
2025-10-03,stock_val_1_251003.xls,委託内訳累計,証券会社,売り,116995569.0,0.5,
2025-10-03,stock_val_1_251003.xls,委託内訳,証券会社,買い,146371433.0,0.4,
2025-10-03,stock_val_1_251003.xls,委託内訳累計,証券会社,買い,123607151.0,0.5,6611582.0
2025-10-03,stock_val_1_251003.xls,委託内訳,投資信託,売り,459380301.0,1.3,-36365222.0
2025-10-03,stock_val_1_251003.xls,委託内訳累計,投資信託,売り,476111049.0,1.9,-152487276.0
2025-10-03,stock_val_1_251003.xls,委託内訳,投資信託,買い,423015079.0,1.2,
2025-10-03,stock_val_1_251003.xls,委託内訳累計,投資信託,買い,323623773.0,1.3,
2025-10-03,stock_val_1_251003.xls,委託内訳,事業法人,売り,407263719.0,1.2,
2025-10-03,stock_val_1_251003.xls,委託内訳累計,事業法人,売り,304811374.0,1.2,
2025-10-03,stock_val_1_251003.xls,委託内訳,事業法人,買い,557713325.0,1.6,150449606.0
2025-10-03,stock_val_1_251003.xls,委託内訳累計,事業法人,買い,436208099.0,1.8,131396725.0
2025-10-03,stock_val_1_251003.xls,委託内訳,その他法人等,売り,72370753.0,0.2,
2025-10-03,stock_val_1_251003.xls,委託内訳累計,その他法人等,売り,46641120.0,0.2,
2025-10-03,stock_val_1_251003.xls,委託内訳,その他法人等,買い,98016253.0,0.3,25645500.0
2025-10-03,stock_val_1_251003.xls,委託内訳累計,その他法人等,買い,49645205.0,0.2,3004085.0
2025-10-03,stock_val_1_251003.xls,委託内訳,その他法人等,売り,1136861702.0,3.3,-644671941.0
2025-10-03,stock_val_1_251003.xls,委託内訳累計,その他法人等,売り,481141734.0,2.0,-125792044.0
2025-10-03,stock_val_1_251003.xls,委託内訳,その他法人等,買い,492189761.0,1.4,
2025-10-03,stock_val_1_251003.xls,委託内訳累計,その他法人等,買い,355349690.0,1.4,
2025-10-03,stock_val_1_251003.xls,委託内訳,生保・損保,売り,106529688.0,0.3,-78874712.0
2025-10-03,stock_val_1_251003.xls,委託内訳累計,生保・損保,売り,59519986.0,0.2,-42019707.0
2025-10-03,stock_val_1_251003.xls,委託内訳,生保・損保,買い,27654976.0,0.1,
2025-10-03,stock_val_1_251003.xls,委託内訳累計,生保・損保,買い,17500279.0,0.1,
2025-10-03,stock_val_1_251003.xls,委託内訳,都銀・地銀等,売り,71536954.0,0.2,-60886323.0
2025-10-03,stock_val_1_251003.xls,委託内訳累計,都銀・地銀等,売り,83303281.0,0.3,-72621753.0
2025-10-03,stock_val_1_251003.xls,委託内訳,都銀・地銀等,買い,10650631.0,0.0,
2025-10-03,stock_val_1_251003.xls,委託内訳累計,都銀・地銀等,買い,10681528.0,0.0,
2025-10-03,stock_val_1_251003.xls,委託内訳,都銀・地銀等,売り,904346536.0,2.6,-488226339.0
2025-10-03,stock_val_1_251003.xls,委託内訳累計,都銀・地銀等,売り,302006184.0,1.2,-10911085.0
2025-10-03,stock_val_1_251003.xls,委託内訳,都銀・地銀等,買い,416120197.0,1.2,
2025-10-03,stock_val_1_251003.xls,委託内訳累計,都銀・地銀等,買い,291095099.0,1.2,
2025-10-03,stock_val_1_251003.xls,委託内訳,都銀・地銀等,売り,54448524.0,0.2,-16684567.0
2025-10-03,stock_val_1_251003.xls,委託内訳累計,都銀・地銀等,売り,36312283.0,0.1,-239499.0
2025-10-03,stock_val_1_251003.xls,委託内訳,都銀・地銀等,買い,37763957.0,0.1,
2025-10-03,stock_val_1_251003.xls,委託内訳累計,都銀・地銀等,買い,36072784.0,0.1,
2025-10-04,stock_val_1_251004.xls,委託内訳,海外投資家,売り,16254163090.0,66.3,
2025-10-04,stock_val_1_251004.xls,委託内訳累計,海外投資家,売り,19289248274.0,62.0,
2025-10-04,stock_val_1_251004.xls,委託内訳,海外投資家,買い,16407446959.0,66.0,153283869.0
2025-10-04,stock_val_1_251004.xls,委託内訳累計,海外投資家,買い,19932893345.0,64.2,643645071.0
2025-10-04,stock_val_1_251004.xls,委託内訳,証券会社,売り,116995569.0,0.5,
2025-10-04,stock_val_1_251004.xls,委託内訳累計,証券会社,売り,150666683.0,0.5,-24937141.0
2025-10-04,stock_val_1_251004.xls,委託内訳,証券会社,買い,123607151.0,0.5,6611582.0
2025-10-04,stock_val_1_251004.xls,委託内訳累計,証券会社,買い,125729542.0,0.4,
2025-10-04,stock_val_1_251004.xls,委託内訳,投資信託,売り,476111049.0,1.9,-152487276.0
2025-10-04,stock_val_1_251004.xls,委託内訳累計,投資信託,売り,498636513.0,1.6,-116556111.0
2025-10-04,stock_val_1_251004.xls,委託内訳,投資信託,買い,323623773.0,1.3,
2025-10-04,stock_val_1_251004.xls,委託内訳累計,投資信託,買い,382080402.0,1.2,
2025-10-04,stock_val_1_251004.xls,委託内訳,事業法人,売り,304811374.0,1.2,
2025-10-04,stock_val_1_251004.xls,委託内訳累計,事業法人,売り,436021374.0,1.4,
2025-10-04,stock_val_1_251004.xls,委託内訳,事業法人,買い,436208099.0,1.8,131396725.0
2025-10-04,stock_val_1_251004.xls,委託内訳累計,事業法人,買い,499997312.0,1.6,63975938.0
2025-10-04,stock_val_1_251004.xls,委託内訳,その他法人等,売り,46641120.0,0.2,
2025-10-04,stock_val_1_251004.xls,委託内訳累計,その他法人等,売り,66716524.0,0.2,
2025-10-04,stock_val_1_251004.xls,委託内訳,その他法人等,買い,49645205.0,0.2,3004085.0
2025-10-04,stock_val_1_251004.xls,委託内訳累計,その他法人等,買い,92705308.0,0.3,25988784.0
2025-10-04,stock_val_1_251004.xls,委託内訳,その他法人等,売り,481141734.0,2.0,-125792044.0
2025-10-04,stock_val_1_251004.xls,委託内訳累計,その他法人等,売り,578852395.0,1.9,-144756941.0
2025-10-04,stock_val_1_251004.xls,委託内訳,その他法人等,買い,355349690.0,1.4,
2025-10-04,stock_val_1_251004.xls,委託内訳累計,その他法人等,買い,434095454.0,1.4,
2025-10-04,stock_val_1_251004.xls,委託内訳,生保・損保,売り,59519986.0,0.2,-42019707.0
2025-10-04,stock_val_1_251004.xls,委託内訳累計,生保・損保,売り,60265709.0,0.2,-49688632.0
2025-10-04,stock_val_1_251004.xls,委託内訳,生保・損保,買い,17500279.0,0.1,
2025-10-04,stock_val_1_251004.xls,委託内訳累計,生保・損保,買い,10577077.0,0.0,
2025-10-04,stock_val_1_251004.xls,委託内訳,都銀・地銀等,売り,83303281.0,0.3,-72621753.0
2025-10-04,stock_val_1_251004.xls,委託内訳累計,都銀・地銀等,売り,35616625.0,0.1,-8543520.0
2025-10-04,stock_val_1_251004.xls,委託内訳,都銀・地銀等,買い,10681528.0,0.0,
2025-10-04,stock_val_1_251004.xls,委託内訳累計,都銀・地銀等,買い,27073105.0,0.1,
2025-10-04,stock_val_1_251004.xls,委託内訳,都銀・地銀等,売り,302006184.0,1.2,-10911085.0
2025-10-04,stock_val_1_251004.xls,委託内訳累計,都銀・地銀等,売り,449008967.0,1.4,-78640830.0
2025-10-04,stock_val_1_251004.xls,委託内訳,都銀・地銀等,買い,291095099.0,1.2,
2025-10-04,stock_val_1_251004.xls,委託内訳累計,都銀・地銀等,買い,370368137.0,1.2,
2025-10-04,stock_val_1_251004.xls,委託内訳,都銀・地銀等,売り,36312283.0,0.1,-239499.0
2025-10-04,stock_val_1_251004.xls,委託内訳累計,都銀・地銀等,売り,33961094.0,0.1,-7883959.0
2025-10-04,stock_val_1_251004.xls,委託内訳,都銀・地銀等,買い,36072784.0,0.1,
2025-10-04,stock_val_1_251004.xls,委託内訳累計,都銀・地銀等,買い,26077135.0,0.1,
2025-10-05,stock_val_1_251005.xls,委託内訳,海外投資家,売り,19289248274.0,62.0,
2025-10-05,stock_val_1_251005.xls,委託内訳累計,海外投資家,売り,27107294438.0,63.0,
2025-10-05,stock_val_1_251005.xls,委託内訳,海外投資家,買い,19932893345.0,64.2,643645071.0
2025-10-05,stock_val_1_251005.xls,委託内訳累計,海外投資家,買い,27453236403.0,63.7,345941965.0
2025-10-05,stock_val_1_251005.xls,委託内訳,証券会社,売り,150666683.0,0.5,-24937141.0
2025-10-05,stock_val_1_251005.xls,委託内訳累計,証券会社,売り,150774282.0,0.4,-11789707.0
2025-10-05,stock_val_1_251005.xls,委託内訳,証券会社,買い,125729542.0,0.4,
2025-10-05,stock_val_1_251005.xls,委託内訳累計,証券会社,買い,138984575.0,0.3,
2025-10-05,stock_val_1_251005.xls,委託内訳,投資信託,売り,498636513.0,1.6,-116556111.0
2025-10-05,stock_val_1_251005.xls,委託内訳累計,投資信託,売り,1851218696.0,4.3,-336537362.0
2025-10-05,stock_val_1_251005.xls,委託内訳,投資信託,買い,382080402.0,1.2,
2025-10-05,stock_val_1_251005.xls,委託内訳累計,投資信託,買い,1514681334.0,3.5,
2025-10-05,stock_val_1_251005.xls,委託内訳,事業法人,売り,436021374.0,1.4,
2025-10-05,stock_val_1_251005.xls,委託内訳累計,事業法人,売り,381450612.0,0.9,
2025-10-05,stock_val_1_251005.xls,委託内訳,事業法人,買い,499997312.0,1.6,63975938.0
2025-10-05,stock_val_1_251005.xls,委託内訳累計,事業法人,買い,548817883.0,1.3,167367271.0
2025-10-05,stock_val_1_251005.xls,委託内訳,その他法人等,売り,66716524.0,0.2,
2025-10-05,stock_val_1_251005.xls,委託内訳累計,その他法人等,売り,79271304.0,0.2,
2025-10-05,stock_val_1_251005.xls,委託内訳,その他法人等,買い,92705308.0,0.3,25988784.0
2025-10-05,stock_val_1_251005.xls,委託内訳累計,その他法人等,買い,91339797.0,0.2,12068493.0
2025-10-05,stock_val_1_251005.xls,委託内訳,その他法人等,売り,578852395.0,1.9,-144756941.0
2025-10-05,stock_val_1_251005.xls,委託内訳累計,その他法人等,売り,1917740474.0,4.5,
2025-10-05,stock_val_1_251005.xls,委託内訳,その他法人等,買い,434095454.0,1.4,
2025-10-05,stock_val_1_251005.xls,委託内訳累計,その他法人等,買い,2001853254.0,4.6,84112780.0
2025-10-05,stock_val_1_251005.xls,委託内訳,生保・損保,売り,60265709.0,0.2,-49688632.0
2025-10-05,stock_val_1_251005.xls,委託内訳累計,生保・損保,売り,62480245.0,0.1,-38046388.0
2025-10-05,stock_val_1_251005.xls,委託内訳,生保・損保,買い,10577077.0,0.0,
2025-10-05,stock_val_1_251005.xls,委託内訳累計,生保・損保,買い,24433857.0,0.1,
2025-10-05,stock_val_1_251005.xls,委託内訳,都銀・地銀等,売り,35616625.0,0.1,-8543520.0
2025-10-05,stock_val_1_251005.xls,委託内訳累計,都銀・地銀等,売り,573406543.0,1.3,-20375009.0
2025-10-05,stock_val_1_251005.xls,委託内訳,都銀・地銀等,買い,27073105.0,0.1,
2025-10-05,stock_val_1_251005.xls,委託内訳累計,都銀・地銀等,買い,553031534.0,1.3,
2025-10-05,stock_val_1_251005.xls,委託内訳,都銀・地銀等,売り,449008967.0,1.4,-78640830.0
2025-10-05,stock_val_1_251005.xls,委託内訳累計,都銀・地銀等,売り,1246882448.0,2.9,
2025-10-05,stock_val_1_251005.xls,委託内訳,都銀・地銀等,買い,370368137.0,1.2,
2025-10-05,stock_val_1_251005.xls,委託内訳累計,都銀・地銀等,買い,1385717524.0,3.2,138835076.0
2025-10-05,stock_val_1_251005.xls,委託内訳,都銀・地銀等,売り,33961094.0,0.1,-7883959.0
2025-10-05,stock_val_1_251005.xls,委託内訳累計,都銀・地銀等,売り,34971238.0,0.1,
2025-10-05,stock_val_1_251005.xls,委託内訳,都銀・地銀等,買い,26077135.0,0.1,
2025-10-05,stock_val_1_251005.xls,委託内訳累計,都銀・地銀等,買い,38670339.0,0.1,3699101.0
2025-11-01,stock_val_1_251101.xls,委託内訳,海外投資家,売り,27107294438.0,63.0,
2025-11-01,stock_val_1_251101.xls,委託内訳累計,海外投資家,売り,22732479166.0,68.2,-355936941.0
2025-11-01,stock_val_1_251101.xls,委託内訳,海外投資家,買い,27453236403.0,63.7,345941965.0
2025-11-01,stock_val_1_251101.xls,委託内訳累計,海外投資家,買い,22376542225.0,65.7,
2025-11-01,stock_val_1_251101.xls,委託内訳,証券会社,売り,150774282.0,0.4,-11789707.0
2025-11-01,stock_val_1_251101.xls,委託内訳累計,証券会社,売り,144713283.0,0.4,
2025-11-01,stock_val_1_251101.xls,委託内訳,証券会社,買い,138984575.0,0.3,
2025-11-01,stock_val_1_251101.xls,委託内訳累計,証券会社,買い,165956141.0,0.5,21242858.0
2025-11-01,stock_val_1_251101.xls,委託内訳,投資信託,売り,1851218696.0,4.3,-336537362.0
2025-11-01,stock_val_1_251101.xls,委託内訳累計,投資信託,売り,599070245.0,1.8,
2025-11-01,stock_val_1_251101.xls,委託内訳,投資信託,買い,1514681334.0,3.5,
2025-11-01,stock_val_1_251101.xls,委託内訳累計,投資信託,買い,860391829.0,2.5,261321584.0
2025-11-01,stock_val_1_251101.xls,委託内訳,事業法人,売り,381450612.0,0.9,
2025-11-01,stock_val_1_251101.xls,委託内訳累計,事業法人,売り,284436423.0,0.9,
2025-11-01,stock_val_1_251101.xls,委託内訳,事業法人,買い,548817883.0,1.3,167367271.0
2025-11-01,stock_val_1_251101.xls,委託内訳累計,事業法人,買い,489918739.0,1.4,205482316.0
2025-11-01,stock_val_1_251101.xls,委託内訳,その他法人等,売り,79271304.0,0.2,
2025-11-01,stock_val_1_251101.xls,委託内訳累計,その他法人等,売り,63182944.0,0.2,
2025-11-01,stock_val_1_251101.xls,委託内訳,その他法人等,買い,91339797.0,0.2,12068493.0
2025-11-01,stock_val_1_251101.xls,委託内訳累計,その他法人等,買い,77114030.0,0.2,13931086.0
2025-11-01,stock_val_1_251101.xls,委託内訳,その他法人等,売り,1917740474.0,4.5,
2025-11-01,stock_val_1_251101.xls,委託内訳累計,その他法人等,売り,659686440.0,2.0,
2025-11-01,stock_val_1_251101.xls,委託内訳,その他法人等,買い,2001853254.0,4.6,84112780.0
2025-11-01,stock_val_1_251101.xls,委託内訳累計,その他法人等,買い,670867646.0,2.0,11181206.0
2025-11-01,stock_val_1_251101.xls,委託内訳,生保・損保,売り,62480245.0,0.1,-38046388.0
2025-11-01,stock_val_1_251101.xls,委託内訳累計,生保・損保,売り,54647255.0,0.2,-30305607.0
2025-11-01,stock_val_1_251101.xls,委託内訳,生保・損保,買い,24433857.0,0.1,
2025-11-01,stock_val_1_251101.xls,委託内訳累計,生保・損保,買い,24341648.0,0.1,
2025-11-01,stock_val_1_251101.xls,委託内訳,都銀・地銀等,売り,573406543.0,1.3,-20375009.0
2025-11-01,stock_val_1_251101.xls,委託内訳累計,都銀・地銀等,売り,34017830.0,0.1,-19848810.0
2025-11-01,stock_val_1_251101.xls,委託内訳,都銀・地銀等,買い,553031534.0,1.3,
2025-11-01,stock_val_1_251101.xls,委託内訳累計,都銀・地銀等,買い,14169020.0,0.0,
2025-11-01,stock_val_1_251101.xls,委託内訳,都銀・地銀等,売り,1246882448.0,2.9,
2025-11-01,stock_val_1_251101.xls,委託内訳累計,都銀・地銀等,売り,528730001.0,1.6,
2025-11-01,stock_val_1_251101.xls,委託内訳,都銀・地銀等,買い,1385717524.0,3.2,138835076.0
2025-11-01,stock_val_1_251101.xls,委託内訳累計,都銀・地銀等,買い,604308160.0,1.8,75578159.0
2025-11-01,stock_val_1_251101.xls,委託内訳,都銀・地銀等,売り,34971238.0,0.1,
2025-11-01,stock_val_1_251101.xls,委託内訳累計,都銀・地銀等,売り,42291354.0,0.1,-14242536.0
2025-11-01,stock_val_1_251101.xls,委託内訳,都銀・地銀等,買い,38670339.0,0.1,3699101.0
2025-11-01,stock_val_1_251101.xls,委託内訳累計,都銀・地銀等,買い,28048818.0,0.1,
2025-11-02,stock_val_1_251102.xls,委託内訳,海外投資家,売り,22732479166.0,68.2,-355936941.0
2025-11-02,stock_val_1_251102.xls,委託内訳累計,海外投資家,売り,22342904814.0,63.4,
2025-11-02,stock_val_1_251102.xls,委託内訳,海外投資家,買い,22376542225.0,65.7,
2025-11-02,stock_val_1_251102.xls,委託内訳累計,海外投資家,買い,22857674528.0,65.4,514769714.0
2025-11-02,stock_val_1_251102.xls,委託内訳,証券会社,売り,144713283.0,0.4,
2025-11-02,stock_val_1_251102.xls,委託内訳累計,証券会社,売り,182676062.0,0.5,-19798093.0
2025-11-02,stock_val_1_251102.xls,委託内訳,証券会社,買い,165956141.0,0.5,21242858.0
2025-11-02,stock_val_1_251102.xls,委託内訳累計,証券会社,買い,162877969.0,0.5,
2025-11-02,stock_val_1_251102.xls,委託内訳,投資信託,売り,599070245.0,1.8,
2025-11-02,stock_val_1_251102.xls,委託内訳累計,投資信託,売り,456708175.0,1.3,-44635851.0
2025-11-02,stock_val_1_251102.xls,委託内訳,投資信託,買い,860391829.0,2.5,261321584.0
2025-11-02,stock_val_1_251102.xls,委託内訳累計,投資信託,買い,412072324.0,1.2,
2025-11-02,stock_val_1_251102.xls,委託内訳,事業法人,売り,284436423.0,0.9,
2025-11-02,stock_val_1_251102.xls,委託内訳累計,事業法人,売り,396340887.0,1.1,
2025-11-02,stock_val_1_251102.xls,委託内訳,事業法人,買い,489918739.0,1.4,205482316.0
2025-11-02,stock_val_1_251102.xls,委託内訳累計,事業法人,買い,588702246.0,1.7,192361359.0
2025-11-02,stock_val_1_251102.xls,委託内訳,その他法人等,売り,63182944.0,0.2,
2025-11-02,stock_val_1_251102.xls,委託内訳累計,その他法人等,売り,76096105.0,0.2,
2025-11-02,stock_val_1_251102.xls,委託内訳,その他法人等,買い,77114030.0,0.2,13931086.0
2025-11-02,stock_val_1_251102.xls,委託内訳累計,その他法人等,買い,143337255.0,0.4,67241150.0
2025-11-02,stock_val_1_251102.xls,委託内訳,その他法人等,売り,659686440.0,2.0,
2025-11-02,stock_val_1_251102.xls,委託内訳累計,その他法人等,売り,1320434681.0,3.7,-741275154.0
2025-11-02,stock_val_1_251102.xls,委託内訳,その他法人等,買い,670867646.0,2.0,11181206.0
2025-11-02,stock_val_1_251102.xls,委託内訳累計,その他法人等,買い,579159527.0,1.7,
2025-11-02,stock_val_1_251102.xls,委託内訳,生保・損保,売り,54647255.0,0.2,-30305607.0
2025-11-02,stock_val_1_251102.xls,委託内訳累計,生保・損保,売り,134732404.0,0.4,-106395597.0
2025-11-02,stock_val_1_251102.xls,委託内訳,生保・損保,買い,24341648.0,0.1,
2025-11-02,stock_val_1_251102.xls,委託内訳累計,生保・損保,買い,28336807.0,0.1,
2025-11-02,stock_val_1_251102.xls,委託内訳,都銀・地銀等,売り,34017830.0,0.1,-19848810.0
2025-11-02,stock_val_1_251102.xls,委託内訳累計,都銀・地銀等,売り,104264854.0,0.3,-88394254.0
2025-11-02,stock_val_1_251102.xls,委託内訳,都銀・地銀等,買い,14169020.0,0.0,
2025-11-02,stock_val_1_251102.xls,委託内訳累計,都銀・地銀等,買い,15870600.0,0.0,
2025-11-02,stock_val_1_251102.xls,委託内訳,都銀・地銀等,売り,528730001.0,1.6,
2025-11-02,stock_val_1_251102.xls,委託内訳累計,都銀・地銀等,売り,1051132880.0,3.0,-539765297.0
2025-11-02,stock_val_1_251102.xls,委託内訳,都銀・地銀等,買い,604308160.0,1.8,75578159.0
2025-11-02,stock_val_1_251102.xls,委託内訳累計,都銀・地銀等,買い,511367583.0,1.5,
2025-11-02,stock_val_1_251102.xls,委託内訳,都銀・地銀等,売り,42291354.0,0.1,-14242536.0
2025-11-02,stock_val_1_251102.xls,委託内訳累計,都銀・地銀等,売り,30304543.0,0.1,-6720006.0
2025-11-02,stock_val_1_251102.xls,委託内訳,都銀・地銀等,買い,28048818.0,0.1,
2025-11-02,stock_val_1_251102.xls,委託内訳累計,都銀・地銀等,買い,23584537.0,0.1,
2025-11-03,stock_val_1_251103.xls,委託内訳,海外投資家,売り,22342904814.0,63.4,
2025-11-03,stock_val_1_251103.xls,委託内訳累計,海外投資家,売り,25174961847.0,66.9,-383632919.0
2025-11-03,stock_val_1_251103.xls,委託内訳,海外投資家,買い,22857674528.0,65.4,514769714.0
2025-11-03,stock_val_1_251103.xls,委託内訳累計,海外投資家,買い,24791328928.0,66.3,
2025-11-03,stock_val_1_251103.xls,委託内訳,証券会社,売り,182676062.0,0.5,-19798093.0
2025-11-03,stock_val_1_251103.xls,委託内訳累計,証券会社,売り,136887586.0,0.4,
2025-11-03,stock_val_1_251103.xls,委託内訳,証券会社,買い,162877969.0,0.5,
2025-11-03,stock_val_1_251103.xls,委託内訳累計,証券会社,買い,144156375.0,0.4,7268789.0
2025-11-03,stock_val_1_251103.xls,委託内訳,投資信託,売り,456708175.0,1.3,-44635851.0
2025-11-03,stock_val_1_251103.xls,委託内訳累計,投資信託,売り,1001175566.0,2.7,-124649985.0
2025-11-03,stock_val_1_251103.xls,委託内訳,投資信託,買い,412072324.0,1.2,
2025-11-03,stock_val_1_251103.xls,委託内訳累計,投資信託,買い,876525581.0,2.3,
2025-11-03,stock_val_1_251103.xls,委託内訳,事業法人,売り,396340887.0,1.1,
2025-11-03,stock_val_1_251103.xls,委託内訳累計,事業法人,売り,383864568.0,1.0,
2025-11-03,stock_val_1_251103.xls,委託内訳,事業法人,買い,588702246.0,1.7,192361359.0
2025-11-03,stock_val_1_251103.xls,委託内訳累計,事業法人,買い,643360046.0,1.7,259495478.0
2025-11-03,stock_val_1_251103.xls,委託内訳,その他法人等,売り,76096105.0,0.2,
2025-11-03,stock_val_1_251103.xls,委託内訳累計,その他法人等,売り,58854219.0,0.2,
2025-11-03,stock_val_1_251103.xls,委託内訳,その他法人等,買い,143337255.0,0.4,67241150.0
2025-11-03,stock_val_1_251103.xls,委託内訳累計,その他法人等,買い,89523883.0,0.2,30669664.0
2025-11-03,stock_val_1_251103.xls,委託内訳,その他法人等,売り,1320434681.0,3.7,-741275154.0
2025-11-03,stock_val_1_251103.xls,委託内訳累計,その他法人等,売り,1207854385.0,3.2,-186790963.0
2025-11-03,stock_val_1_251103.xls,委託内訳,その他法人等,買い,579159527.0,1.7,
2025-11-03,stock_val_1_251103.xls,委託内訳累計,その他法人等,買い,1021063422.0,2.7,
2025-11-03,stock_val_1_251103.xls,委託内訳,生保・損保,売り,134732404.0,0.4,-106395597.0
2025-11-03,stock_val_1_251103.xls,委託内訳累計,生保・損保,売り,119396124.0,0.3,-59954969.0
2025-11-03,stock_val_1_251103.xls,委託内訳,生保・損保,買い,28336807.0,0.1,
2025-11-03,stock_val_1_251103.xls,委託内訳累計,生保・損保,買い,59441155.0,0.2,
2025-11-03,stock_val_1_251103.xls,委託内訳,都銀・地銀等,売り,104264854.0,0.3,-88394254.0
2025-11-03,stock_val_1_251103.xls,委託内訳累計,都銀・地銀等,売り,51423910.0,0.1,-36224060.0
2025-11-03,stock_val_1_251103.xls,委託内訳,都銀・地銀等,買い,15870600.0,0.0,
2025-11-03,stock_val_1_251103.xls,委託内訳累計,都銀・地銀等,買い,15199850.0,0.0,
2025-11-03,stock_val_1_251103.xls,委託内訳,都銀・地銀等,売り,1051132880.0,3.0,-539765297.0
2025-11-03,stock_val_1_251103.xls,委託内訳累計,都銀・地銀等,売り,997758400.0,2.6,-83461070.0
2025-11-03,stock_val_1_251103.xls,委託内訳,都銀・地銀等,買い,511367583.0,1.5,
2025-11-03,stock_val_1_251103.xls,委託内訳累計,都銀・地銀等,買い,914297330.0,2.4,
2025-11-03,stock_val_1_251103.xls,委託内訳,都銀・地銀等,売り,30304543.0,0.1,-6720006.0
2025-11-03,stock_val_1_251103.xls,委託内訳累計,都銀・地銀等,売り,39275951.0,0.1,-7150864.0
2025-11-03,stock_val_1_251103.xls,委託内訳,都銀・地銀等,買い,23584537.0,0.1,
2025-11-03,stock_val_1_251103.xls,委託内訳累計,都銀・地銀等,買い,32125087.0,0.1,
2025-11-04,stock_val_1_251104.xls,委託内訳,海外投資家,売り,25174961847.0,66.9,-383632919.0
2025-11-04,stock_val_1_251104.xls,委託内訳累計,海外投資家,売り,15248372057.0,63.9,-116267300.0
2025-11-04,stock_val_1_251104.xls,委託内訳,海外投資家,買い,24791328928.0,66.3,
2025-11-04,stock_val_1_251104.xls,委託内訳累計,海外投資家,買い,15132104757.0,64.3,
2025-11-04,stock_val_1_251104.xls,委託内訳,証券会社,売り,136887586.0,0.4,
2025-11-04,stock_val_1_251104.xls,委託内訳累計,証券会社,売り,105260828.0,0.4,-9462429.0
2025-11-04,stock_val_1_251104.xls,委託内訳,証券会社,買い,144156375.0,0.4,7268789.0
2025-11-04,stock_val_1_251104.xls,委託内訳累計,証券会社,買い,95798399.0,0.4,
2025-11-04,stock_val_1_251104.xls,委託内訳,投資信託,売り,1001175566.0,2.7,-124649985.0
2025-11-04,stock_val_1_251104.xls,委託内訳累計,投資信託,売り,449596455.0,1.9,
2025-11-04,stock_val_1_251104.xls,委託内訳,投資信託,買い,876525581.0,2.3,
2025-11-04,stock_val_1_251104.xls,委託内訳累計,投資信託,買い,485290542.0,2.1,35694087.0
2025-11-04,stock_val_1_251104.xls,委託内訳,事業法人,売り,383864568.0,1.0,
2025-11-04,stock_val_1_251104.xls,委託内訳累計,事業法人,売り,245367778.0,1.0,
2025-11-04,stock_val_1_251104.xls,委託内訳,事業法人,買い,643360046.0,1.7,259495478.0
2025-11-04,stock_val_1_251104.xls,委託内訳累計,事業法人,買い,412754014.0,1.8,167386236.0
2025-11-04,stock_val_1_251104.xls,委託内訳,その他法人等,売り,58854219.0,0.2,
2025-11-04,stock_val_1_251104.xls,委託内訳累計,その他法人等,売り,51028004.0,0.2,
2025-11-04,stock_val_1_251104.xls,委託内訳,その他法人等,買い,89523883.0,0.2,30669664.0
2025-11-04,stock_val_1_251104.xls,委託内訳累計,その他法人等,買い,84776586.0,0.4,33748582.0
2025-11-04,stock_val_1_251104.xls,委託内訳,その他法人等,売り,1207854385.0,3.2,-186790963.0
2025-11-04,stock_val_1_251104.xls,委託内訳累計,その他法人等,売り,843652453.0,3.5,-16605215.0
2025-11-04,stock_val_1_251104.xls,委託内訳,その他法人等,買い,1021063422.0,2.7,
2025-11-04,stock_val_1_251104.xls,委託内訳累計,その他法人等,買い,827047238.0,3.5,
2025-11-04,stock_val_1_251104.xls,委託内訳,生保・損保,売り,119396124.0,0.3,-59954969.0
2025-11-04,stock_val_1_251104.xls,委託内訳累計,生保・損保,売り,42106672.0,0.2,-24443049.0
2025-11-04,stock_val_1_251104.xls,委託内訳,生保・損保,買い,59441155.0,0.2,
2025-11-04,stock_val_1_251104.xls,委託内訳累計,生保・損保,買い,17663623.0,0.1,
2025-11-04,stock_val_1_251104.xls,委託内訳,都銀・地銀等,売り,51423910.0,0.1,-36224060.0
2025-11-04,stock_val_1_251104.xls,委託内訳累計,都銀・地銀等,売り,37613277.0,0.2,-21752715.0
2025-11-04,stock_val_1_251104.xls,委託内訳,都銀・地銀等,買い,15199850.0,0.0,
2025-11-04,stock_val_1_251104.xls,委託内訳累計,都銀・地銀等,買い,15860562.0,0.1,
2025-11-04,stock_val_1_251104.xls,委託内訳,都銀・地銀等,売り,997758400.0,2.6,-83461070.0
2025-11-04,stock_val_1_251104.xls,委託内訳累計,都銀・地銀等,売り,751794528.0,3.1,
2025-11-04,stock_val_1_251104.xls,委託内訳,都銀・地銀等,買い,914297330.0,2.4,
2025-11-04,stock_val_1_251104.xls,委託内訳累計,都銀・地銀等,買い,775429462.0,3.3,23634934.0
2025-11-04,stock_val_1_251104.xls,委託内訳,都銀・地銀等,売り,39275951.0,0.1,-7150864.0
2025-11-04,stock_val_1_251104.xls,委託内訳累計,都銀・地銀等,売り,12137976.0,0.1,
2025-11-04,stock_val_1_251104.xls,委託内訳,都銀・地銀等,買い,32125087.0,0.1,
2025-11-04,stock_val_1_251104.xls,委託内訳累計,都銀・地銀等,買い,18093591.0,0.1,5955615.0
2025-12-01,stock_val_1_251201.xls,委託内訳,海外投資家,売り,15248372057.0,63.9,-116267300.0
2025-12-01,stock_val_1_251201.xls,委託内訳累計,海外投資家,売り,19164863500.0,64.8,
2025-12-01,stock_val_1_251201.xls,委託内訳,海外投資家,買い,15132104757.0,64.3,
2025-12-01,stock_val_1_251201.xls,委託内訳累計,海外投資家,買い,19168322711.0,64.2,3459211.0
2025-12-01,stock_val_1_251201.xls,委託内訳,証券会社,売り,105260828.0,0.4,-9462429.0
2025-12-01,stock_val_1_251201.xls,委託内訳累計,証券会社,売り,122983057.0,0.4,
2025-12-01,stock_val_1_251201.xls,委託内訳,証券会社,買い,95798399.0,0.4,
2025-12-01,stock_val_1_251201.xls,委託内訳累計,証券会社,買い,126386193.0,0.4,3403136.0
2025-12-01,stock_val_1_251201.xls,委託内訳,投資信託,売り,449596455.0,1.9,
2025-12-01,stock_val_1_251201.xls,委託内訳累計,投資信託,売り,522963531.0,1.8,
2025-12-01,stock_val_1_251201.xls,委託内訳,投資信託,買い,485290542.0,2.1,35694087.0
2025-12-01,stock_val_1_251201.xls,委託内訳累計,投資信託,買い,692866891.0,2.3,169903360.0
2025-12-01,stock_val_1_251201.xls,委託内訳,事業法人,売り,245367778.0,1.0,
2025-12-01,stock_val_1_251201.xls,委託内訳累計,事業法人,売り,318599768.0,1.1,
2025-12-01,stock_val_1_251201.xls,委託内訳,事業法人,買い,412754014.0,1.8,167386236.0
2025-12-01,stock_val_1_251201.xls,委託内訳累計,事業法人,買い,522401747.0,1.8,203801979.0
2025-12-01,stock_val_1_251201.xls,委託内訳,その他法人等,売り,51028004.0,0.2,
2025-12-01,stock_val_1_251201.xls,委託内訳累計,その他法人等,売り,46224575.0,0.2,
2025-12-01,stock_val_1_251201.xls,委託内訳,その他法人等,買い,84776586.0,0.4,33748582.0
2025-12-01,stock_val_1_251201.xls,委託内訳累計,その他法人等,買い,91774316.0,0.3,45549741.0
2025-12-01,stock_val_1_251201.xls,委託内訳,その他法人等,売り,843652453.0,3.5,-16605215.0
2025-12-01,stock_val_1_251201.xls,委託内訳累計,その他法人等,売り,1182152958.0,4.0,-376347696.0
2025-12-01,stock_val_1_251201.xls,委託内訳,その他法人等,買い,827047238.0,3.5,
2025-12-01,stock_val_1_251201.xls,委託内訳累計,その他法人等,買い,805805262.0,2.7,
2025-12-01,stock_val_1_251201.xls,委託内訳,生保・損保,売り,42106672.0,0.2,-24443049.0
2025-12-01,stock_val_1_251201.xls,委託内訳累計,生保・損保,売り,106392190.0,0.4,-82890517.0
2025-12-01,stock_val_1_251201.xls,委託内訳,生保・損保,買い,17663623.0,0.1,
2025-12-01,stock_val_1_251201.xls,委託内訳累計,生保・損保,買い,23501673.0,0.1,
2025-12-01,stock_val_1_251201.xls,委託内訳,都銀・地銀等,売り,37613277.0,0.2,-21752715.0
2025-12-01,stock_val_1_251201.xls,委託内訳累計,都銀・地銀等,売り,101070058.0,0.3,-64142262.0
2025-12-01,stock_val_1_251201.xls,委託内訳,都銀・地銀等,買い,15860562.0,0.1,
2025-12-01,stock_val_1_251201.xls,委託内訳累計,都銀・地銀等,買い,36927796.0,0.1,
2025-12-01,stock_val_1_251201.xls,委託内訳,都銀・地銀等,売り,751794528.0,3.1,
2025-12-01,stock_val_1_251201.xls,委託内訳累計,都銀・地銀等,売り,910199042.0,3.1,-208493781.0
2025-12-01,stock_val_1_251201.xls,委託内訳,都銀・地銀等,買い,775429462.0,3.3,23634934.0
2025-12-01,stock_val_1_251201.xls,委託内訳累計,都銀・地銀等,買い,701705261.0,2.4,
2025-12-01,stock_val_1_251201.xls,委託内訳,都銀・地銀等,売り,12137976.0,0.1,
2025-12-01,stock_val_1_251201.xls,委託内訳累計,都銀・地銀等,売り,64491668.0,0.2,-20821136.0
2025-12-01,stock_val_1_251201.xls,委託内訳,都銀・地銀等,買い,18093591.0,0.1,5955615.0
2025-12-01,stock_val_1_251201.xls,委託内訳累計,都銀・地銀等,買い,43670532.0,0.1,
2025-12-02,stock_val_1_251202.xls,委託内訳,海外投資家,売り,19164863500.0,64.8,
2025-12-02,stock_val_1_251202.xls,委託内訳累計,海外投資家,売り,18750255047.0,64.7,
2025-12-02,stock_val_1_251202.xls,委託内訳,海外投資家,買い,19168322711.0,64.2,3459211.0
2025-12-02,stock_val_1_251202.xls,委託内訳累計,海外投資家,買い,18940047324.0,64.2,189792277.0
2025-12-02,stock_val_1_251202.xls,委託内訳,証券会社,売り,122983057.0,0.4,
2025-12-02,stock_val_1_251202.xls,委託内訳累計,証券会社,売り,139424184.0,0.5,-1162096.0
2025-12-02,stock_val_1_251202.xls,委託内訳,証券会社,買い,126386193.0,0.4,3403136.0
2025-12-02,stock_val_1_251202.xls,委託内訳累計,証券会社,買い,138262088.0,0.5,
2025-12-02,stock_val_1_251202.xls,委託内訳,投資信託,売り,522963531.0,1.8,
2025-12-02,stock_val_1_251202.xls,委託内訳累計,投資信託,売り,604705468.0,2.1,
2025-12-02,stock_val_1_251202.xls,委託内訳,投資信託,買い,692866891.0,2.3,169903360.0
2025-12-02,stock_val_1_251202.xls,委託内訳累計,投資信託,買い,749401162.0,2.5,144695694.0
2025-12-02,stock_val_1_251202.xls,委託内訳,事業法人,売り,318599768.0,1.1,
2025-12-02,stock_val_1_251202.xls,委託内訳累計,事業法人,売り,301518173.0,1.0,
2025-12-02,stock_val_1_251202.xls,委託内訳,事業法人,買い,522401747.0,1.8,203801979.0
2025-12-02,stock_val_1_251202.xls,委託内訳累計,事業法人,買い,532721324.0,1.8,231203151.0
2025-12-02,stock_val_1_251202.xls,委託内訳,その他法人等,売り,46224575.0,0.2,
2025-12-02,stock_val_1_251202.xls,委託内訳累計,その他法人等,売り,41431018.0,0.1,
2025-12-02,stock_val_1_251202.xls,委託内訳,その他法人等,買い,91774316.0,0.3,45549741.0
2025-12-02,stock_val_1_251202.xls,委託内訳累計,その他法人等,買い,151412567.0,0.5,109981549.0
2025-12-02,stock_val_1_251202.xls,委託内訳,その他法人等,売り,1182152958.0,4.0,-376347696.0
2025-12-02,stock_val_1_251202.xls,委託内訳累計,その他法人等,売り,596759333.0,2.1,
2025-12-02,stock_val_1_251202.xls,委託内訳,その他法人等,買い,805805262.0,2.7,
2025-12-02,stock_val_1_251202.xls,委託内訳累計,その他法人等,買い,698080716.0,2.4,101321383.0
2025-12-02,stock_val_1_251202.xls,委託内訳,生保・損保,売り,106392190.0,0.4,-82890517.0
2025-12-02,stock_val_1_251202.xls,委託内訳累計,生保・損保,売り,72531221.0,0.3,-43389055.0
2025-12-02,stock_val_1_251202.xls,委託内訳,生保・損保,買い,23501673.0,0.1,
2025-12-02,stock_val_1_251202.xls,委託内訳累計,生保・損保,買い,29142166.0,0.1,
2025-12-02,stock_val_1_251202.xls,委託内訳,都銀・地銀等,売り,101070058.0,0.3,-64142262.0
2025-12-02,stock_val_1_251202.xls,委託内訳累計,都銀・地銀等,売り,37799206.0,0.1,
2025-12-02,stock_val_1_251202.xls,委託内訳,都銀・地銀等,買い,36927796.0,0.1,
2025-12-02,stock_val_1_251202.xls,委託内訳累計,都銀・地銀等,買い,45409282.0,0.2,7610076.0
2025-12-02,stock_val_1_251202.xls,委託内訳,都銀・地銀等,売り,910199042.0,3.1,-208493781.0
2025-12-02,stock_val_1_251202.xls,委託内訳累計,都銀・地銀等,売り,458350862.0,1.6,
2025-12-02,stock_val_1_251202.xls,委託内訳,都銀・地銀等,買い,701705261.0,2.4,
2025-12-02,stock_val_1_251202.xls,委託内訳累計,都銀・地銀等,買い,587723025.0,2.0,129372163.0
2025-12-02,stock_val_1_251202.xls,委託内訳,都銀・地銀等,売り,64491668.0,0.2,-20821136.0
2025-12-02,stock_val_1_251202.xls,委託内訳累計,都銀・地銀等,売り,28078044.0,0.1,
2025-12-02,stock_val_1_251202.xls,委託内訳,都銀・地銀等,買い,43670532.0,0.1,
2025-12-02,stock_val_1_251202.xls,委託内訳累計,都銀・地銀等,買い,35806243.0,0.1,7728199.0
2025-12-03,stock_val_1_251203.xls,委託内訳,海外投資家,売り,18750255047.0,64.7,
2025-12-03,stock_val_1_251203.xls,委託内訳累計,海外投資家,売り,20005030915.0,67.0,-439099493.0
2025-12-03,stock_val_1_251203.xls,委託内訳,海外投資家,買い,18940047324.0,64.2,189792277.0
2025-12-03,stock_val_1_251203.xls,委託内訳累計,海外投資家,買い,19565931422.0,66.1,
2025-12-03,stock_val_1_251203.xls,委託内訳,証券会社,売り,139424184.0,0.5,-1162096.0
2025-12-03,stock_val_1_251203.xls,委託内訳累計,証券会社,売り,112035784.0,0.4,
2025-12-03,stock_val_1_251203.xls,委託内訳,証券会社,買い,138262088.0,0.5,
2025-12-03,stock_val_1_251203.xls,委託内訳累計,証券会社,買い,120910617.0,0.4,8874833.0
2025-12-03,stock_val_1_251203.xls,委託内訳,投資信託,売り,604705468.0,2.1,
2025-12-03,stock_val_1_251203.xls,委託内訳累計,投資信託,売り,686611776.0,2.3,-77501459.0
2025-12-03,stock_val_1_251203.xls,委託内訳,投資信託,買い,749401162.0,2.5,144695694.0
2025-12-03,stock_val_1_251203.xls,委託内訳累計,投資信託,買い,609110317.0,2.1,
2025-12-03,stock_val_1_251203.xls,委託内訳,事業法人,売り,301518173.0,1.0,
2025-12-03,stock_val_1_251203.xls,委託内訳累計,事業法人,売り,270414532.0,0.9,
2025-12-03,stock_val_1_251203.xls,委託内訳,事業法人,買い,532721324.0,1.8,231203151.0
2025-12-03,stock_val_1_251203.xls,委託内訳累計,事業法人,買い,488136153.0,1.6,217721621.0
2025-12-03,stock_val_1_251203.xls,委託内訳,その他法人等,売り,41431018.0,0.1,
2025-12-03,stock_val_1_251203.xls,委託内訳累計,その他法人等,売り,39377818.0,0.1,
2025-12-03,stock_val_1_251203.xls,委託内訳,その他法人等,買い,151412567.0,0.5,109981549.0
2025-12-03,stock_val_1_251203.xls,委託内訳累計,その他法人等,買い,85402853.0,0.3,46025035.0
2025-12-03,stock_val_1_251203.xls,委託内訳,その他法人等,売り,596759333.0,2.1,
2025-12-03,stock_val_1_251203.xls,委託内訳累計,その他法人等,売り,1202066375.0,4.0,-246918969.0
2025-12-03,stock_val_1_251203.xls,委託内訳,その他法人等,買い,698080716.0,2.4,101321383.0
2025-12-03,stock_val_1_251203.xls,委託内訳累計,その他法人等,買い,955147406.0,3.2,
2025-12-03,stock_val_1_251203.xls,委託内訳,生保・損保,売り,72531221.0,0.3,-43389055.0
2025-12-03,stock_val_1_251203.xls,委託内訳累計,生保・損保,売り,96249402.0,0.3,-60411522.0
2025-12-03,stock_val_1_251203.xls,委託内訳,生保・損保,買い,29142166.0,0.1,
2025-12-03,stock_val_1_251203.xls,委託内訳累計,生保・損保,買い,35837880.0,0.1,
2025-12-03,stock_val_1_251203.xls,委託内訳,都銀・地銀等,売り,37799206.0,0.1,
2025-12-03,stock_val_1_251203.xls,委託内訳累計,都銀・地銀等,売り,46081840.0,0.2,-30794572.0
2025-12-03,stock_val_1_251203.xls,委託内訳,都銀・地銀等,買い,45409282.0,0.2,7610076.0
2025-12-03,stock_val_1_251203.xls,委託内訳累計,都銀・地銀等,買い,15287268.0,0.1,
2025-12-03,stock_val_1_251203.xls,委託内訳,都銀・地銀等,売り,458350862.0,1.6,
2025-12-03,stock_val_1_251203.xls,委託内訳累計,都銀・地銀等,売り,1029616212.0,3.5,-176618885.0
2025-12-03,stock_val_1_251203.xls,委託内訳,都銀・地銀等,買い,587723025.0,2.0,129372163.0
2025-12-03,stock_val_1_251203.xls,委託内訳累計,都銀・地銀等,買い,852997327.0,2.9,
2025-12-03,stock_val_1_251203.xls,委託内訳,都銀・地銀等,売り,28078044.0,0.1,
2025-12-03,stock_val_1_251203.xls,委託内訳累計,都銀・地銀等,売り,30118921.0,0.1,
2025-12-03,stock_val_1_251203.xls,委託内訳,都銀・地銀等,買い,35806243.0,0.1,7728199.0
2025-12-03,stock_val_1_251203.xls,委託内訳累計,都銀・地銀等,買い,51024931.0,0.2,20906010.0
2025-12-04,stock_val_1_251204.xls,委託内訳,海外投資家,売り,20005030915.0,67.0,-439099493.0
2025-12-04,stock_val_1_251204.xls,委託内訳累計,海外投資家,売り,12616196202.0,58.2,-21032974.0
2025-12-04,stock_val_1_251204.xls,委託内訳,海外投資家,買い,19565931422.0,66.1,
2025-12-04,stock_val_1_251204.xls,委託内訳累計,海外投資家,買い,12595163228.0,58.9,
2025-12-04,stock_val_1_251204.xls,委託内訳,証券会社,売り,112035784.0,0.4,
2025-12-04,stock_val_1_251204.xls,委託内訳累計,証券会社,売り,108966953.0,0.5,-9438957.0
2025-12-04,stock_val_1_251204.xls,委託内訳,証券会社,買い,120910617.0,0.4,8874833.0
2025-12-04,stock_val_1_251204.xls,委託内訳累計,証券会社,買い,99527996.0,0.5,
2025-12-04,stock_val_1_251204.xls,委託内訳,投資信託,売り,686611776.0,2.3,-77501459.0
2025-12-04,stock_val_1_251204.xls,委託内訳累計,投資信託,売り,392802142.0,1.8,
2025-12-04,stock_val_1_251204.xls,委託内訳,投資信託,買い,609110317.0,2.1,
2025-12-04,stock_val_1_251204.xls,委託内訳累計,投資信託,買い,443453306.0,2.1,50651164.0
2025-12-04,stock_val_1_251204.xls,委託内訳,事業法人,売り,270414532.0,0.9,
2025-12-04,stock_val_1_251204.xls,委託内訳累計,事業法人,売り,285993797.0,1.3,
2025-12-04,stock_val_1_251204.xls,委託内訳,事業法人,買い,488136153.0,1.6,217721621.0
2025-12-04,stock_val_1_251204.xls,委託内訳累計,事業法人,買い,302591403.0,1.4,16597606.0
2025-12-04,stock_val_1_251204.xls,委託内訳,その他法人等,売り,39377818.0,0.1,
2025-12-04,stock_val_1_251204.xls,委託内訳累計,その他法人等,売り,41687785.0,0.2,
2025-12-04,stock_val_1_251204.xls,委託内訳,その他法人等,買い,85402853.0,0.3,46025035.0
2025-12-04,stock_val_1_251204.xls,委託内訳累計,その他法人等,買い,131703141.0,0.6,90015356.0
2025-12-04,stock_val_1_251204.xls,委託内訳,その他法人等,売り,1202066375.0,4.0,-246918969.0
2025-12-04,stock_val_1_251204.xls,委託内訳累計,その他法人等,売り,498868494.0,2.3,-24803560.0
2025-12-04,stock_val_1_251204.xls,委託内訳,その他法人等,買い,955147406.0,3.2,
2025-12-04,stock_val_1_251204.xls,委託内訳累計,その他法人等,買い,474064934.0,2.2,
2025-12-04,stock_val_1_251204.xls,委託内訳,生保・損保,売り,96249402.0,0.3,-60411522.0
2025-12-04,stock_val_1_251204.xls,委託内訳累計,生保・損保,売り,55875730.0,0.3,-43751818.0
2025-12-04,stock_val_1_251204.xls,委託内訳,生保・損保,買い,35837880.0,0.1,
2025-12-04,stock_val_1_251204.xls,委託内訳累計,生保・損保,買い,12123912.0,0.1,
2025-12-04,stock_val_1_251204.xls,委託内訳,都銀・地銀等,売り,46081840.0,0.2,-30794572.0
2025-12-04,stock_val_1_251204.xls,委託内訳累計,都銀・地銀等,売り,31472707.0,0.1,-7390649.0
2025-12-04,stock_val_1_251204.xls,委託内訳,都銀・地銀等,買い,15287268.0,0.1,
2025-12-04,stock_val_1_251204.xls,委託内訳累計,都銀・地銀等,買い,24082058.0,0.1,
2025-12-04,stock_val_1_251204.xls,委託内訳,都銀・地銀等,売り,1029616212.0,3.5,-176618885.0
2025-12-04,stock_val_1_251204.xls,委託内訳累計,都銀・地銀等,売り,390018500.0,1.8,
2025-12-04,stock_val_1_251204.xls,委託内訳,都銀・地銀等,買い,852997327.0,2.9,
2025-12-04,stock_val_1_251204.xls,委託内訳累計,都銀・地銀等,買い,420783709.0,2.0,30765209.0
2025-12-04,stock_val_1_251204.xls,委託内訳,都銀・地銀等,売り,30118921.0,0.1,
2025-12-04,stock_val_1_251204.xls,委託内訳累計,都銀・地銀等,売り,21501557.0,0.1,-4426302.0
2025-12-04,stock_val_1_251204.xls,委託内訳,都銀・地銀等,買い,51024931.0,0.2,20906010.0
2025-12-04,stock_val_1_251204.xls,委託内訳累計,都銀・地銀等,買い,17075255.0,0.1,
2025-12-05,stock_val_1_251205.xls,委託内訳,海外投資家,売り,12616196202.0,58.2,-21032974.0
2025-12-05,stock_val_1_251205.xls,委託内訳累計,海外投資家,売り,5459099568.0,62.7,-14987991.0
2025-12-05,stock_val_1_251205.xls,委託内訳,海外投資家,買い,12595163228.0,58.9,
2025-12-05,stock_val_1_251205.xls,委託内訳累計,海外投資家,買い,5444111577.0,61.1,
2025-12-05,stock_val_1_251205.xls,委託内訳,証券会社,売り,108966953.0,0.5,-9438957.0
2025-12-05,stock_val_1_251205.xls,委託内訳累計,証券会社,売り,32009069.0,0.4,
2025-12-05,stock_val_1_251205.xls,委託内訳,証券会社,買い,99527996.0,0.5,
2025-12-05,stock_val_1_251205.xls,委託内訳累計,証券会社,買い,33658914.0,0.4,1649845.0
2025-12-05,stock_val_1_251205.xls,委託内訳,投資信託,売り,392802142.0,1.8,
2025-12-05,stock_val_1_251205.xls,委託内訳累計,投資信託,売り,231840986.0,2.7,-17774159.0
2025-12-05,stock_val_1_251205.xls,委託内訳,投資信託,買い,443453306.0,2.1,50651164.0
2025-12-05,stock_val_1_251205.xls,委託内訳累計,投資信託,買い,214066827.0,2.4,
2025-12-05,stock_val_1_251205.xls,委託内訳,事業法人,売り,285993797.0,1.3,
2025-12-05,stock_val_1_251205.xls,委託内訳累計,事業法人,売り,50291558.0,0.6,
2025-12-05,stock_val_1_251205.xls,委託内訳,事業法人,買い,302591403.0,1.4,16597606.0
2025-12-05,stock_val_1_251205.xls,委託内訳累計,事業法人,買い,64171285.0,0.7,13879727.0
2025-12-05,stock_val_1_251205.xls,委託内訳,その他法人等,売り,41687785.0,0.2,
2025-12-05,stock_val_1_251205.xls,委託内訳累計,その他法人等,売り,14107617.0,0.2,
2025-12-05,stock_val_1_251205.xls,委託内訳,その他法人等,買い,131703141.0,0.6,90015356.0
2025-12-05,stock_val_1_251205.xls,委託内訳累計,その他法人等,買い,27754115.0,0.3,13646498.0
2025-12-05,stock_val_1_251205.xls,委託内訳,その他法人等,売り,498868494.0,2.3,-24803560.0
2025-12-05,stock_val_1_251205.xls,委託内訳累計,その他法人等,売り,296108808.0,3.4,
2025-12-05,stock_val_1_251205.xls,委託内訳,その他法人等,買い,474064934.0,2.2,
2025-12-05,stock_val_1_251205.xls,委託内訳累計,その他法人等,買い,312025090.0,3.5,15916282.0
2025-12-05,stock_val_1_251205.xls,委託内訳,生保・損保,売り,55875730.0,0.3,-43751818.0
2025-12-05,stock_val_1_251205.xls,委託内訳累計,生保・損保,売り,777277.0,0.0,-290267.0
2025-12-05,stock_val_1_251205.xls,委託内訳,生保・損保,買い,12123912.0,0.1,
2025-12-05,stock_val_1_251205.xls,委託内訳累計,生保・損保,買い,487010.0,0.0,
2025-12-05,stock_val_1_251205.xls,委託内訳,都銀・地銀等,売り,31472707.0,0.1,-7390649.0
2025-12-05,stock_val_1_251205.xls,委託内訳累計,都銀・地銀等,売り,2230830.0,0.0,-521650.0
2025-12-05,stock_val_1_251205.xls,委託内訳,都銀・地銀等,買い,24082058.0,0.1,
2025-12-05,stock_val_1_251205.xls,委託内訳累計,都銀・地銀等,買い,1709180.0,0.0,
2025-12-05,stock_val_1_251205.xls,委託内訳,都銀・地銀等,売り,390018500.0,1.8,
2025-12-05,stock_val_1_251205.xls,委託内訳累計,都銀・地銀等,売り,288518063.0,3.3,
2025-12-05,stock_val_1_251205.xls,委託内訳,都銀・地銀等,買い,420783709.0,2.0,30765209.0
2025-12-05,stock_val_1_251205.xls,委託内訳累計,都銀・地銀等,買い,306060969.0,3.4,17542906.0
2025-12-05,stock_val_1_251205.xls,委託内訳,都銀・地銀等,売り,21501557.0,0.1,-4426302.0
2025-12-05,stock_val_1_251205.xls,委託内訳累計,都銀・地銀等,売り,4582638.0,0.1,-814707.0
2025-12-05,stock_val_1_251205.xls,委託内訳,都銀・地銀等,買い,17075255.0,0.1,
2025-12-05,stock_val_1_251205.xls,委託内訳累計,都銀・地銀等,買い,3767931.0,0.0,
