ANALYSIS_TYPE,GAP_BUCKET,PREV_RANGE_BUCKET,OPEN_LOCATION,N225_DIMENSION,N225_VALUE,BASE_SAMPLE,CONDITIONAL_SAMPLE,BASE_AVG_MAX_UP_PCT,N225_AVG_MAX_UP_PCT,DELTA_MAX_UP_PCT,BASE_AVG_MAX_DOWN_PCT,N225_AVG_MAX_DOWN_PCT,DELTA_MAX_DOWN_PCT,BASE_AVG_CLOSE_PCT,N225_AVG_CLOSE_PCT,DELTA_CLOSE_PCT
CONDITIONAL,UNKNOWN,UNKNOWN,BETWEEN_PREV_HIGH_LOW,DIRECTION,UP_MIXED,5370,4139,1.0529452794255276,1.0396507659317866,-1.2626025068457787,-1.4841980782498645,-1.6631546477174624,-12.057458643163029,-0.5581234863610288,-0.7492413787779015,-34.242940332606935
CONDITIONAL,UNKNOWN,UNKNOWN,BETWEEN_PREV_HIGH_LOW,PERSISTENCE,MIXED,5370,4626,1.0529452794255276,1.0477449798161849,-0.4938812786339641,-1.4841980782498645,-1.5827140278843244,-6.637655113435252,-0.5581234863610288,-0.6647474144654222,-19.104003094294157
CONDITIONAL,UNKNOWN,UNKNOWN,BETWEEN_PREV_HIGH_LOW,RETURN_5M,0.05~0.2%,5370,4156,1.0529452794255276,1.0509219793814277,-0.19215623866073842,-1.4841980782498645,-1.6452778661111318,-10.852984532307792,-0.5581234863610288,-0.7215008422158895,-29.272617950569114
CONDITIONAL,UNKNOWN,UNKNOWN,BETWEEN_PREV_HIGH_LOW,RETURN_10M,0.2~0.5%,5370,4079,1.0529452794255276,1.0342855916772038,-1.7721422103249558,-1.4841980782498645,-1.659966637048095,-11.84266179656378,-0.5581234863610288,-0.7427496060467849,-33.07979760707085
CONDITIONAL,UNKNOWN,UNKNOWN,BETWEEN_PREV_HIGH_LOW,RANGE_10M,0.2~0.5%,5370,5012,1.0529452794255276,1.0522330819909422,-0.06763859893782498,-1.4841980782498645,-1.5212826052906199,-2.4986238416697506,-0.5581234863610288,-0.5939962603782699,-6.427390155381557
CONDITIONAL,UNKNOWN,UNKNOWN,BETWEEN_PREV_HIGH_LOW,NIGHT_RETURN,0.5~1%,5370,4007,1.0529452794255276,1.0508801860981318,-0.19612541769715527,-1.4841980782498645,-1.6821551943595385,-13.337648054571055,-0.5581234863610288,-0.7532325101262597,-34.958038594172734
CONDITIONAL,UNKNOWN,UNKNOWN,BETWEEN_PREV_HIGH_LOW,DIRECTION,DOWN,5370,377,1.0529452794255276,1.2172116348316988,15.60065452744065,-1.4841980782498645,-0.8951750971807982,39.68627838163151,-0.5581234863610288,0.09302128816418359,116.66679335977838
CONDITIONAL,UNKNOWN,UNKNOWN,BETWEEN_PREV_HIGH_LOW,PERSISTENCE,DOWN_PERSISTENT,5370,377,1.0529452794255276,1.2172116348316988,15.60065452744065,-1.4841980782498645,-0.8951750971807982,39.68627838163151,-0.5581234863610288,0.09302128816418359,116.66679335977838
CONDITIONAL,UNKNOWN,UNKNOWN,BETWEEN_PREV_HIGH_LOW,RETURN_5M,-0.2~-0.05%,5370,474,1.0529452794255276,1.0244953820164522,-2.7019350354652154,-1.4841980782498645,-0.8226023407124049,44.57597319608442,-0.5581234863610288,0.05312511586241046,109.51852361719926
CONDITIONAL,UNKNOWN,UNKNOWN,BETWEEN_PREV_HIGH_LOW,RETURN_10M,-0.2~0%,5370,430,1.0529452794255276,1.2861855393010995,22.151223281310926,-1.4841980782498645,-0.8289071132130464,44.151179996778026,-0.5581234863610288,0.06845197348937102,112.26466457014355
CONDITIONAL,UNKNOWN,UNKNOWN,BETWEEN_PREV_HIGH_LOW,RETURN_5M,-0.05~0.05%,5370,357,1.0529452794255276,1.1176661624663684,6.1466520915646825,-1.4841980782498645,-1.0872672581327676,26.74379019444288,-0.5581234863610288,-0.12561433947013845,77.49345036720364
CONDITIONAL,UNKNOWN,UNKNOWN,BETWEEN_PREV_HIGH_LOW,NIGHT_RETURN,-1~-0.5%,5370,170,1.0529452794255276,0.8330951765913832,-20.87953734443746,-1.4841980782498645,-0.850664268112291,42.68526010252104,-0.5581234863610288,0.0673701949096139,112.07084033479191
CONDITIONAL,UNKNOWN,UNKNOWN,BETWEEN_PREV_HIGH_LOW,RETURN_10M,0~0.2%,5370,417,1.0529452794255276,0.9885139102397996,-6.119156469449283,-1.4841980782498645,-0.7827827424560202,47.25887643116602,-0.5581234863610288,0.14975003352840555,126.8309858280248
CONDITIONAL,UNKNOWN,UNKNOWN,BETWEEN_PREV_HIGH_LOW,NIGHT_RETURN,0~0.5%,5370,512,1.0529452794255276,0.9727463213997782,-7.616631138657541,-1.4841980782498645,-0.9210579553941796,37.9423832376692,-0.5581234863610288,-0.09245531404683437,83.43461325205215
CONDITIONAL,UNKNOWN,UNKNOWN,BETWEEN_PREV_HIGH_LOW,RANGE_10M,0.5~1%,5370,304,1.0529452794255276,1.0245319965153266,-2.6984576943735346,-1.4841980782498645,-0.913153330812022,38.47496879333024,-0.5581234863610288,-0.0017007773985012887,99.69526862064338
CONDITIONAL,UNKNOWN,UNKNOWN,BETWEEN_PREV_HIGH_LOW,DIRECTION,DOWN_MIXED,5370,408,1.0529452794255276,1.1635801682310452,10.507183133569713,-1.4841980782498645,-0.9470068475515396,36.19403896087574,-0.5581234863610288,0.021940945518155605,103.93119910814197
CONDITIONAL,UNKNOWN,UNKNOWN,BETWEEN_PREV_HIGH_LOW,NIGHT_RETURN,-2~-1%,5370,157,1.0529452794255276,0.9228573616536395,-12.354670305646108,-1.4841980782498645,-0.8515648444884742,42.62458246188933,-0.5581234863610288,0.2076249458144051,137.20053910795298
CONDITIONAL,UNKNOWN,UNKNOWN,BETWEEN_PREV_HIGH_LOW,RETURN_10M,-0.5~-0.2%,5370,351,1.0529452794255276,1.1103229388687623,5.449253685294943,-1.4841980782498645,-1.1596526900777309,21.866716641678366,-0.5581234863610288,-0.09387809209244663,83.17969152229504
CONDITIONAL,UNKNOWN,UNKNOWN,BETWEEN_PREV_HIGH_LOW,DIRECTION,FLAT_MIXED,5370,81,1.0529452794255276,0.8793033841423513,-16.491065459537737,-1.4841980782498645,-0.641796642947669,56.75801954248168,-0.5581234863610288,0.23761911097626442,142.57464822445363
CONDITIONAL,UNKNOWN,UNKNOWN,BETWEEN_PREV_HIGH_LOW,NIGHT_RETURN,1~2%,5370,127,1.0529452794255276,0.9552764453900977,-9.275774909092776,-1.4841980782498645,-0.8956671181189505,39.653127756700606,-0.5581234863610288,-0.18346048386580519,67.12905148250086
CONDITIONAL,UNKNOWN,UNKNOWN,BETWEEN_PREV_HIGH_LOW,RETURN_5M,-0.5~-0.2%,5370,153,1.0529452794255276,1.2958852281286684,23.07241918931299,-1.4841980782498645,-0.9727780156415293,34.45766910110752,-0.5581234863610288,0.17048056453840693,130.54531276759954
CONDITIONAL,UNKNOWN,UNKNOWN,BETWEEN_PREV_HIGH_LOW,DIRECTION,UP,5370,365,1.0529452794255276,0.9489001677755277,-9.881340814478559,-1.4841980782498645,-0.8506883829650805,42.68363532930897,-0.5581234863610288,0.11155853590310491,119.98814574718362
CONDITIONAL,UNKNOWN,UNKNOWN,BETWEEN_PREV_HIGH_LOW,PERSISTENCE,UP_PERSISTENT,5370,365,1.0529452794255276,0.9489001677755277,-9.881340814478559,-1.4841980782498645,-0.8506883829650805,42.68363532930897,-0.5581234863610288,0.11155853590310491,119.98814574718362
CONDITIONAL,UNKNOWN,UNKNOWN,BETWEEN_PREV_HIGH_LOW,RETURN_5M,0.2~0.5%,5370,218,1.0529452794255276,0.9088789872206802,-13.682220246378618,-1.4841980782498645,-0.889633273833349,40.059666774236355,-0.5581234863610288,-0.0026767224792985304,99.52040676575882
CONDITIONAL,UNKNOWN,UNKNOWN,BETWEEN_PREV_HIGH_LOW,NIGHT_RETURN,-0.5~0%,5370,346,1.0529452794255276,1.2916057419891476,22.665989128497714,-1.4841980782498645,-0.7908470910046537,46.71552924140664,-0.5581234863610288,0.17847526909875,131.97773852206268
CONDITIONAL,UNKNOWN,UNKNOWN,BETWEEN_PREV_HIGH_LOW,RETURN_10M,0.5~1%,5370,56,1.0529452794255276,0.8605194921238377,-18.275003560173115,-1.4841980782498645,-1.2246292758801862,17.48882485252618,-0.5581234863610288,-0.5246147933178443,6.003813468173778
CONDITIONAL,UNKNOWN,UNKNOWN,BETWEEN_PREV_HIGH_LOW,NIGHT_RETURN,<-2%,5370,37,1.0529452794255276,1.3541645577314554,28.607306019764756,-1.4841980782498645,-2.005258701540209,-35.10721587139962,-0.5581234863610288,-0.871002881080407,-56.059170123686286
CONDITIONAL,0~1%,>=10,BETWEEN_PREV_HIGH_LOW,DIRECTION,DOWN,201675,42129,1.1499485636137547,1.0797556036441367,-6.104008665312312,-1.0395238850803967,-1.1518846796941522,-10.808870890452459,0.022798387784837313,-0.09778007157608709,-528.8902903964041
CONDITIONAL,0~1%,>=10,BETWEEN_PREV_HIGH_LOW,PERSISTENCE,DOWN_PERSISTENT,201675,42129,1.1499485636137547,1.0797556036441367,-6.104008665312312,-1.0395238850803967,-1.1518846796941522,-10.808870890452459,0.022798387784837313,-0.09778007157608709,-528.8902903964041
CONDITIONAL,0~1%,>=10,BETWEEN_PREV_HIGH_LOW,RETURN_5M,-0.2~-0.05%,201675,60193,1.1499485636137547,1.0709233646624563,-6.872063799354549,-1.0395238850803967,-1.0999202270091066,-5.810000404563946,0.022798387784837313,-0.08983652777838538,-494.0477222610171
CONDITIONAL,0~1%,>=10,BETWEEN_PREV_HIGH_LOW,RETURN_10M,-0.2~0%,201675,49952,1.1499485636137547,1.1243741048645934,-2.2239654501408874,-1.0395238850803967,-1.0534965699375265,-1.3441427424295425,0.022798387784837313,0.013452705601425296,-40.9927327827436
CONDITIONAL,0~1%,>=10,BETWEEN_PREV_HIGH_LOW,RANGE_10M,0.2~0.5%,201675,158845,1.1499485636137547,1.1238544439839284,-2.2691553740303494,-1.0395238850803967,-1.0512618546563068,-1.1291678569754362,0.022798387784837313,-0.0020892030284035,-109.16381916177853
CONDITIONAL,0~1%,>=10,BETWEEN_PREV_HIGH_LOW,NIGHT_RETURN,0.5~1%,201675,35615,1.1499485636137547,1.0828364947845126,-5.836093104750708,-1.0395238850803967,-1.0383937923783844,0.10871252870971433,0.022798387784837313,-0.053514412758619546,-334.72893462322264
CONDITIONAL,0~1%,>=10,BETWEEN_PREV_HIGH_LOW,DIRECTION,UP_MIXED,201675,52745,1.1499485636137547,1.1583647078482975,0.7318713637151472,-1.0395238850803967,-1.0454386152393471,-0.5689845364633389,0.022798387784837313,0.028915702311966066,26.83222421191221
CONDITIONAL,0~1%,>=10,BETWEEN_PREV_HIGH_LOW,PERSISTENCE,MIXED,201675,114410,1.1499485636137547,1.1345941491303007,-1.3352261978746505,-1.0395238850803967,-1.0448980233103704,-0.5169807358065701,0.022798387784837313,0.021350386871189935,-6.351330310340673
CONDITIONAL,0~1%,>=10,BETWEEN_PREV_HIGH_LOW,RETURN_5M,-0.05~0.05%,201675,45138,1.1499485636137547,1.0973085939955811,-4.577593405808572,-1.0395238850803967,-1.0946211956656227,-5.300244792447911,0.022798387784837313,-0.04326745602561515,-289.78296375146033
CONDITIONAL,0~1%,>=10,BETWEEN_PREV_HIGH_LOW,NIGHT_RETURN,-1~-0.5%,201675,18737,1.1499485636137547,1.2495098738308628,8.657892480358688,-1.0395238850803967,-0.9569318494979923,7.94517920826964,0.022798387784837313,0.17076108637320775,649.0050962585041
CONDITIONAL,0~1%,>=10,BETWEEN_PREV_HIGH_LOW,RETURN_5M,0.05~0.2%,201675,50372,1.1499485636137547,1.2247042841097848,6.500788197091836,-1.0395238850803967,-0.9441507805025058,9.17469102410425,0.022798387784837313,0.13347742038821045,485.46868159240296
CONDITIONAL,0~1%,>=10,BETWEEN_PREV_HIGH_LOW,RETURN_10M,0~0.2%,201675,54508,1.1499485636137547,1.1573279576797204,0.64171514269957,-1.0395238850803967,-1.0285259256510564,1.0579804453930137,0.022798387784837313,0.0034868290502091163,-84.70580866017147
CONDITIONAL,0~1%,>=10,BETWEEN_PREV_HIGH_LOW,NIGHT_RETURN,0~0.5%,201675,70572,1.1499485636137547,1.1326678879141212,-1.5027346653948064,-1.0395238850803967,-1.0530363486288814,-1.2998704255303979,0.022798387784837313,0.0014011910355047053,-93.85399069123385
CONDITIONAL,0~1%,>=10,BETWEEN_PREV_HIGH_LOW,RANGE_10M,0.5~1%,201675,38313,1.1499485636137547,1.2041629151224447,4.714502302461196,-1.0395238850803967,-0.9948071569239557,4.30165470925977,0.022798387784837313,0.0722858860000459,217.06577974834516
CONDITIONAL,0~1%,>=10,BETWEEN_PREV_HIGH_LOW,DIRECTION,DOWN_MIXED,201675,50908,1.1499485636137547,1.111177309553253,-3.371564197503043,-1.0395238850803967,-1.0637713893995442,-2.3325586518170445,0.022798387784837313,-0.008757748057383382,-138.4138919823443
CONDITIONAL,0~1%,>=10,BETWEEN_PREV_HIGH_LOW,NIGHT_RETURN,-2~-1%,201675,9628,1.1499485636137547,1.191629237437116,3.624568536559431,-1.0395238850803967,-1.1627573121601262,-11.854795146933892,0.022798387784837313,0.051382455121950166,125.37758198903637
CONDITIONAL,0~1%,>=10,BETWEEN_PREV_HIGH_LOW,RETURN_10M,-0.5~-0.2%,201675,46591,1.1499485636137547,1.0492441926555298,-8.757293512481795,-1.0395238850803967,-1.146730595201382,-10.313058858930779,0.022798387784837313,-0.09558863989628798,-519.2780682494654
CONDITIONAL,0~1%,>=10,BETWEEN_PREV_HIGH_LOW,DIRECTION,FLAT_MIXED,201675,12406,1.1499485636137547,1.1200714577047093,-2.598125416597381,-1.0395238850803967,-0.9679096915024321,6.889134016620116,0.022798387784837313,0.06132620847700826,168.99361944266482
CONDITIONAL,0~1%,>=10,BETWEEN_PREV_HIGH_LOW,NIGHT_RETURN,1~2%,201675,16400,1.1499485636137547,1.163886875800983,1.2120813598328823,-1.0395238850803967,-1.0479101073857164,-0.8067368557549904,0.022798387784837313,-0.07098191293553253,-411.34619520219314
CONDITIONAL,0~1%,>=10,BETWEEN_PREV_HIGH_LOW,RETURN_5M,-0.5~-0.2%,201675,18942,1.1499485636137547,1.2270526774585118,6.705005448457152,-1.0395238850803967,-1.035975656420454,0.3413320954783279,0.022798387784837313,0.15300561225273115,571.1247027497782
CONDITIONAL,0~1%,>=10,BETWEEN_PREV_HIGH_LOW,RETURN_10M,0.2~0.5%,201675,42084,1.1499485636137547,1.249491120618758,8.656261693321934,-1.0395238850803967,-0.9199246593418909,11.505192661278388,0.022798387784837313,0.1778147153900314,679.9442533751966
CONDITIONAL,0~1%,>=10,BETWEEN_PREV_HIGH_LOW,DIRECTION,UP,201675,43487,1.1499485636137547,1.2616525685011288,9.713826202481632,-1.0395238850803967,-0.9155427729581936,11.926720867276117,0.022798387784837313,0.15814172670524015,593.6531135347062
CONDITIONAL,0~1%,>=10,BETWEEN_PREV_HIGH_LOW,PERSISTENCE,UP_PERSISTENT,201675,43487,1.1499485636137547,1.2616525685011288,9.713826202481632,-1.0395238850803967,-0.9155427729581936,11.926720867276117,0.022798387784837313,0.15814172670524015,593.6531135347062
CONDITIONAL,0~1%,>=10,BETWEEN_PREV_HIGH_LOW,RETURN_5M,0.2~0.5%,201675,25350,1.1499485636137547,1.2009264693879365,4.433059650423129,-1.0395238850803967,-0.9798439289716308,5.7410856032567565,0.022798387784837313,0.0712667571386029,212.5956002292442
CONDITIONAL,0~1%,>=10,BETWEEN_PREV_HIGH_LOW,RANGE_10M,0.1~0.2%,201675,2338,1.1499485636137547,1.274492567863491,10.830397827390845,-1.0395238850803967,-0.8584884350787623,17.41522754791086,0.022798387784837313,0.2177161931277616,854.9631104729242
CONDITIONAL,0~1%,>=10,BETWEEN_PREV_HIGH_LOW,NIGHT_RETURN,-0.5~0%,201675,49626,1.1499485636137547,1.1503236883001469,0.032620996996010974,-1.0395238850803967,-1.004793516261455,3.340988053993171,0.022798387784837313,0.07046467319312039,209.07743941431173
CONDITIONAL,0~1%,>=10,BETWEEN_PREV_HIGH_LOW,RETURN_10M,0.5~1%,201675,5886,1.1499485636137547,1.3253529790487497,15.253240100042412,-1.0395238850803967,-0.9156047143305702,11.920762238208948,0.022798387784837313,0.13494381343618486,491.90068486304506
CONDITIONAL,0~1%,>=10,BETWEEN_PREV_HIGH_LOW,RETURN_10M,>=1%,201675,61,1.1499485636137547,0.9305173789274718,-19.08182605982937,-1.0395238850803967,-2.504577481374105,-140.9350585706264,0.022798387784837313,-0.7336060766187823,-3317.7980458192183
CONDITIONAL,0~1%,>=10,BETWEEN_PREV_HIGH_LOW,RANGE_10M,1~2%,201675,2153,1.1499485636137547,1.980030799033755,72.18429255752422,-1.0395238850803967,-1.1307553207420038,-8.776271230607774,0.022798387784837313,0.7934273337652135,3380.190534757479
CONDITIONAL,0~1%,>=10,BETWEEN_PREV_HIGH_LOW,NIGHT_RETURN,<-2%,201675,806,1.1499485636137547,1.557361507922733,35.42879718277732,-1.0395238850803967,-2.4760937456266383,-138.19498341157762,0.022798387784837313,-0.36174207774779527,-1686.7002577628832
CONDITIONAL,0~1%,>=10,BETWEEN_PREV_HIGH_LOW,RETURN_5M,>=0.5%,201675,1367,1.1499485636137547,1.5601021376363156,35.66712346973489,-1.0395238850803967,-0.8901705293340058,14.367477062332243,0.022798387784837313,0.551860001296018,2320.6097663758815
CONDITIONAL,0~1%,>=10,BETWEEN_PREV_HIGH_LOW,NIGHT_RETURN,>=2%,201675,291,1.1499485636137547,3.78694955693654,229.31469082720665,-1.0395238850803967,-0.6127271099366685,41.05694744192625,0.022798387784837313,2.3004215628324753,9990.281753881005
CONDITIONAL,0~1%,>=10,BETWEEN_PREV_HIGH_LOW,RETURN_5M,<-0.5%,201675,313,1.1499485636137547,1.321691773744983,14.934860181182275,-1.0395238850803967,-2.5282717471749416,-143.21439684662997,0.022798387784837313,-0.716806514907247,-3244.1105470799066
CONDITIONAL,0~1%,>=10,BETWEEN_PREV_HIGH_LOW,RETURN_10M,-1~-0.5%,201675,2593,1.1499485636137547,1.2883915420291083,12.039058336686951,-1.0395238850803967,-1.2631564238355322,-21.512977427915445,0.022798387784837313,-0.01669812874739832,-173.24258585733796
CONDITIONAL,0~1%,>=10,BETWEEN_PREV_HIGH_LOW,PERSISTENCE,FLAT_PERSISTENT,201675,1649,1.1499485636137547,1.0627355321303344,-7.584081083535615,-1.0395238850803967,-1.0656388345614818,-2.512202928272815,0.022798387784837313,-0.36541269813688426,-1702.800608470709
CONDITIONAL,-1~0%,>=10,BELOW_PREV_LOW,DIRECTION,DOWN,29747,6016,1.1248200296753124,0.9957086257737386,-11.478405477793872,-0.9686664307174855,-1.1396489439626023,-17.651330512039227,0.05803214827641764,-0.1238386067217052,-313.396557597419
CONDITIONAL,-1~0%,>=10,BELOW_PREV_LOW,PERSISTENCE,DOWN_PERSISTENT,29747,6016,1.1248200296753124,0.9957086257737386,-11.478405477793872,-0.9686664307174855,-1.1396489439626023,-17.651330512039227,0.05803214827641764,-0.1238386067217052,-313.396557597419
CONDITIONAL,-1~0%,>=10,BELOW_PREV_LOW,RETURN_5M,-0.2~-0.05%,29747,7283,1.1248200296753124,1.103082733103071,-1.9325132909053868,-0.9686664307174855,-1.0521947323817964,-8.623020166234314,0.05803214827641764,0.014024346234699371,-75.83348772839001
CONDITIONAL,-1~0%,>=10,BELOW_PREV_LOW,RETURN_10M,-0.2~0%,29747,7337,1.1248200296753124,1.064800005394722,-5.335966883334716,-0.9686664307174855,-1.0025525016214927,-3.498218770615183,0.05803214827641764,0.05519139418505649,-4.895138601159692
CONDITIONAL,-1~0%,>=10,BELOW_PREV_LOW,RANGE_10M,0.2~0.5%,29747,23544,1.1248200296753124,1.1148596776408155,-0.8855062829359452,-0.9686664307174855,-0.9647055006100941,0.4089054788920026,0.05803214827641764,0.061077191682270354,5.247166434970877
CONDITIONAL,-1~0%,>=10,BELOW_PREV_LOW,NIGHT_RETURN,0.5~1%,29747,2720,1.1248200296753124,1.090649057950996,-3.0379056936050546,-0.9686664307174855,-0.9322638060587614,3.7580144727180147,0.05803214827641764,0.051262358010179566,-11.665586174739445
CONDITIONAL,-1~0%,>=10,BELOW_PREV_LOW,DIRECTION,UP_MIXED,29747,7883,1.1248200296753124,1.1009745648198335,-2.11993600988436,-0.9686664307174855,-0.9811502430585707,-1.2887627717044465,0.05803214827641764,-0.015798697607949528,-127.22404404658167
CONDITIONAL,-1~0%,>=10,BELOW_PREV_LOW,PERSISTENCE,MIXED,29747,17193,1.1248200296753124,1.124153003860239,-0.05930067010505915,-0.9686664307174855,-0.9760169618478207,-0.7588299642933575,0.05803214827641764,0.06604111592926369,13.800915338680708
CONDITIONAL,-1~0%,>=10,BELOW_PREV_LOW,RETURN_5M,-0.05~0.05%,29747,7032,1.1248200296753124,1.0324356524175102,-8.213258549856155,-0.9686664307174855,-1.064899334950798,-9.934576153530312,0.05803214827641764,-0.09081790808173254,-256.4958575187505
CONDITIONAL,-1~0%,>=10,BELOW_PREV_LOW,NIGHT_RETURN,-1~-0.5%,29747,4403,1.1248200296753124,1.1162468802776222,-0.7621796528787689,-0.9686664307174855,-0.9342769004285597,3.5501932552213717,0.05803214827641764,0.04362153560384569,-24.832119955186887
CONDITIONAL,-1~0%,>=10,BELOW_PREV_LOW,RETURN_5M,0.05~0.2%,29747,8284,1.1248200296753124,1.2063673393983125,7.249809531444725,-0.9686664307174855,-0.8175413030794153,15.601359027806167,0.05803214827641764,0.18539080226594284,219.46224251925477
CONDITIONAL,-1~0%,>=10,BELOW_PREV_LOW,RETURN_10M,0~0.2%,29747,8570,1.1248200296753124,1.1394845313339712,1.3037198193289519,-0.9686664307174855,-0.9140309495470588,5.640278163656248,0.05803214827641764,0.051190874627253254,-11.788765110983238
CONDITIONAL,-1~0%,>=10,BELOW_PREV_LOW,NIGHT_RETURN,0~0.5%,29747,8060,1.1248200296753124,1.1334364083122999,0.7660228667402624,-0.9686664307174855,-0.9687399659006298,-0.007591383453835539,0.05803214827641764,0.04656089230360967,-19.767071034779367
CONDITIONAL,-1~0%,>=10,BELOW_PREV_LOW,RANGE_10M,0.5~1%,29747,5444,1.1248200296753124,1.137247621319779,1.104851559947242,-0.9686664307174855,-0.9670357401643108,0.1683438696194747,0.05803214827641764,0.004287770641919071,-92.61138736154373
CONDITIONAL,-1~0%,>=10,BELOW_PREV_LOW,DIRECTION,DOWN_MIXED,29747,7711,1.1248200296753124,1.1034097785728654,-1.9034379311886198,-0.9686664307174855,-1.031306376994295,-6.466616813634435,0.05803214827641764,0.06707926272529907,15.589832045831542
CONDITIONAL,-1~0%,>=10,BELOW_PREV_LOW,NIGHT_RETURN,-2~-1%,29747,4416,1.1248200296753124,1.0895519833141873,-3.1354390418621367,-0.9686664307174855,-1.0429446579240507,-7.668091393602619,0.05803214827641764,0.08374199555900681,44.302766735652305
CONDITIONAL,-1~0%,>=10,BELOW_PREV_LOW,RETURN_10M,-0.5~-0.2%,29747,7049,1.1248200296753124,1.0319625889698387,-8.2553153620742,-0.9686664307174855,-1.0852929740568245,-12.039907613289994,0.05803214827641764,-0.06759729531898127,-216.48249690327353
CONDITIONAL,-1~0%,>=10,BELOW_PREV_LOW,DIRECTION,FLAT_MIXED,29747,1757,1.1248200296753124,1.3506595400690349,20.07783507010564,-0.9686664307174855,-0.7143379324102193,26.255529276356427,0.05803214827641764,0.4038575845405157,595.9204450210405
CONDITIONAL,-1~0%,>=10,BELOW_PREV_LOW,NIGHT_RETURN,1~2%,29747,974,1.1248200296753124,1.1612807608721727,3.2414724342511034,-0.9686664307174855,-1.0130649860606944,-4.583472074109471,0.05803214827641764,-0.07328384459295682,-226.28146082735486
CONDITIONAL,-1~0%,>=10,BELOW_PREV_LOW,RETURN_5M,-0.5~-0.2%,29747,3057,1.1248200296753124,1.159465881508208,3.0801240126295024,-0.9686664307174855,-0.9732086380210977,-0.4689134628365128,0.05803214827641764,0.198549752041292,242.13751849330745
CONDITIONAL,-1~0%,>=10,BELOW_PREV_LOW,RETURN_10M,0.2~0.5%,29747,5268,1.1248200296753124,1.3034099723028634,15.877201500323773,-0.9686664307174855,-0.794582122389744,17.9715434340796,0.05803214827641764,0.28460443685721015,390.42547158789927
CONDITIONAL,-1~0%,>=10,BELOW_PREV_LOW,DIRECTION,UP,29747,6380,1.1248200296753124,1.239710692969431,10.214137396476014,-0.9686664307174855,-0.7863463450463569,18.821761536227196,0.05803214827641764,0.21457845378485627,269.7579017112725
CONDITIONAL,-1~0%,>=10,BELOW_PREV_LOW,PERSISTENCE,UP_PERSISTENT,29747,6380,1.1248200296753124,1.239710692969431,10.214137396476014,-0.9686664307174855,-0.7863463450463569,18.821761536227196,0.05803214827641764,0.21457845378485627,269.7579017112725
CONDITIONAL,-1~0%,>=10,BELOW_PREV_LOW,RETURN_5M,0.2~0.5%,29747,3807,1.1248200296753124,1.1322903271054434,0.6641326819444541,-0.9686664307174855,-0.9457189965788535,2.368971754459887,0.05803214827641764,0.019234664339705564,-66.85515716549494
CONDITIONAL,-1~0%,>=10,BELOW_PREV_LOW,RANGE_10M,0.1~0.2%,29747,147,1.1248200296753124,1.2702701075994955,12.930964428697845,-0.9686664307174855,-0.7718187797636942,20.32151055425627,0.05803214827641764,0.3443331449452217,493.348954281514
CONDITIONAL,-1~0%,>=10,BELOW_PREV_LOW,NIGHT_RETURN,-0.5~0%,29747,8626,1.1248200296753124,1.1544327026418713,2.632658752983516,-0.9686664307174855,-0.8838723654524726,8.753690907013926,0.05803214827641764,0.12290847478040613,111.79377023054671
CONDITIONAL,-1~0%,>=10,BELOW_PREV_LOW,RETURN_10M,0.5~1%,29747,1015,1.1248200296753124,1.1268625244979364,0.18158414401756937,-0.9686664307174855,-1.1147143245319862,-15.077212256269052,0.05803214827641764,-0.18468345628998203,-418.24335609686767
CONDITIONAL,-1~0%,>=10,BELOW_PREV_LOW,RETURN_10M,>=1%,29747,224,1.1248200296753124,0.8224296978110444,-26.88344125162451,-0.9686664307174855,-1.280901831813946,-32.23353170865946,0.05803214827641764,-0.32372792930072747,-657.8424010063399
CONDITIONAL,-1~0%,>=10,BELOW_PREV_LOW,RANGE_10M,1~2%,29747,577,1.1248200296753124,1.4140928543934745,25.71725405722575,-0.9686664307174855,-1.0276049114661974,-6.0844970858602485,0.05803214827641764,0.5207633600020396,797.3704670065795
CONDITIONAL,-1~0%,>=10,BELOW_PREV_LOW,NIGHT_RETURN,<-2%,29747,547,1.1248200296753124,0.9817985685555539,-12.715052839256662,-0.9686664307174855,-2.0848822236915665,-115.23221591846706,0.05803214827641764,-0.6271925268088075,-1180.767377112038
CONDITIONAL,-1~0%,>=10,BELOW_PREV_LOW,RANGE_10M,>=2%,29747,35,1.1248200296753124,0.5122239745435194,-54.46169511300606,-0.9686664307174855,-3.7418869769525975,-286.2926244053904,0.05803214827641764,-2.4616897311858104,-4341.941414025096
CONDITIONAL,-1~0%,>=10,BELOW_PREV_LOW,RETURN_5M,<-0.5%,29747,54,1.1248200296753124,1.1569785510154416,2.858992593634023,-0.9686664307174855,-2.1418816674587124,-121.11653707997638,0.05803214827641764,-0.5387860824085253,-1028.4269123420859
CONDITIONAL,-1~0%,>=10,BELOW_PREV_LOW,RETURN_10M,-1~-0.5%,29747,284,1.1248200296753124,1.4561394761374895,29.455329539056567,-0.9686664307174855,-1.308103971605628,-35.04173677586031,0.05803214827641764,0.4218422032559685,626.9112307313831
CONDITIONAL,-1~0%,>=10,BELOW_PREV_LOW,RETURN_5M,>=0.5%,29747,230,1.1248200296753124,1.1088783190005638,-1.4172676743096655,-0.9686664307174855,-0.8686485394945377,10.32531819533223,0.05803214827641764,0.32999397447620926,468.63994230299414
CONDITIONAL,-1~0%,>=10,BELOW_PREV_LOW,PERSISTENCE,FLAT_PERSISTENT,29747,158,1.1248200296753124,1.4741867948250227,31.059792316336832,-0.9686664307174855,-1.020525071068944,-5.35361180143789,0.05803214827641764,-0.20987385128377245,-461.65101158086594
CONDITIONAL,0~1%,>=10,ABOVE_PREV_HIGH,DIRECTION,DOWN,40455,9401,0.9831441842312784,0.9619482795897432,-2.1559304302967837,-1.0449741843901579,-1.06639330952455,-2.049727682688366,-0.03491900930305002,-0.04979069553275087,-42.589084073475895
CONDITIONAL,0~1%,>=10,ABOVE_PREV_HIGH,PERSISTENCE,DOWN_PERSISTENT,40455,9401,0.9831441842312784,0.9619482795897432,-2.1559304302967837,-1.0449741843901579,-1.06639330952455,-2.049727682688366,-0.03491900930305002,-0.04979069553275087,-42.589084073475895
CONDITIONAL,0~1%,>=10,ABOVE_PREV_HIGH,RETURN_5M,-0.2~-0.05%,40455,11842,0.9831441842312784,0.9181182975696809,-6.6140742837675734,-1.0449741843901579,-1.095249171101191,-4.811122366661458,-0.03491900930305002,-0.14315741248789976,-309.96985694950854
CONDITIONAL,0~1%,>=10,ABOVE_PREV_HIGH,RETURN_10M,-0.2~0%,40455,10171,0.9831441842312784,0.991334433641785,0.83306696432432,-1.0449741843901579,-1.0539358087926491,-0.8575928990744615,-0.03491900930305002,-0.04338594774275328,-24.24736156235596
CONDITIONAL,0~1%,>=10,ABOVE_PREV_HIGH,RANGE_10M,0.2~0.5%,40455,31083,0.9831441842312784,0.9746139723396047,-0.8676460715010456,-1.0449741843901579,-1.0583413141770954,-1.2791827766289312,-0.03491900930305002,-0.05041773888873226,-44.38479182262622
CONDITIONAL,0~1%,>=10,ABOVE_PREV_HIGH,NIGHT_RETURN,0.5~1%,40455,8788,0.9831441842312784,0.9064036544857226,-7.805623119823396,-1.0449741843901579,-1.0082423482260325,3.5150950820437608,-0.03491900930305002,-0.07863288208067512,-125.1864633336172
CONDITIONAL,0~1%,>=10,ABOVE_PREV_HIGH,DIRECTION,UP_MIXED,40455,10231,0.9831441842312784,1.029678503911154,4.733214153757202,-1.0449741843901579,-1.0982676555226625,-5.09997968644617,-0.03491900930305002,-0.050451151215946975,-44.480477032148464
CONDITIONAL,0~1%,>=10,ABOVE_PREV_HIGH,PERSISTENCE,MIXED,40455,22211,0.9831441842312784,0.9792375386300974,-0.39736242799783594,-1.0449741843901579,-1.07451503983833,-2.826945956125424,-0.03491900930305002,-0.05611949948583886,-60.71332092728377
CONDITIONAL,0~1%,>=10,ABOVE_PREV_HIGH,RETURN_5M,-0.05~0.05%,40455,9023,0.9831441842312784,0.969857736926523,-1.351424085892758,-1.0449741843901579,-1.0653669172133728,-1.9515058963026986,-0.03491900930305002,-0.03395873254417096,2.7500114637994346
CONDITIONAL,0~1%,>=10,ABOVE_PREV_HIGH,NIGHT_RETURN,-1~-0.5%,40455,2931,0.9831441842312784,1.1744439229940824,19.45795355666794,-1.0449741843901579,-1.0072376259237077,3.611243132142357,-0.03491900930305002,0.14982896558304762,529.0756484032344
CONDITIONAL,0~1%,>=10,ABOVE_PREV_HIGH,RETURN_5M,0.05~0.2%,40455,9795,0.9831441842312784,1.0405429069706906,5.838281267390337,-1.0449741843901579,-1.0091050242212283,3.4325403158033687,-0.03491900930305002,-0.00290748851021663,91.67362256762915
CONDITIONAL,0~1%,>=10,ABOVE_PREV_HIGH,RETURN_10M,0~0.2%,40455,10377,0.9831441842312784,0.952429894230109,-3.124088052779854,-1.0449741843901579,-1.068822659926262,-2.2822071484973576,-0.03491900930305002,-0.08619176136864513,-146.83335263213397
CONDITIONAL,0~1%,>=10,ABOVE_PREV_HIGH,NIGHT_RETURN,0~0.5%,40455,13543,0.9831441842312784,0.9819717952030049,-0.11924894100758247,-1.0449741843901579,-1.091609892280728,-4.462857416691737,-0.03491900930305002,-0.05584551491022474,-59.92869220761907
CONDITIONAL,0~1%,>=10,ABOVE_PREV_HIGH,RANGE_10M,0.5~1%,40455,8300,0.9831441842312784,1.0027427032913656,1.993453185649606,-1.0449741843901579,-1.0045863802809176,3.8649571168890064,-0.03491900930305002,0.01088651786342276,131.17647974758515
CONDITIONAL,0~1%,>=10,ABOVE_PREV_HIGH,DIRECTION,DOWN_MIXED,40455,10000,0.9831441842312784,0.9338505006893382,-5.01388141562196,-1.0449741843901579,-1.0733857712538712,-2.71887930708013,-0.03491900930305002,-0.08519329616144114,-143.97397824800223
CONDITIONAL,0~1%,>=10,ABOVE_PREV_HIGH,NIGHT_RETURN,-2~-1%,40455,1328,0.9831441842312784,1.0174171117405069,3.486053018360328,-1.0449741843901579,-1.2099721818249258,-15.789672118173906,-0.03491900930305002,-0.1197431377281898,-242.9167668789812
CONDITIONAL,0~1%,>=10,ABOVE_PREV_HIGH,RETURN_10M,-0.5~-0.2%,40455,9544,0.9831441842312784,0.9299428535352235,-5.411345716056186,-1.0449741843901579,-1.0912860891816887,-4.43187070870638,-0.03491900930305002,-0.052692792982975835,-50.90002275171464
CONDITIONAL,0~1%,>=10,ABOVE_PREV_HIGH,DIRECTION,FLAT_MIXED,40455,2048,0.9831441842312784,0.9452726348361258,-3.8520849741652485,-1.0449741843901579,-0.9686151244574241,7.307267593150785,-0.03491900930305002,0.04390480571230497,225.73325128233256
CONDITIONAL,0~1%,>=10,ABOVE_PREV_HIGH,NIGHT_RETURN,1~2%,40455,5065,0.9831441842312784,0.9507498472117307,-3.2949731625455128,-1.0449741843901579,-1.0053409025972073,3.7927522406766787,-0.03491900930305002,-0.12728093544837094,-264.5032834229163
CONDITIONAL,0~1%,>=10,ABOVE_PREV_HIGH,RETURN_5M,-0.5~-0.2%,40455,4333,0.9831441842312784,1.005104526058083,2.233684761505816,-1.0449741843901579,-1.0545918985745426,-0.9203781613033418,-0.03491900930305002,0.06093220683728847,274.49580630561104
CONDITIONAL,0~1%,>=10,ABOVE_PREV_HIGH,RETURN_10M,0.2~0.5%,40455,8277,0.9831441842312784,1.0276620536472574,4.528111962619969,-1.0449741843901579,-0.9745374675597548,6.740522194958302,-0.03491900930305002,0.029801813102862007,185.34552868960964
CONDITIONAL,0~1%,>=10,ABOVE_PREV_HIGH,DIRECTION,UP,40455,8775,0.9831441842312784,1.0166106051396253,3.404019618395483,-1.0449741843901579,-0.9453343881007177,9.535144291396014,-0.03491900930305002,0.038018855265466,208.87724487116316
CONDITIONAL,0~1%,>=10,ABOVE_PREV_HIGH,PERSISTENCE,UP_PERSISTENT,40455,8775,0.9831441842312784,1.0166106051396253,3.404019618395483,-1.0449741843901579,-0.9453343881007177,9.535144291396014,-0.03491900930305002,0.038018855265466,208.87724487116316
CONDITIONAL,0~1%,>=10,ABOVE_PREV_HIGH,RETURN_5M,0.2~0.5%,40455,5234,0.9831441842312784,1.0240924022150202,4.165026721462964,-1.0449741843901579,-0.9519804639117957,8.899140463707521,-0.03491900930305002,0.06406472007413731,283.4666027267318
CONDITIONAL,0~1%,>=10,ABOVE_PREV_HIGH,RANGE_10M,0.1~0.2%,40455,910,0.9831441842312784,1.0738236776834396,9.223417572577475,-1.0449741843901579,-0.8956726206272608,14.287583941609883,-0.03491900930305002,0.07395414477468255,311.7876373091231
CONDITIONAL,0~1%,>=10,ABOVE_PREV_HIGH,NIGHT_RETURN,-0.5~0%,40455,8671,0.9831441842312784,1.0058873548913443,2.3133097896366888,-1.0449741843901579,-1.0090616100117396,3.4366948882451807,-0.03491900930305002,0.045665311067250434,230.77493313437665
CONDITIONAL,0~1%,>=10,ABOVE_PREV_HIGH,RETURN_10M,0.5~1%,40455,1362,0.9831441842312784,1.3238225028785426,34.651918214177414,-1.0449741843901579,-0.8988531691927321,13.983217708167725,-0.03491900930305002,0.19037648944815166,645.1944177337331
CONDITIONAL,0~1%,>=10,ABOVE_PREV_HIGH,NIGHT_RETURN,<-2%,40455,69,0.9831441842312784,1.3341108036861433,35.69838738651403,-1.0449741843901579,-2.0019323016502684,-91.57720176777255,-0.03491900930305002,-0.2645839214433534,-657.7074113046018
CONDITIONAL,0~1%,>=10,ABOVE_PREV_HIGH,RETURN_5M,>=0.5%,40455,203,0.9831441842312784,1.0753274306556315,9.3763710250121,-1.0449741843901579,-0.9957683870618946,4.708805065550928,-0.03491900930305002,0.13512854692596685,486.9770352109158
CONDITIONAL,0~1%,>=10,ABOVE_PREV_HIGH,RANGE_10M,1~2%,40455,160,0.9831441842312784,1.1117283467658028,13.07887129852317,-1.0449741843901579,-1.3752552620028229,-31.606625555579203,-0.03491900930305002,-0.017165730688400785,50.841300967546545
CONDITIONAL,0~1%,>=10,ABOVE_PREV_HIGH,NIGHT_RETURN,>=2%,40455,60,0.9831441842312784,1.4283782748275908,45.2867542459646,-1.0449741843901579,-1.525155703487673,-45.951519785892785,-0.03491900930305002,0.3588926656640027,1127.7859332986716
CONDITIONAL,0~1%,>=10,ABOVE_PREV_HIGH,RETURN_10M,-1~-0.5%,40455,722,0.9831441842312784,0.8610738510182483,-12.416320532728067,-1.0449741843901579,-1.0376692412238093,0.6990548929791682,-0.03491900930305002,-0.10082404730079778,-188.73684939277823
CONDITIONAL,0~1%,>=10,ABOVE_PREV_HIGH,PERSISTENCE,FLAT_PERSISTENT,40455,68,0.9831441842312784,0.8708700888187928,-11.419901293549614,-1.0449741843901579,-1.2927106063346179,-23.707420302353004,-0.03491900930305002,-0.46634477244117745,-1235.504018438588
CONDITIONAL,1~3%,>=10,BETWEEN_PREV_HIGH_LOW,DIRECTION,DOWN,26893,5667,1.762502409948777,1.5435347400465511,-12.423680595624809,-1.9323193475944787,-2.174648426804728,-12.54084007966498,-0.28888869827115826,-0.6264636685259982,-116.85295142213681
CONDITIONAL,1~3%,>=10,BETWEEN_PREV_HIGH_LOW,PERSISTENCE,DOWN_PERSISTENT,26893,5667,1.762502409948777,1.5435347400465511,-12.423680595624809,-1.9323193475944787,-2.174648426804728,-12.54084007966498,-0.28888869827115826,-0.6264636685259982,-116.85295142213681
CONDITIONAL,1~3%,>=10,BETWEEN_PREV_HIGH_LOW,RETURN_5M,-0.2~-0.05%,26893,8871,1.762502409948777,1.519335289190646,-13.796697206513212,-1.9323193475944787,-2.021535604260476,-4.617055497429115,-0.28888869827115826,-0.5731584296440925,-98.40112578793631
CONDITIONAL,1~3%,>=10,BETWEEN_PREV_HIGH_LOW,RETURN_10M,-0.2~0%,26893,5900,1.762502409948777,1.6715887030543086,-5.158217451578436,-1.9323193475944787,-2.0036408287492544,-3.6909779557692173,-0.28888869827115826,-0.37187816046130784,-28.727140482405982
CONDITIONAL,1~3%,>=10,BETWEEN_PREV_HIGH_LOW,RANGE_10M,0.2~0.5%,26893,19364,1.762502409948777,1.7154217981371223,-2.6712367339697973,-1.9323193475944787,-1.9802935143385954,-2.482724545704061,-0.28888869827115826,-0.35966586251330396,-24.499803788001586
CONDITIONAL,1~3%,>=10,BETWEEN_PREV_HIGH_LOW,NIGHT_RETURN,0.5~1%,26893,6978,1.762502409948777,1.3735470815421624,-22.06835725222745,-1.9323193475944787,-1.9061167935520007,1.3560157162995445,-0.28888869827115826,-0.5628634378585265,-94.83747243383286
CONDITIONAL,1~3%,>=10,BETWEEN_PREV_HIGH_LOW,DIRECTION,UP_MIXED,26893,6628,1.762502409948777,1.8025585546551879,2.272685953806729,-1.9323193475944787,-1.9249509009494323,0.38132654699230817,-0.28888869827115826,-0.21233439961087713,26.499582406102064
CONDITIONAL,1~3%,>=10,BETWEEN_PREV_HIGH_LOW,PERSISTENCE,MIXED,26893,14709,1.762502409948777,1.7208541014399978,-2.3630213651730276,-1.9323193475944787,-1.9308337756523357,0.07688024984029214,-0.28888869827115826,-0.2931909967669813,-1.4892581542891599
CONDITIONAL,1~3%,>=10,BETWEEN_PREV_HIGH_LOW,RETURN_5M,-0.05~0.05%,26893,6009,1.762502409948777,1.6524326816462893,-6.245082428323405,-1.9323193475944787,-1.984531780070217,-2.7020602231580866,-0.28888869827115826,-0.3654401022958992,-26.49858041621546
CONDITIONAL,1~3%,>=10,BETWEEN_PREV_HIGH_LOW,NIGHT_RETURN,-1~-0.5%,26893,1486,1.762502409948777,2.0400269275353953,15.746050389496144,-1.9323193475944787,-1.9975755249825047,-3.3770907210168266,-0.28888869827115826,-0.12163145455201967,57.89677641253611
CONDITIONAL,1~3%,>=10,BETWEEN_PREV_HIGH_LOW,RETURN_5M,0.05~0.2%,26893,5141,1.762502409948777,1.9286576591614268,9.427235291977775,-1.9323193475944787,-1.8981249540178253,1.7696036433740376,-0.28888869827115826,-0.176175795629329,39.01603050460426
CONDITIONAL,1~3%,>=10,BETWEEN_PREV_HIGH_LOW,RETURN_10M,0~0.2%,26893,7397,1.762502409948777,1.7296395435911243,-1.8645572438455704,-1.9323193475944787,-1.9072188658774294,1.298982062581765,-0.28888869827115826,-0.35981543292259155,-24.55157819460963
CONDITIONAL,1~3%,>=10,BETWEEN_PREV_HIGH_LOW,NIGHT_RETURN,0~0.5%,26893,8670,1.762502409948777,1.7383365420272519,-1.3711111987771643,-1.9323193475944787,-1.993493707074375,-3.165851418713557,-0.28888869827115826,-0.3504972844895531,-21.32606314718738
CONDITIONAL,1~3%,>=10,BETWEEN_PREV_HIGH_LOW,RANGE_10M,0.5~1%,26893,6310,1.762502409948777,1.632539413109679,-7.373776972190065,-1.9323193475944787,-1.8825446019606566,2.5759068083537016,-0.28888869827115826,-0.3756542962850765,-30.034265283883784
CONDITIONAL,1~3%,>=10,BETWEEN_PREV_HIGH_LOW,DIRECTION,DOWN_MIXED,26893,6766,1.762502409948777,1.6735938666786219,-5.044449458241535,-1.9323193475944787,-1.9373819649188448,-0.2619969277163521,-0.28888869827115826,-0.35830393093969326,-24.02836562452855
CONDITIONAL,1~3%,>=10,BETWEEN_PREV_HIGH_LOW,NIGHT_RETURN,-2~-1%,26893,714,1.762502409948777,2.1584149017943295,22.46308938987827,-1.9323193475944787,-2.1879686224634143,-13.230177257563062,-0.28888869827115826,-0.16639612529773778,42.40130323770778
CONDITIONAL,1~3%,>=10,BETWEEN_PREV_HIGH_LOW,RETURN_10M,-0.5~-0.2%,26893,6690,1.762502409948777,1.5201465228386088,-13.750669828429432,-1.9323193475944787,-2.0721248409402557,-7.235113260125417,-0.28888869827115826,-0.5481830270514794,-89.75578841680434
CONDITIONAL,1~3%,>=10,BETWEEN_PREV_HIGH_LOW,DIRECTION,FLAT_MIXED,26893,1601,1.762502409948777,1.5509733613414316,-12.00163173754145,-1.9323193475944787,-1.9212104867900959,0.5748977682292562,-0.28888869827115826,-0.44576373151113596,-54.302931952267244
CONDITIONAL,1~3%,>=10,BETWEEN_PREV_HIGH_LOW,NIGHT_RETURN,1~2%,26893,3182,1.762502409948777,1.5419844200275552,-12.511641894868704,-1.9323193475944787,-1.9228519725403377,0.489948779218445,-0.28888869827115826,-0.5130582521545642,-77.59720446834328
CONDITIONAL,1~3%,>=10,BETWEEN_PREV_HIGH_LOW,RETURN_5M,-0.5~-0.2%,26893,2300,1.762502409948777,1.8662053346244707,5.8838458370509485,-1.9323193475944787,-2.0171118516785804,-4.388120638012498,-0.28888869827115826,-0.20819931218027296,27.930959768854713
CONDITIONAL,1~3%,>=10,BETWEEN_PREV_HIGH_LOW,RETURN_10M,0.2~0.5%,26893,5498,1.762502409948777,2.1939171049867374,24.47739603661016,-1.9323193475944787,-1.6944781007040837,12.308589011773893,-0.28888869827115826,0.23714544991241113,182.08886374981012
CONDITIONAL,1~3%,>=10,BETWEEN_PREV_HIGH_LOW,DIRECTION,UP,26893,6231,1.762502409948777,2.069934743251315,17.442945414836224,-1.9323193475944787,-1.7171196669348143,11.13685897352132,-0.28888869827115826,0.05238170092100416,118.13213920602645
CONDITIONAL,1~3%,>=10,BETWEEN_PREV_HIGH_LOW,PERSISTENCE,UP_PERSISTENT,26893,6231,1.762502409948777,2.069934743251315,17.442945414836224,-1.9323193475944787,-1.7171196669348143,11.13685897352132,-0.28888869827115826,0.05238170092100416,118.13213920602645
CONDITIONAL,1~3%,>=10,BETWEEN_PREV_HIGH_LOW,RETURN_5M,0.2~0.5%,26893,3785,1.762502409948777,1.8139879685522005,2.9211624513421133,-1.9323193475944787,-1.8353223270726664,5.019719987928636,-0.28888869827115826,-0.18740194747901703,35.13005230024028
CONDITIONAL,1~3%,>=10,BETWEEN_PREV_HIGH_LOW,RANGE_10M,0.1~0.2%,26893,226,1.762502409948777,1.7438350126565978,-1.0591416605621362,-1.9323193475944787,-1.8868651987038558,2.3523103956500853,-0.28888869827115826,-0.24862775033864792,13.93649117236161
CONDITIONAL,1~3%,>=10,BETWEEN_PREV_HIGH_LOW,NIGHT_RETURN,-0.5~0%,26893,4970,1.762502409948777,2.026550362959777,14.981423657666046,-1.9323193475944787,-1.9577606733162325,-1.3166211761749136,-0.28888869827115826,-0.11179632485190613,61.301246632025986
CONDITIONAL,1~3%,>=10,BETWEEN_PREV_HIGH_LOW,RETURN_10M,0.5~1%,26893,737,1.762502409948777,2.056789659717171,16.697126092267116,-1.9323193475944787,-1.8065117706794291,6.510703164653703,-0.28888869827115826,-0.14085687035326847,51.24182039788327
CONDITIONAL,1~3%,>=10,BETWEEN_PREV_HIGH_LOW,RANGE_10M,1~2%,26893,989,1.762502409948777,3.5147866315635534,99.42024542625745,-1.9323193475944787,-1.3075413642289224,32.33306048212656,-0.28888869827115826,1.6418414817997729,668.330118701528
CONDITIONAL,1~3%,>=10,BETWEEN_PREV_HIGH_LOW,NIGHT_RETURN,<-2%,26893,129,1.762502409948777,1.5557394550695733,-11.731215441867832,-1.9323193475944787,-3.774389078999661,-95.32946682432967,-0.28888869827115826,-1.2398020275928048,-329.16252349515423
CONDITIONAL,1~3%,>=10,BETWEEN_PREV_HIGH_LOW,RETURN_5M,>=0.5%,26893,731,1.762502409948777,3.9140295240472405,122.0722934592182,-1.9323193475944787,-0.753717828104121,60.994137483412594,-0.28888869827115826,2.3191492412115577,902.7829593509213
CONDITIONAL,1~3%,>=10,BETWEEN_PREV_HIGH_LOW,NIGHT_RETURN,>=2%,26893,764,1.762502409948777,3.915130345594996,122.13475133397293,-1.9323193475944787,-0.674479382667971,65.09482847606829,-0.28888869827115826,2.41499148252766,935.9591416971556
CONDITIONAL,1~3%,>=10,BETWEEN_PREV_HIGH_LOW,RETURN_5M,<-0.5%,26893,56,1.762502409948777,1.0157971052853036,-42.366200491332926,-1.9323193475944787,-3.794464557869797,-96.36839855655748,-0.28888869827115826,-1.6083803448212983,-456.74740979712254
CONDITIONAL,1~3%,>=10,BETWEEN_PREV_HIGH_LOW,RETURN_10M,-1~-0.5%,26893,665,1.762502409948777,1.477985923804553,-16.14275728295275,-1.9323193475944787,-2.253423413979882,-16.617546513993254,-0.28888869827115826,-0.6397648898784866,-121.45722338988388
CONDITIONAL,1~3%,>=10,BETWEEN_PREV_HIGH_LOW,PERSISTENCE,FLAT_PERSISTENT,26893,286,1.762502409948777,1.5453132014999031,-12.322775119223008,-1.9323193475944787,-1.8955417112398159,1.9032897642124653,-0.28888869827115826,-0.8138397204987953,-181.71393528690578
CONDITIONAL,-1~0%,>=10,BETWEEN_PREV_HIGH_LOW,DIRECTION,DOWN,97863,18700,1.2067266032547912,1.1381450533819801,-5.683271561912403,-1.0823364099359571,-1.2002707971541622,-10.896278286081435,0.07437381109672998,-0.05714858473915188,-176.8396615642365
CONDITIONAL,-1~0%,>=10,BETWEEN_PREV_HIGH_LOW,PERSISTENCE,DOWN_PERSISTENT,97863,18700,1.2067266032547912,1.1381450533819801,-5.683271561912403,-1.0823364099359571,-1.2002707971541622,-10.896278286081435,0.07437381109672998,-0.05714858473915188,-176.8396615642365
CONDITIONAL,-1~0%,>=10,BETWEEN_PREV_HIGH_LOW,RETURN_5M,-0.2~-0.05%,97863,25122,1.2067266032547912,1.1734938891261484,-2.753955538811137,-1.0823364099359571,-1.131670021395876,-4.558066328271991,0.07437381109672998,0.021744992022506324,-70.76256856835673
CONDITIONAL,-1~0%,>=10,BETWEEN_PREV_HIGH_LOW,RETURN_10M,-0.2~0%,97863,24779,1.2067266032547912,1.1534807988410538,-4.412416554845351,-1.0823364099359571,-1.1028293985663549,-1.893402868301392,0.07437381109672998,0.04615671094897066,-37.93956465544086
CONDITIONAL,-1~0%,>=10,BETWEEN_PREV_HIGH_LOW,RANGE_10M,0.2~0.5%,97863,77240,1.2067266032547912,1.1883539786718744,-1.5225175721958897,-1.0823364099359571,-1.0733269067925473,0.8324124607378744,0.07437381109672998,0.06341831276291693,-14.730317261225759
CONDITIONAL,-1~0%,>=10,BETWEEN_PREV_HIGH_LOW,NIGHT_RETURN,0.5~1%,97863,10937,1.2067266032547912,1.1707760431852703,-2.979180203084511,-1.0823364099359571,-1.044631256510895,3.4836815133377192,0.07437381109672998,0.04618131497571134,-37.9064830822663
CONDITIONAL,-1~0%,>=10,BETWEEN_PREV_HIGH_LOW,DIRECTION,UP_MIXED,97863,27384,1.2067266032547912,1.1744894802748704,-2.6714520830957547,-1.0823364099359571,-1.1052930749477514,-2.1210286192952377,0.07437381109672998,0.007405218081828912,-90.04324509846921
CONDITIONAL,-1~0%,>=10,BETWEEN_PREV_HIGH_LOW,PERSISTENCE,MIXED,97863,58263,1.2067266032547912,1.1766015715541531,-2.4964255879819532,-1.0823364099359571,-1.1086928211840124,-2.4351404060789883,0.07437381109672998,0.04865058922739055,-34.58639740255345
CONDITIONAL,-1~0%,>=10,BETWEEN_PREV_HIGH_LOW,RETURN_5M,-0.05~0.05%,97863,23774,1.2067266032547912,1.1054100051119147,-8.395986122258737,-1.0823364099359571,-1.1777786940815906,-8.818171805869572,0.07437381109672998,-0.06741598182800293,-190.64478589153146
CONDITIONAL,-1~0%,>=10,BETWEEN_PREV_HIGH_LOW,NIGHT_RETURN,-1~-0.5%,97863,14191,1.2067266032547912,1.2964589955153902,7.436016743027975,-1.0823364099359571,-0.944213030317625,12.761594117165936,0.07437381109672998,0.25239003292782614,239.35336808217303
CONDITIONAL,-1~0%,>=10,BETWEEN_PREV_HIGH_LOW,RETURN_5M,0.05~0.2%,97863,27270,1.2067266032547912,1.2904504918796824,6.938099184941359,-1.0823364099359571,-0.9347643813155987,13.634580456282574,0.07437381109672998,0.21014844687335119,182.55705035746223
CONDITIONAL,-1~0%,>=10,BETWEEN_PREV_HIGH_LOW,RETURN_10M,0~0.2%,97863,26237,1.2067266032547912,1.21454816032046,0.6481631418891757,-1.0823364099359571,-1.0607650860767612,1.9930331883108605,0.07437381109672998,0.05522094849401308,-25.752159692081456
CONDITIONAL,-1~0%,>=10,BETWEEN_PREV_HIGH_LOW,NIGHT_RETURN,0~0.5%,97863,30125,1.2067266032547912,1.2048810946447401,-0.1529351060193206,-1.0823364099359571,-1.104102973951181,-2.0110719565011914,0.07437381109672998,0.0348025450936094,-53.205914043660485
CONDITIONAL,-1~0%,>=10,BETWEEN_PREV_HIGH_LOW,RANGE_10M,0.5~1%,97863,17652,1.2067266032547912,1.2440532658729202,3.093216186454436,-1.0823364099359571,-1.0774708115262943,0.44954584960795435,0.07437381109672998,0.08090842195754232,8.786171858684868
CONDITIONAL,-1~0%,>=10,BETWEEN_PREV_HIGH_LOW,DIRECTION,DOWN_MIXED,97863,25818,1.2067266032547912,1.161067680240002,-3.7837007066586317,-1.0823364099359571,-1.168734383399919,-7.982543382151783,0.07437381109672998,0.032071659742986196,-56.877751361599515
CONDITIONAL,-1~0%,>=10,BETWEEN_PREV_HIGH_LOW,NIGHT_RETURN,-2~-1%,97863,9813,1.2067266032547912,1.166109115999165,-3.3659229146082,-1.0823364099359571,-1.179810653771828,-9.005910079439952,0.07437381109672998,0.07902238654378699,6.2502853874344355
CONDITIONAL,-1~0%,>=10,BETWEEN_PREV_HIGH_LOW,RETURN_10M,-0.5~-0.2%,97863,22403,1.2067266032547912,1.0978333568605618,-9.023853961661388,-1.0823364099359571,-1.1611849066106357,-7.2850267209752335,0.07437381109672998,-0.036755634650669056,-149.42013070012638
CONDITIONAL,-1~0%,>=10,BETWEEN_PREV_HIGH_LOW,DIRECTION,FLAT_MIXED,97863,5419,1.2067266032547912,1.2837526641548007,6.383058158513643,-1.0823364099359571,-0.8492830540751083,21.532432404693736,0.07437381109672998,0.31434573632245794,322.65648578048854
CONDITIONAL,-1~0%,>=10,BETWEEN_PREV_HIGH_LOW,NIGHT_RETURN,1~2%,97863,4732,1.2067266032547912,1.1890665668555118,-1.4634662359847381,-1.0823364099359571,-1.1671260496202862,-7.8339450568189,0.07437381109672998,-0.11027106096297125,-248.2659814481654
CONDITIONAL,-1~0%,>=10,BETWEEN_PREV_HIGH_LOW,RETURN_5M,-0.5~-0.2%,97863,9304,1.2067266032547912,1.2783174893038611,5.932651675696427,-1.0823364099359571,-1.12131352488705,-3.601201492740988,0.07437381109672998,0.18478472101306886,148.4540166601646
CONDITIONAL,-1~0%,>=10,BETWEEN_PREV_HIGH_LOW,RETURN_10M,0.2~0.5%,97863,19642,1.2067266032547912,1.364549233695246,13.078573888631823,-1.0823364099359571,-0.9135604129461586,15.59367267334055,0.07437381109672998,0.2820863830206465,279.28187202047127
CONDITIONAL,-1~0%,>=10,BETWEEN_PREV_HIGH_LOW,DIRECTION,UP,97863,20542,1.2067266032547912,1.349199303511959,11.806543410320897,-1.0823364099359571,-0.8972655746158108,17.09919703533739,0.07437381109672998,0.27323885997726,267.3858525575457
CONDITIONAL,-1~0%,>=10,BETWEEN_PREV_HIGH_LOW,PERSISTENCE,UP_PERSISTENT,97863,20542,1.2067266032547912,1.349199303511959,11.806543410320897,-1.0823364099359571,-0.8972655746158108,17.09919703533739,0.07437381109672998,0.27323885997726,267.3858525575457
CONDITIONAL,-1~0%,>=10,BETWEEN_PREV_HIGH_LOW,RETURN_5M,0.2~0.5%,97863,11023,1.2067266032547912,1.2383963112741891,2.6244310794158507,-1.0823364099359571,-1.043191589681481,3.616696241124552,0.07437381109672998,0.08169070756043127,9.838001247757752
CONDITIONAL,-1~0%,>=10,BETWEEN_PREV_HIGH_LOW,RANGE_10M,0.1~0.2%,97863,1042,1.2067266032547912,1.3150537322630003,8.976940486438966,-1.0823364099359571,-0.9631877426458105,11.008468919307331,0.07437381109672998,0.1659998130796809,123.19659384374275
CONDITIONAL,-1~0%,>=10,BETWEEN_PREV_HIGH_LOW,NIGHT_RETURN,-0.5~0%,97863,26443,1.2067266032547912,1.18528472955504,-1.7768626001878212,-1.0823364099359571,-1.0077337825127568,6.892739331167344,0.07437381109672998,0.0949335599908332,27.643801750811676
CONDITIONAL,-1~0%,>=10,BETWEEN_PREV_HIGH_LOW,RETURN_10M,0.5~1%,97863,3016,1.2067266032547912,1.293874264700128,7.221823171071355,-1.0823364099359571,-1.2229128646038199,-12.98824038232076,0.07437381109672998,-0.01722892086980714,-123.16530592657048
CONDITIONAL,-1~0%,>=10,BETWEEN_PREV_HIGH_LOW,RETURN_10M,>=1%,97863,104,1.2067266032547912,1.2844743421531886,6.442862756874311,-1.0823364099359571,-1.9161720296147138,-77.04033718389789,0.07437381109672998,-0.3217366304841507,-532.5939813218696
CONDITIONAL,-1~0%,>=10,BETWEEN_PREV_HIGH_LOW,RANGE_10M,1~2%,97863,1895,1.2067266032547912,1.5549050702685274,28.85313591948888,-1.0823364099359571,-1.517016736506263,-40.161295746858066,0.07437381109672998,0.4465170256155303,500.3686230826518
CONDITIONAL,-1~0%,>=10,BETWEEN_PREV_HIGH_LOW,NIGHT_RETURN,<-2%,97863,1578,1.2067266032547912,1.2801862849553751,6.087516551176378,-1.0823364099359571,-2.564362563641271,-136.9284207849024,0.07437381109672998,-0.4522602774922722,-708.0907658531389
CONDITIONAL,-1~0%,>=10,BETWEEN_PREV_HIGH_LOW,RANGE_10M,>=2%,97863,34,1.2067266032547912,0.8401445688904101,-30.37821768208586,-1.0823364099359571,-3.5004322449327283,-223.41444053793333,0.07437381109672998,-1.9795069298050072,-2761.5644682110974
CONDITIONAL,-1~0%,>=10,BETWEEN_PREV_HIGH_LOW,RETURN_5M,>=0.5%,97863,782,1.2067266032547912,1.3160075005192577,9.055978128742117,-1.0823364099359571,-0.8181214313250667,24.41153934999972,0.07437381109672998,0.48958722898150697,558.2790659265178
CONDITIONAL,-1~0%,>=10,BETWEEN_PREV_HIGH_LOW,NIGHT_RETURN,>=2%,97863,44,1.2067266032547912,3.675127216632333,204.55342632869412,-1.0823364099359571,-0.9258154752024134,14.461394192846683,0.07437381109672998,2.1127313094094373,2740.692547893823
CONDITIONAL,-1~0%,>=10,BETWEEN_PREV_HIGH_LOW,RETURN_5M,<-0.5%,97863,588,1.2067266032547912,0.9682710740525547,-19.760526415765806,-1.0823364099359571,-2.428172735678061,-124.34547275571542,0.07437381109672998,-0.6775594137672448,-1011.0188166719284
CONDITIONAL,-1~0%,>=10,BETWEEN_PREV_HIGH_LOW,RETURN_10M,-1~-0.5%,97863,1682,1.2067266032547912,1.3154208808590537,9.007365654415143,-1.0823364099359571,-1.7340182345297876,-60.210653417119275,0.07437381109672998,0.03211289644376026,-56.82230617173229
CONDITIONAL,-1~0%,>=10,BETWEEN_PREV_HIGH_LOW,PERSISTENCE,FLAT_PERSISTENT,97863,358,1.2067266032547912,1.5167140220092517,25.688289121857448,-1.0823364099359571,-1.2520248725633658,-15.677977851401053,0.07437381109672998,-0.2801093067789075,-476.6235757565248
CONDITIONAL,1~3%,>=10,ABOVE_PREV_HIGH,DIRECTION,DOWN,29828,7364,1.380420551496064,1.301590270499581,-5.710598912124911,-1.635617426608311,-1.6697550365940101,-2.0871390479427947,-0.23204831032124243,-0.2746520889743413,-18.35987454255502
CONDITIONAL,1~3%,>=10,ABOVE_PREV_HIGH,PERSISTENCE,DOWN_PERSISTENT,29828,7364,1.380420551496064,1.301590270499581,-5.710598912124911,-1.635617426608311,-1.6697550365940101,-2.0871390479427947,-0.23204831032124243,-0.2746520889743413,-18.35987454255502
CONDITIONAL,1~3%,>=10,ABOVE_PREV_HIGH,RETURN_5M,-0.2~-0.05%,29828,8880,1.380420551496064,1.2458770609317846,-9.74655806293702,-1.635617426608311,-1.6988938947187147,-3.868659448170381,-0.23204831032124243,-0.404382836077738,-74.2666583169339
CONDITIONAL,1~3%,>=10,ABOVE_PREV_HIGH,RETURN_10M,-0.2~0%,29828,6674,1.380420551496064,1.4110161434512942,2.2163964396264317,-1.635617426608311,-1.670554187096974,-2.1359983037787402,-0.23204831032124243,-0.23186338474359505,0.07969270596772285
CONDITIONAL,1~3%,>=10,ABOVE_PREV_HIGH,RANGE_10M,0.2~0.5%,29828,21095,1.380420551496064,1.393204900164287,0.9261198447362831,-1.635617426608311,-1.6645782994853076,-1.770638561674603,-0.23204831032124243,-0.2531726386923477,-9.103418310549735
CONDITIONAL,1~3%,>=10,ABOVE_PREV_HIGH,NIGHT_RETURN,0.5~1%,29828,6971,1.380420551496064,1.2138899182087528,-12.06376079426154,-1.635617426608311,-1.6362079893913886,-0.03610641299549988,-0.23204831032124243,-0.3522504374434262,-51.80047506304988
CONDITIONAL,1~3%,>=10,ABOVE_PREV_HIGH,DIRECTION,UP_MIXED,29828,8117,1.380420551496064,1.4179779034369828,2.7207181101596345,-1.635617426608311,-1.6320953205284279,0.21533801380355314,-0.23204831032124243,-0.2318383746812351,0.09047066092258513
CONDITIONAL,1~3%,>=10,ABOVE_PREV_HIGH,PERSISTENCE,MIXED,29828,16099,1.380420551496064,1.3818226782762713,0.10157243592814945,-1.635617426608311,-1.6596832495633929,-1.471360145934971,-0.23204831032124243,-0.2528911037829646,-8.982092320718849
CONDITIONAL,1~3%,>=10,ABOVE_PREV_HIGH,RETURN_5M,-0.05~0.05%,29828,6486,1.380420551496064,1.407662578253972,1.9734585035251686,-1.635617426608311,-1.6654172925861936,-1.8219337537676503,-0.23204831032124243,-0.1937635174720473,16.49863030512678
CONDITIONAL,1~3%,>=10,ABOVE_PREV_HIGH,NIGHT_RETURN,-1~-0.5%,29828,1678,1.380420551496064,1.5680218917403277,13.59015845141876,-1.635617426608311,-1.7253729002863936,-5.487559145429473,-0.23204831032124243,-0.12389365332442344,46.60868111777764
CONDITIONAL,1~3%,>=10,ABOVE_PREV_HIGH,RETURN_5M,0.05~0.2%,29828,5892,1.380420551496064,1.4578155399269277,5.60662389059516,-1.635617426608311,-1.6348495299380044,0.04694842802567702,-0.23204831032124243,-0.2438778331875914,-5.097870719236202
CONDITIONAL,1~3%,>=10,ABOVE_PREV_HIGH,RETURN_10M,0~0.2%,29828,7813,1.380420551496064,1.3728435198823996,-0.5488929881152891,-1.635617426608311,-1.6197389456679792,0.970794311800539,-0.23204831032124243,-0.2740046682725453,-18.08087199308604
CONDITIONAL,1~3%,>=10,ABOVE_PREV_HIGH,NIGHT_RETURN,0~0.5%,29828,8743,1.380420551496064,1.3845961638173594,0.30248842041434876,-1.635617426608311,-1.7381258240914403,-6.267260045993477,-0.23204831032124243,-0.3019399508625186,-30.119435235067986
CONDITIONAL,1~3%,>=10,ABOVE_PREV_HIGH,RANGE_10M,0.5~1%,29828,7870,1.380420551496064,1.273542965262517,-7.7423931509651736,-1.635617426608311,-1.5763903583593615,3.6210832243188684,-0.23204831032124243,-0.2610470287726487,-12.496845338481924
CONDITIONAL,1~3%,>=10,ABOVE_PREV_HIGH,DIRECTION,DOWN_MIXED,29828,6721,1.380420551496064,1.3583729520621382,-1.5971654007926166,-1.635617426608311,-1.712643866800677,-4.7093188748967645,-0.23204831032124243,-0.28744488714082805,-23.87286369070986
CONDITIONAL,1~3%,>=10,ABOVE_PREV_HIGH,NIGHT_RETURN,-2~-1%,29828,788,1.380420551496064,1.7915693562531418,29.784314954706055,-1.635617426608311,-1.8200645067940697,-11.276908474143394,-0.23204831032124243,0.012538174087093084,105.40326023910087
CONDITIONAL,1~3%,>=10,ABOVE_PREV_HIGH,RETURN_10M,-0.5~-0.2%,29828,7081,1.380420551496064,1.2905559969275833,-6.509940356298503,-1.635617426608311,-1.7485242503633922,-6.9030093418122735,-0.23204831032124243,-0.2866456260939654,-23.528426342402433
CONDITIONAL,1~3%,>=10,ABOVE_PREV_HIGH,DIRECTION,FLAT_MIXED,29828,1388,1.380420551496064,1.3079405301925944,-5.2505753572646805,-1.635617426608311,-1.5884535575019438,2.883551394054798,-0.23204831032124243,-0.24947474541700213,-7.509830634679017
CONDITIONAL,1~3%,>=10,ABOVE_PREV_HIGH,NIGHT_RETURN,1~2%,29828,5707,1.380420551496064,1.1792680529365245,-14.571827284195066,-1.635617426608311,-1.4780277735871037,9.63487246207643,-0.23204831032124243,-0.37400731112474167,-61.17648545122971
CONDITIONAL,1~3%,>=10,ABOVE_PREV_HIGH,RETURN_5M,-0.5~-0.2%,29828,3263,1.380420551496064,1.438561410285231,4.211822167248643,-1.635617426608311,-1.624138812417556,0.7017908958427758,-0.23204831032124243,-0.015640610163134918,93.25976123614845
CONDITIONAL,1~3%,>=10,ABOVE_PREV_HIGH,RETURN_10M,0.2~0.5%,29828,5511,1.380420551496064,1.5277389078917851,10.671990954934813,-1.635617426608311,-1.530994451088609,6.396543214671707,-0.23204831032124243,-0.049297650002446534,78.75543677340292
CONDITIONAL,1~3%,>=10,ABOVE_PREV_HIGH,DIRECTION,UP,29828,6238,1.380420551496064,1.4644919443973687,6.090273924869522,-1.635617426608311,-1.5274045893050807,6.616023743866879,-0.23204831032124243,-0.11846407448782587,48.94852958686625
CONDITIONAL,1~3%,>=10,ABOVE_PREV_HIGH,PERSISTENCE,UP_PERSISTENT,29828,6238,1.380420551496064,1.4644919443973687,6.090273924869522,-1.635617426608311,-1.5274045893050807,6.616023743866879,-0.23204831032124243,-0.11846407448782587,48.94852958686625
CONDITIONAL,1~3%,>=10,ABOVE_PREV_HIGH,RETURN_5M,0.2~0.5%,29828,4887,1.380420551496064,1.3568483608655186,-1.7076093662180232,-1.635617426608311,-1.5126841947676894,7.5160138208811675,-0.23204831032124243,-0.21347383947236115,8.00457060995928
CONDITIONAL,1~3%,>=10,ABOVE_PREV_HIGH,RANGE_10M,0.1~0.2%,29828,415,1.380420551496064,1.4772785468198402,7.016557035376218,-1.635617426608311,-1.555360244836338,4.906843156984326,-0.23204831032124243,-0.06787130691889945,70.75121692334672
CONDITIONAL,1~3%,>=10,ABOVE_PREV_HIGH,NIGHT_RETURN,-0.5~0%,29828,5150,1.380420551496064,1.5560397281734986,12.722150252479445,-1.635617426608311,-1.6138774503830065,1.3291602224112717,-0.23204831032124243,-0.05206070409103776,77.5647131328101
CONDITIONAL,1~3%,>=10,ABOVE_PREV_HIGH,RETURN_10M,0.5~1%,29828,1669,1.380420551496064,1.469940591224642,6.484983118482155,-1.635617426608311,-1.4609191575370233,10.680875993938864,-0.23204831032124243,-0.255982056653163,-10.314122218251542
CONDITIONAL,1~3%,>=10,ABOVE_PREV_HIGH,RANGE_10M,1~2%,29828,444,1.380420551496064,2.575797289750407,86.59511313119938,-1.635617426608311,-1.3582881603362633,16.95563166303076,-0.23204831032124243,1.1611087682539727,600.3737224574314
CONDITIONAL,1~3%,>=10,ABOVE_PREV_HIGH,NIGHT_RETURN,<-2%,29828,116,1.380420551496064,1.6541287353901548,19.827883871871734,-1.635617426608311,-3.23768379810455,-97.94872232551074,-0.23204831032124243,-0.8256198321248895,-255.79652830995414
CONDITIONAL,1~3%,>=10,ABOVE_PREV_HIGH,RETURN_5M,>=0.5%,29828,370,1.380420551496064,2.7560604146969987,99.65367885243754,-1.635617426608311,-0.9987384306761915,38.93813954115053,-0.23204831032124243,1.5151307289380314,752.9376261522951
CONDITIONAL,1~3%,>=10,ABOVE_PREV_HIGH,NIGHT_RETURN,>=2%,29828,675,1.380420551496064,2.413584639053284,74.84415430047774,-1.635617426608311,-1.086259814585621,33.5871703911753,-0.23204831032124243,1.2892140886357408,655.5800371271749
CONDITIONAL,1~3%,>=10,ABOVE_PREV_HIGH,RETURN_5M,<-0.5%,29828,50,1.380420551496064,0.9512218079455614,-31.09188305588091,-1.635617426608311,-4.100060031267363,-150.67353554488773,-0.23204831032124243,-2.0651090734003166,-789.9479037539322
CONDITIONAL,1~3%,>=10,ABOVE_PREV_HIGH,RETURN_10M,-1~-0.5%,29828,1077,1.380420551496064,0.9437158623496803,-31.63562645261217,-1.635617426608311,-1.5915885642180263,2.69188024497788,-0.23204831032124243,-0.46224796221582876,-99.20333036508782
CONDITIONAL,1~3%,>=10,ABOVE_PREV_HIGH,PERSISTENCE,FLAT_PERSISTENT,29828,127,1.380420551496064,1.644168593270356,19.106354327197522,-1.635617426608311,-1.9207090440025922,-17.430213982585148,-0.23204831032124243,-0.6986318157317916,-201.0717099230852
CONDITIONAL,0~1%,5~10,ABOVE_PREV_HIGH,DIRECTION,DOWN,8832,2002,0.6743829220711192,0.6697312598408777,-0.6897657218180472,-0.851088043986559,-0.8901666466837821,-4.591605178023183,-0.09224414317402518,-0.14487715268004603,-57.058375410051674
CONDITIONAL,0~1%,5~10,ABOVE_PREV_HIGH,PERSISTENCE,DOWN_PERSISTENT,8832,2002,0.6743829220711192,0.6697312598408777,-0.6897657218180472,-0.851088043986559,-0.8901666466837821,-4.591605178023183,-0.09224414317402518,-0.14487715268004603,-57.058375410051674
CONDITIONAL,0~1%,5~10,ABOVE_PREV_HIGH,RETURN_5M,-0.2~-0.05%,8832,2495,0.6743829220711192,0.6492625851736646,-3.7249366903163326,-0.851088043986559,-0.8944719842391778,-5.097467948134398,-0.09224414317402518,-0.1735773009897367,-88.17162262786775
CONDITIONAL,0~1%,5~10,ABOVE_PREV_HIGH,RETURN_10M,-0.2~0%,8832,2204,0.6743829220711192,0.6653235403768616,-1.3433587058276941,-0.851088043986559,-0.8855388344795718,-4.04785271470185,-0.09224414317402518,-0.12091215552507224,-31.078409278476144
CONDITIONAL,0~1%,5~10,ABOVE_PREV_HIGH,RANGE_10M,0.2~0.5%,8832,7024,0.6743829220711192,0.6705465644485742,-0.5688693317978769,-0.851088043986559,-0.8570725909699162,-0.703164264336871,-0.09224414317402518,-0.09549681279108527,-3.5261529948017283
CONDITIONAL,0~1%,5~10,ABOVE_PREV_HIGH,NIGHT_RETURN,0.5~1%,8832,1838,0.6743829220711192,0.6274724463308385,-6.956059266182534,-0.851088043986559,-0.8221593504113366,3.3990247871087815,-0.09224414317402518,-0.1065302816029507,-15.487312188453728
CONDITIONAL,0~1%,5~10,ABOVE_PREV_HIGH,DIRECTION,UP_MIXED,8832,2342,0.6743829220711192,0.7234838680830656,7.280870319365588,-0.851088043986559,-0.871036038632831,-2.343822685234077,-0.09224414317402518,-0.0805769240083165,12.648195066105872
CONDITIONAL,0~1%,5~10,ABOVE_PREV_HIGH,PERSISTENCE,MIXED,8832,4900,0.6743829220711192,0.6741105159798453,-0.040393385176078454,-0.851088043986559,-0.8703216681415546,-2.259886540633789,-0.09224414317402518,-0.09262602479210001,-0.41399009729472036
CONDITIONAL,0~1%,5~10,ABOVE_PREV_HIGH,RETURN_5M,-0.05~0.05%,8832,2087,0.6743829220711192,0.6881677138311869,2.044060030128407,-0.851088043986559,-0.8775909722729849,-3.1140054749546473,-0.09224414317402518,-0.07183406040948062,22.126155723555783
CONDITIONAL,0~1%,5~10,ABOVE_PREV_HIGH,NIGHT_RETURN,-1~-0.5%,8832,709,0.6743829220711192,0.6498877894646442,-3.632229080067325,-0.851088043986559,-0.8556611221000489,-0.5373213906365318,-0.09224414317402518,-0.11199302316111236,-21.409359236856368
CONDITIONAL,0~1%,5~10,ABOVE_PREV_HIGH,RETURN_5M,0.05~0.2%,8832,2207,0.6743829220711192,0.6659943518581467,-1.2438882923087744,-0.851088043986559,-0.8124187785045616,4.543509423639388,-0.09224414317402518,-0.07526891010450128,18.402505010533744
CONDITIONAL,0~1%,5~10,ABOVE_PREV_HIGH,RETURN_10M,0~0.2%,8832,2430,0.6743829220711192,0.659547784114231,-2.199809258414716,-0.851088043986559,-0.8252888063875604,3.0313241716042767,-0.09224414317402518,-0.09149157046021834,0.8158487768562798
CONDITIONAL,0~1%,5~10,ABOVE_PREV_HIGH,NIGHT_RETURN,0~0.5%,8832,2845,0.6743829220711192,0.6895679166949478,2.2516873021033037,-0.851088043986559,-0.8559743377670245,-0.5741231844331517,-0.09224414317402518,-0.07511912301540506,18.564886148178044
CONDITIONAL,0~1%,5~10,ABOVE_PREV_HIGH,RANGE_10M,0.5~1%,8832,1644,0.6743829220711192,0.6922121307696187,2.6437811686784296,-0.851088043986559,-0.8239407512328016,3.189716145770003,-0.09224414317402518,-0.07570542703033946,17.92928588700125
CONDITIONAL,0~1%,5~10,ABOVE_PREV_HIGH,DIRECTION,DOWN_MIXED,8832,2092,0.6743829220711192,0.6268821133316911,-7.043596031991263,-0.851088043986559,-0.8762400704762003,-2.9552790298671545,-0.09224414317402518,-0.11885692935819818,-28.850380380211316
CONDITIONAL,0~1%,5~10,ABOVE_PREV_HIGH,NIGHT_RETURN,-2~-1%,8832,317,0.6743829220711192,0.5121426304781324,-24.057591953059163,-0.851088043986559,-1.0769240908139999,-26.534980537337617,-0.09224414317402518,-0.2745824998738566,-197.66930498323023
CONDITIONAL,0~1%,5~10,ABOVE_PREV_HIGH,RETURN_10M,-0.5~-0.2%,8832,2004,0.6743829220711192,0.6231556319370346,-7.596172509345102,-0.851088043986559,-0.8924849298955918,-4.863995705441558,-0.09224414317402518,-0.12028108769276408,-30.394281473074326
CONDITIONAL,0~1%,5~10,ABOVE_PREV_HIGH,DIRECTION,FLAT_MIXED,8832,491,0.6743829220711192,0.6264290111063411,-7.110783709869947,-0.851088043986559,-0.8553077400617178,-0.49580018248093954,-0.09224414317402518,-0.06555865982420395,28.92918989932744
CONDITIONAL,0~1%,5~10,ABOVE_PREV_HIGH,NIGHT_RETURN,1~2%,8832,1079,0.6743829220711192,0.7675467739558695,13.814681368061898,-0.851088043986559,-0.8891032728213557,-4.466662304023279,-0.09224414317402518,-0.1506381846184136,-63.303792994449395
CONDITIONAL,0~1%,5~10,ABOVE_PREV_HIGH,RETURN_5M,-0.5~-0.2%,8832,896,0.6743829220711192,0.6570720403164019,-2.5669217277260343,-0.851088043986559,-0.8527194441527207,-0.19168406578949249,-0.09224414317402518,-0.05439772434936394,41.028533110510075
CONDITIONAL,0~1%,5~10,ABOVE_PREV_HIGH,RETURN_10M,0.2~0.5%,8832,1793,0.6743829220711192,0.7001891890713091,3.826648949077105,-0.851088043986559,-0.8053939270757514,5.36890598260234,-0.09224414317402518,-0.054711153461871345,40.688750982645224
CONDITIONAL,0~1%,5~10,ABOVE_PREV_HIGH,DIRECTION,UP,8832,1905,0.6743829220711192,0.6834303102031717,1.3415802559570755,-0.851088043986559,-0.7567870065846329,11.080056648453558,-0.09224414317402518,-0.028927589831510274,68.64018805298423
CONDITIONAL,0~1%,5~10,ABOVE_PREV_HIGH,PERSISTENCE,UP_PERSISTENT,8832,1905,0.6743829220711192,0.6834303102031717,1.3415802559570755,-0.851088043986559,-0.7567870065846329,11.080056648453558,-0.09224414317402518,-0.028927589831510274,68.64018805298423
CONDITIONAL,0~1%,5~10,ABOVE_PREV_HIGH,RETURN_5M,0.2~0.5%,8832,1094,0.6743829220711192,0.7331863537948008,8.71959087325173,-0.851088043986559,-0.7783344560562425,8.548303368184254,-0.09224414317402518,-0.020599188532460275,77.66883855856472
CONDITIONAL,0~1%,5~10,ABOVE_PREV_HIGH,RANGE_10M,0.1~0.2%,8832,139,0.6743829220711192,0.6609914449634687,-1.9857378752302077,-0.851088043986559,-0.7985219323449981,6.176342390540155,-0.09224414317402518,-0.06332035032399566,31.355695716597115
CONDITIONAL,0~1%,5~10,ABOVE_PREV_HIGH,NIGHT_RETURN,-0.5~0%,8832,2030,0.6743829220711192,0.6790798800813824,0.6964823480165073,-0.851088043986559,-0.8047628804598576,5.443051850395053,-0.09224414317402518,-0.02962498077106205,67.88416071557802
CONDITIONAL,0~1%,5~10,ABOVE_PREV_HIGH,RETURN_10M,0.5~1%,8832,235,0.6743829220711192,1.0735734430868267,59.19345047910475,-0.851088043986559,-0.8241870807244446,3.160773253975975,-0.09224414317402518,0.06240400402555556,167.65091189348027
CONDITIONAL,0~1%,5~10,ABOVE_PREV_HIGH,RETURN_10M,-1~-0.5%,8832,165,0.6743829220711192,0.7911691382537213,17.31749312748552,-0.851088043986559,-0.791983828713434,6.944547710513774,-0.09224414317402518,0.0015225515038512839,101.65056712704119
CONDITIONAL,0~1%,5~10,ABOVE_PREV_HIGH,RETURN_5M,>=0.5%,8832,47,0.6743829220711192,0.6628010819556678,-1.717398192688809,-0.851088043986559,-0.7444610329865183,12.528317340776157,-0.09224414317402518,0.15718457112425344,270.40059749670337
CONDITIONAL,0~1%,5~10,BETWEEN_PREV_HIGH_LOW,DIRECTION,DOWN,45735,9327,0.9215726492783876,0.8866251000453788,-3.7921643247956127,-0.8295281221555983,-0.9186037664244033,-10.738110244814179,0.008353127207093677,-0.094032266819984,-1225.71333452374
CONDITIONAL,0~1%,5~10,BETWEEN_PREV_HIGH_LOW,PERSISTENCE,DOWN_PERSISTENT,45735,9327,0.9215726492783876,0.8866251000453788,-3.7921643247956127,-0.8295281221555983,-0.9186037664244033,-10.738110244814179,0.008353127207093677,-0.094032266819984,-1225.71333452374
CONDITIONAL,0~1%,5~10,BETWEEN_PREV_HIGH_LOW,RETURN_5M,-0.2~-0.05%,45735,13281,0.9215726492783876,0.8614475134867225,-6.5241883902201705,-0.8295281221555983,-0.8801651094867765,-6.104312316693219,0.008353127207093677,-0.07969734439969839,-1054.1018881170332
CONDITIONAL,0~1%,5~10,BETWEEN_PREV_HIGH_LOW,RETURN_10M,-0.2~0%,45735,11252,0.9215726492783876,0.8934480716620906,-3.051802550598602,-0.8295281221555983,-0.8522339263139259,-2.7371952260430468,0.008353127207093677,-0.003219437673654506,-138.5417053258866
CONDITIONAL,0~1%,5~10,BETWEEN_PREV_HIGH_LOW,RANGE_10M,0.2~0.5%,45735,36276,0.9215726492783876,0.894625575827387,-2.9240313796314084,-0.8295281221555983,-0.8319102650828891,-0.28716843512195556,0.008353127207093677,-0.008427245134359577,-200.88730753678644
CONDITIONAL,0~1%,5~10,BETWEEN_PREV_HIGH_LOW,NIGHT_RETURN,0.5~1%,45735,7775,0.9215726492783876,0.9178482552115697,-0.4041346137750713,-0.8295281221555983,-0.7718460114788336,6.953605204712406,0.008353127207093677,0.03795798823283905,354.41649925556277
CONDITIONAL,0~1%,5~10,BETWEEN_PREV_HIGH_LOW,DIRECTION,UP_MIXED,45735,12067,0.9215726492783876,0.9803087726662809,6.3734664254505695,-0.8295281221555983,-0.8403003289588008,-1.298594528080612,0.008353127207093677,0.030245272822180744,262.0832302960229
CONDITIONAL,0~1%,5~10,BETWEEN_PREV_HIGH_LOW,PERSISTENCE,MIXED,45735,26236,0.9215726492783876,0.9208415073416848,-0.0793363320054325,-0.8295281221555983,-0.835807029114384,-0.7569251470907784,0.008353127207093677,0.013691165626451484,63.90467051459022
CONDITIONAL,0~1%,5~10,BETWEEN_PREV_HIGH_LOW,RETURN_5M,-0.05~0.05%,45735,10365,0.9215726492783876,0.9063236363160463,-1.6546729087806147,-0.8295281221555983,-0.8767880379100236,-5.697204771263978,0.008353127207093677,-0.038550767586241305,-561.5129954384397
CONDITIONAL,0~1%,5~10,BETWEEN_PREV_HIGH_LOW,NIGHT_RETURN,-1~-0.5%,45735,4945,0.9215726492783876,0.9180688477434108,-0.38019808180291753,-0.8295281221555983,-0.8065294466545047,2.772501002296306,0.008353127207093677,0.05014820328844894,500.35244340421247
CONDITIONAL,0~1%,5~10,BETWEEN_PREV_HIGH_LOW,RETURN_5M,0.05~0.2%,45735,11988,0.9215726492783876,0.9501122006949391,3.096831426030127,-0.8295281221555983,-0.7441974038670296,10.286657680372514,0.008353127207093677,0.09344585738747663,1018.6930962588497
CONDITIONAL,0~1%,5~10,BETWEEN_PREV_HIGH_LOW,RETURN_10M,0~0.2%,45735,12418,0.9215726492783876,0.9410508286479419,2.113580452371951,-0.8295281221555983,-0.8166342200580844,1.5543658802076616,0.008353127207093677,0.006891534891486541,-17.497546480148376
CONDITIONAL,0~1%,5~10,BETWEEN_PREV_HIGH_LOW,NIGHT_RETURN,0~0.5%,45735,15121,0.9215726492783876,0.91651506867384,-0.5487989046232796,-0.8295281221555983,-0.8276526799098294,0.22608543287182015,0.008353127207093677,0.006981252939939754,-16.423481088482582
CONDITIONAL,0~1%,5~10,BETWEEN_PREV_HIGH_LOW,RANGE_10M,0.5~1%,45735,8583,0.9215726492783876,1.010057814855273,9.60153989445882,-0.8295281221555983,-0.8189113196392739,1.2798604691949216,0.008353127207093677,0.05535525353032725,562.68898052119
CONDITIONAL,0~1%,5~10,BETWEEN_PREV_HIGH_LOW,DIRECTION,DOWN_MIXED,45735,11572,0.9215726492783876,0.8551569491641898,-7.206778561213024,-0.8295281221555983,-0.8472895920917718,-2.1411534415516593,0.008353127207093677,-0.029823356915746453,-457.03223686596965
CONDITIONAL,0~1%,5~10,BETWEEN_PREV_HIGH_LOW,NIGHT_RETURN,-2~-1%,45735,2734,0.9215726492783876,0.8438667933179824,-8.43187523211009,-0.8295281221555983,-0.9762187161682032,-17.683619167897174,0.008353127207093677,-0.10544577642591238,-1362.3508993896953
CONDITIONAL,0~1%,5~10,BETWEEN_PREV_HIGH_LOW,RETURN_10M,-0.5~-0.2%,45735,10668,0.9215726492783876,0.8594734221509879,-6.738397366287378,-0.8295281221555983,-0.904952361949108,-9.09242710150844,0.008353127207093677,-0.09098147687743194,-1189.1906063655808
CONDITIONAL,0~1%,5~10,BETWEEN_PREV_HIGH_LOW,DIRECTION,FLAT_MIXED,45735,2883,0.9215726492783876,0.9418422551780119,2.199458275535402,-0.8295281221555983,-0.7852579428151142,5.33679065942266,0.008353127207093677,0.08781548829133215,951.2887702315501
CONDITIONAL,0~1%,5~10,BETWEEN_PREV_HIGH_LOW,NIGHT_RETURN,1~2%,45735,3506,0.9215726492783876,1.0337546088074423,12.172882910196584,-0.8295281221555983,-0.8518525923847533,-2.691225243954714,0.008353127207093677,-0.04700160947282034,-662.6827930132015
CONDITIONAL,0~1%,5~10,BETWEEN_PREV_HIGH_LOW,RETURN_5M,-0.5~-0.2%,45735,4162,0.9215726492783876,0.9302733899751505,0.9441188064311419,-0.8295281221555983,-0.8146753098686171,1.7905134124187292,0.008353127207093677,0.08100917792410062,869.8065875892045
CONDITIONAL,0~1%,5~10,BETWEEN_PREV_HIGH_LOW,RETURN_10M,0.2~0.5%,45735,9547,0.9215726492783876,0.9680729832085685,5.0457588955783095,-0.8295281221555983,-0.7304006822256163,11.94985887547623,0.008353127207093677,0.13202814038899469,1480.5833805197317
CONDITIONAL,0~1%,5~10,BETWEEN_PREV_HIGH_LOW,DIRECTION,UP,45735,9886,0.9215726492783876,0.9546813078548961,3.59262599670611,-0.8295281221555983,-0.7244601920875915,12.665987717809859,0.008353127207093677,0.09974138699031652,1094.0604341044123
CONDITIONAL,0~1%,5~10,BETWEEN_PREV_HIGH_LOW,PERSISTENCE,UP_PERSISTENT,45735,9886,0.9215726492783876,0.9546813078548961,3.59262599670611,-0.8295281221555983,-0.7244601920875915,12.665987717809859,0.008353127207093677,0.09974138699031652,1094.0604341044123
CONDITIONAL,0~1%,5~10,BETWEEN_PREV_HIGH_LOW,RETURN_5M,0.2~0.5%,45735,5586,0.9215726492783876,1.028778549275521,11.632929870594374,-0.8295281221555983,-0.8143031213669675,1.835380908975989,0.008353127207093677,0.06215632190880917,644.1084083578246
CONDITIONAL,0~1%,5~10,BETWEEN_PREV_HIGH_LOW,RANGE_10M,0.1~0.2%,45735,506,0.9215726492783876,1.0862899327344047,17.87349956457524,-0.8295281221555983,-0.7115080464422769,14.227374884728,0.008353127207093677,0.2246990106523649,2589.9986685411072
CONDITIONAL,0~1%,5~10,BETWEEN_PREV_HIGH_LOW,NIGHT_RETURN,-0.5~0%,45735,11466,0.9215726492783876,0.9156810494795147,-0.6392984648021118,-0.8295281221555983,-0.8207745877741489,1.055242631039758,0.008353127207093677,0.02576866267339787,208.49120376754828
CONDITIONAL,0~1%,5~10,BETWEEN_PREV_HIGH_LOW,RETURN_10M,0.5~1%,45735,1293,0.9215726492783876,1.1448171056561065,24.2242927405153,-0.8295281221555983,-0.8160977081193432,1.6190426433470457,0.008353127207093677,0.04798856923446431,474.498245324353
CONDITIONAL,0~1%,5~10,BETWEEN_PREV_HIGH_LOW,RANGE_10M,1~2%,45735,362,0.9215726492783876,1.3121388930041102,42.38040745149555,-0.8295281221555983,-0.9868298333100677,-18.96279426256311,0.008353127207093677,0.2910364068187643,3384.1610764841357
CONDITIONAL,0~1%,5~10,BETWEEN_PREV_HIGH_LOW,NIGHT_RETURN,<-2%,45735,150,0.9215726492783876,0.74902825828139,-18.722820293343535,-0.8295281221555983,-2.3464707716728244,-182.86814021148837,0.008353127207093677,-0.9711251917042161,-11725.887737942181
CONDITIONAL,0~1%,5~10,BETWEEN_PREV_HIGH_LOW,RETURN_5M,>=0.5%,45735,318,0.9215726492783876,0.8539710400417629,-7.335461755463145,-0.8295281221555983,-0.7001752075330995,15.593553873299012,0.008353127207093677,0.17535267027960927,1999.2457786431833
CONDITIONAL,0~1%,5~10,BETWEEN_PREV_HIGH_LOW,NIGHT_RETURN,>=2%,45735,38,0.9215726492783876,1.8513553022121492,100.89086884922231,-0.8295281221555983,-0.4103274431830453,50.53483634565937,0.008353127207093677,0.9642687221710445,11443.805071616343
CONDITIONAL,0~1%,5~10,BETWEEN_PREV_HIGH_LOW,RETURN_5M,<-0.5%,45735,35,0.9215726492783876,0.946671992004309,2.7235338142440275,-0.8295281221555983,-2.2176504449231893,-167.33879005336658,0.008353127207093677,-0.5796311540707553,-7039.091668309786
CONDITIONAL,0~1%,5~10,BETWEEN_PREV_HIGH_LOW,RETURN_10M,-1~-0.5%,45735,529,0.9215726492783876,0.9650181230795184,4.714275519694475,-0.8295281221555983,-0.9030798609769944,-8.866696240540433,0.008353127207093677,0.03096722133261615,270.72608335615956
CONDITIONAL,0~1%,5~10,BETWEEN_PREV_HIGH_LOW,PERSISTENCE,FLAT_PERSISTENT,45735,286,0.9215726492783876,0.9839007362010532,6.763230980375773,-0.8295281221555983,-0.9804358829467954,-18.19200057968506,0.008353127207093677,-0.3013131039001192,-3707.189217042413
CONDITIONAL,-1~0%,5~10,BELOW_PREV_LOW,DIRECTION,DOWN,5213,996,0.9608708173644527,0.8222540249163584,-14.426163220182156,-0.7455235982301088,-0.8164096887224377,-9.5082289360946,0.08140874669436349,-0.012849832590327556,-115.78433904475922
CONDITIONAL,-1~0%,5~10,BELOW_PREV_LOW,PERSISTENCE,DOWN_PERSISTENT,5213,996,0.9608708173644527,0.8222540249163584,-14.426163220182156,-0.7455235982301088,-0.8164096887224377,-9.5082289360946,0.08140874669436349,-0.012849832590327556,-115.78433904475922
CONDITIONAL,-1~0%,5~10,BELOW_PREV_LOW,RETURN_5M,-0.2~-0.05%,5213,1229,0.9608708173644527,0.9540825848168057,-0.7064667200806658,-0.7455235982301088,-0.7040630144254167,5.561270481996885,0.08140874669436349,0.1550850637402369,90.50172129842474
CONDITIONAL,-1~0%,5~10,BELOW_PREV_LOW,RETURN_10M,-0.2~0%,5213,1230,0.9608708173644527,0.8982530090112989,-6.516776992448009,-0.7455235982301088,-0.7336855804967641,1.5878796809984874,0.08140874669436349,0.10610536647249835,30.336567974513223
CONDITIONAL,-1~0%,5~10,BELOW_PREV_LOW,RANGE_10M,0.2~0.5%,5213,3996,0.9608708173644527,0.9542523567173475,-0.6887981742705791,-0.7455235982301088,-0.7034672959835702,5.641176529674091,0.08140874669436349,0.11175075789277937,37.27119312170504
CONDITIONAL,-1~0%,5~10,BELOW_PREV_LOW,NIGHT_RETURN,0.5~1%,5213,472,0.9608708173644527,1.0107162238267215,5.187524229218297,-0.7455235982301088,-0.6106396874495295,18.09250721248758,0.08140874669436349,0.17955191343478197,120.55604677084857
CONDITIONAL,-1~0%,5~10,BELOW_PREV_LOW,DIRECTION,UP_MIXED,5213,1397,0.9608708173644527,0.9616133004988253,0.0772718997137594,-0.7455235982301088,-0.8274877335278846,-10.994170471915396,0.08140874669436349,-0.03356003862780807,-141.22411901733855
CONDITIONAL,-1~0%,5~10,BELOW_PREV_LOW,PERSISTENCE,MIXED,5213,2975,0.9608708173644527,0.9723109291838224,1.190598321088422,-0.7455235982301088,-0.7653663686210256,-2.6615885047802608,0.08140874669436349,0.07805210710293577,-4.123192811246319
CONDITIONAL,-1~0%,5~10,BELOW_PREV_LOW,RETURN_5M,-0.05~0.05%,5213,1206,0.9608708173644527,0.8794674998190921,-8.471827437598698,-0.7455235982301088,-0.8832248024511059,-18.470401815301766,0.08140874669436349,-0.10314890778520416,-226.7049450748342
CONDITIONAL,-1~0%,5~10,BELOW_PREV_LOW,NIGHT_RETURN,-1~-0.5%,5213,807,0.9608708173644527,0.980519426364094,2.0448751949335837,-0.7455235982301088,-0.787876208993824,-5.680921551545967,0.08140874669436349,-0.014800091878666323,-118.17997755724083
CONDITIONAL,-1~0%,5~10,BELOW_PREV_LOW,RETURN_5M,0.05~0.2%,5213,1470,0.9608708173644527,1.031047578842487,7.30345434681016,-0.7455235982301088,-0.6256867772167634,16.074182131570485,0.08140874669436349,0.16296047258320848,100.17563124392308
CONDITIONAL,-1~0%,5~10,BELOW_PREV_LOW,RETURN_10M,0~0.2%,5213,1480,0.9608708173644527,0.9957850062847594,3.633598636710806,-0.7455235982301088,-0.7359667624355138,1.2818958135306713,0.08140874669436349,0.023576082741700005,-71.03986524910799
CONDITIONAL,-1~0%,5~10,BELOW_PREV_LOW,NIGHT_RETURN,0~0.5%,5213,1263,0.9608708173644527,0.9664103554803014,0.5765122653056509,-0.7455235982301088,-0.6440133948931912,13.615961128246687,0.08140874669436349,0.14753204967299643,81.22383117735816
CONDITIONAL,-1~0%,5~10,BELOW_PREV_LOW,RANGE_10M,0.5~1%,5213,1016,0.9608708173644527,0.9772054723923157,1.6999845070398658,-0.7455235982301088,-0.8213380407433254,-10.169288094059247,0.08140874669436349,0.02843116216115978,-65.07603505075423
CONDITIONAL,-1~0%,5~10,BELOW_PREV_LOW,DIRECTION,DOWN_MIXED,5213,1299,0.9608708173644527,0.9405670829155329,-2.1130555827067714,-0.7455235982301088,-0.7600467018701269,-1.9480407695338253,0.08140874669436349,0.11515611564199202,41.45422981922052
CONDITIONAL,-1~0%,5~10,BELOW_PREV_LOW,NIGHT_RETURN,-2~-1%,5213,905,0.9608708173644527,0.9516504277877167,-0.9595868050219645,-0.7455235982301088,-0.8536566731103983,-14.504312826180149,0.08140874669436349,0.13798638723199885,69.49823309532984
CONDITIONAL,-1~0%,5~10,BELOW_PREV_LOW,RETURN_10M,-0.5~-0.2%,5213,1201,0.9608708173644527,0.8926275514393442,-7.102231089949333,-0.7455235982301088,-0.7584507558531377,-1.7339702799104226,0.08140874669436349,0.0760968071885392,-6.5250230737087005
CONDITIONAL,-1~0%,5~10,BELOW_PREV_LOW,RETURN_5M,-0.5~-0.2%,5213,502,0.9608708173644527,1.0290121846946267,7.091626272621873,-0.7455235982301088,-0.6687964695082687,10.291710269667151,0.08140874669436349,0.30549047738058194,275.255104377787
CONDITIONAL,-1~0%,5~10,BELOW_PREV_LOW,DIRECTION,FLAT_MIXED,5213,302,0.9608708173644527,1.191859069331645,24.039470009169808,-0.7455235982301088,-0.5217145027854888,30.02039049816106,0.08140874669436349,0.4044127422567426,396.7681713305912
CONDITIONAL,-1~0%,5~10,BELOW_PREV_LOW,RETURN_10M,0.2~0.5%,5213,961,0.9608708173644527,1.090971057977302,13.539826401398871,-0.7455235982301088,-0.5611428609803534,24.731710396220834,0.08140874669436349,0.3085417966191659,279.00325106040293
CONDITIONAL,-1~0%,5~10,BELOW_PREV_LOW,DIRECTION,UP,5213,1219,0.9608708173644527,1.0376888446775303,7.994625908587773,-0.7455235982301088,-0.6336436901534435,15.00689023691148,0.08140874669436349,0.17419619471718348,113.97724666020972
CONDITIONAL,-1~0%,5~10,BELOW_PREV_LOW,PERSISTENCE,UP_PERSISTENT,5213,1219,0.9608708173644527,1.0376888446775303,7.994625908587773,-0.7455235982301088,-0.6336436901534435,15.00689023691148,0.08140874669436349,0.17419619471718348,113.97724666020972
CONDITIONAL,-1~0%,5~10,BELOW_PREV_LOW,NIGHT_RETURN,1~2%,5213,142,0.9608708173644527,0.9759915619571853,1.573650101499273,-0.7455235982301088,-0.5447101405610906,26.935895543179893,0.08140874669436349,0.164614461335993,102.20734014492628
CONDITIONAL,-1~0%,5~10,BELOW_PREV_LOW,RETURN_5M,0.2~0.5%,5213,773,0.9608708173644527,0.9255283359079524,-3.678172009994047,-0.7455235982301088,-0.8787249996692615,-17.86682564514069,0.08140874669436349,-0.05347943269038522,-165.69248988829844
CONDITIONAL,-1~0%,5~10,BELOW_PREV_LOW,RANGE_10M,0.1~0.2%,5213,32,0.9608708173644527,1.0698965138711956,11.346550913658362,-0.7455235982301088,-0.44869222445141566,39.8151546756371,0.08140874669436349,0.35864318674156437,340.546257379486
CONDITIONAL,-1~0%,5~10,BELOW_PREV_LOW,NIGHT_RETURN,-0.5~0%,5213,1426,0.9608708173644527,0.951627558971119,-0.9619668145075757,-0.7455235982301088,-0.6294993837434197,15.562782286453897,0.08140874669436349,0.1469347039727118,80.49007009572982
CONDITIONAL,-1~0%,5~10,BELOW_PREV_LOW,RETURN_10M,0.5~1%,5213,208,0.9608708173644527,0.8988699263139929,-6.452573012938453,-0.7455235982301088,-1.2731059235476854,-70.76668351881413,0.08140874669436349,-0.35160743475067235,-531.9037560800782
CONDITIONAL,-1~0%,5~10,BELOW_PREV_LOW,RETURN_10M,>=1%,5213,101,0.9608708173644527,0.819897049442539,-14.671458990563046,-0.7455235982301088,-1.5969787570543914,-114.20901509297062,0.08140874669436349,-0.7478109517211694,-1018.5879676157031
CONDITIONAL,-1~0%,5~10,BELOW_PREV_LOW,RANGE_10M,1~2%,5213,152,0.9608708173644527,1.0508651173797194,9.365910420935643,-0.7455235982301088,-1.2483574761304905,-67.44707734190058,0.08140874669436349,-0.23727477063102162,-391.4610287784345
CONDITIONAL,-1~0%,5~10,BELOW_PREV_LOW,NIGHT_RETURN,<-2%,5213,197,0.9608708173644527,0.8121991816521926,-15.47259350846429,-0.7455235982301088,-2.037631047444496,-173.31543257408373,0.08140874669436349,-0.9818867497314838,-1306.119476839295
CONDITIONAL,-1~0%,5~10,BELOW_PREV_LOW,RETURN_5M,>=0.5%,5213,31,0.9608708173644527,0.9089292944261803,-5.405671813484918,-0.7455235982301088,-0.5648310914468655,24.236993599157927,0.08140874669436349,0.27597541787670876,238.99971327751263
CONDITIONAL,-1~0%,5~10,BELOW_PREV_LOW,RETURN_10M,-1~-0.5%,5213,32,0.9608708173644527,1.2550980585533684,30.620894700074658,-0.7455235982301088,-0.5778722317447622,22.487734376665614,0.08140874669436349,0.616997308323514,657.9005123858922
CONDITIONAL,0~1%,3~5,BETWEEN_PREV_HIGH_LOW,DIRECTION,DOWN,21249,4223,0.9224216238846792,0.8631584403263839,-6.4247391890830565,-0.8330193926701829,-0.9486096030508251,-13.876052754321389,-0.004512075555495214,-0.13755195377681353,-2948.529486818773
CONDITIONAL,0~1%,3~5,BETWEEN_PREV_HIGH_LOW,PERSISTENCE,DOWN_PERSISTENT,21249,4223,0.9224216238846792,0.8631584403263839,-6.4247391890830565,-0.8330193926701829,-0.9486096030508251,-13.876052754321389,-0.004512075555495214,-0.13755195377681353,-2948.529486818773
CONDITIONAL,0~1%,3~5,BETWEEN_PREV_HIGH_LOW,RETURN_5M,-0.2~-0.05%,21249,5912,0.9224216238846792,0.9165802589052706,-0.6332640983423926,-0.8330193926701829,-0.8948878397132219,-7.427011614306394,-0.004512075555495214,-0.08187979563266136,-1714.681394972226
CONDITIONAL,0~1%,3~5,BETWEEN_PREV_HIGH_LOW,RETURN_10M,-0.2~0%,21249,5253,0.9224216238846792,0.8572292890355626,-7.067520227308428,-0.8330193926701829,-0.819441475526841,1.6299641116179622,-0.004512075555495214,-0.03497950632393925,-675.2420342637668
CONDITIONAL,0~1%,3~5,BETWEEN_PREV_HIGH_LOW,RANGE_10M,0.2~0.5%,21249,16976,0.9224216238846792,0.9049966119490662,-1.889050677523084,-0.8330193926701829,-0.828166025963308,0.5826234958729771,-0.004512075555495214,-0.017970771017198895,-298.28169533447783
CONDITIONAL,0~1%,3~5,BETWEEN_PREV_HIGH_LOW,NIGHT_RETURN,0.5~1%,21249,3512,0.9224216238846792,0.976595463666821,5.873001930938541,-0.8330193926701829,-0.806499056293863,3.183639733921547,-0.004512075555495214,0.021659370756342926,580.0312071451061
CONDITIONAL,0~1%,3~5,BETWEEN_PREV_HIGH_LOW,DIRECTION,UP_MIXED,21249,5535,0.9224216238846792,0.9770070491024585,5.917622029273195,-0.8330193926701829,-0.828429955667545,0.5509399952775186,-0.004512075555495214,0.03539394474627423,884.4271291771317
CONDITIONAL,0~1%,3~5,BETWEEN_PREV_HIGH_LOW,PERSISTENCE,MIXED,21249,12168,0.9224216238846792,0.9428990244822238,2.219961031627413,-0.8330193926701829,-0.8235499591423715,1.1367602736663547,-0.004512075555495214,0.017230894229479876,481.8839914702788
CONDITIONAL,0~1%,3~5,BETWEEN_PREV_HIGH_LOW,RETURN_5M,-0.05~0.05%,21249,4980,0.9224216238846792,0.9652706559807723,4.645276193292072,-0.8330193926701829,-0.8562077424691013,-2.7836506572301767,-0.004512075555495214,-0.00125780681227619,72.12354277303005
CONDITIONAL,0~1%,3~5,BETWEEN_PREV_HIGH_LOW,NIGHT_RETURN,-1~-0.5%,21249,2303,0.9224216238846792,0.9161139853552694,-0.6838129512668841,-0.8330193926701829,-0.8230288772463418,1.19931366685441,-0.004512075555495214,0.011934647771099288,364.50460822989083
CONDITIONAL,0~1%,3~5,BETWEEN_PREV_HIGH_LOW,RETURN_5M,0.05~0.2%,21249,5785,0.9224216238846792,0.9073530375977413,-1.6335898787235854,-0.8330193926701829,-0.743745481304894,10.716906731201998,-0.004512075555495214,0.05931859354693564,1414.6631260350257
CONDITIONAL,0~1%,3~5,BETWEEN_PREV_HIGH_LOW,RETURN_10M,0~0.2%,21249,5817,0.9224216238846792,0.9812223908180521,6.374608466542641,-0.8330193926701829,-0.8314134608612666,0.19278444452158916,-0.004512075555495214,0.01604591777458607,455.6216552057489
CONDITIONAL,0~1%,3~5,BETWEEN_PREV_HIGH_LOW,NIGHT_RETURN,0~0.5%,21249,6928,0.9224216238846792,0.9124948956295024,-1.0761595346574242,-0.8330193926701829,-0.8443602123110282,-1.36141123971834,-0.004512075555495214,-0.02381852553685114,-427.88401355209544
CONDITIONAL,0~1%,3~5,BETWEEN_PREV_HIGH_LOW,RANGE_10M,0.5~1%,21249,3914,0.9224216238846792,0.997382114369416,8.126488857562645,-0.8330193926701829,-0.8521152388904351,-2.2923651463913504,-0.004512075555495214,0.04245305670925989,1040.8764588960996
CONDITIONAL,0~1%,3~5,BETWEEN_PREV_HIGH_LOW,DIRECTION,DOWN_MIXED,21249,5358,0.9224216238846792,0.8802479768706591,-4.5720574975693085,-0.8330193926701829,-0.8380307302652009,-0.6015871466034617,-0.004512075555495214,-0.029536418940583,-554.6082523953056
CONDITIONAL,0~1%,3~5,BETWEEN_PREV_HIGH_LOW,NIGHT_RETURN,-2~-1%,21249,1384,0.9224216238846792,0.82950526381942,-10.073089968766338,-0.8330193926701829,-0.9106232027256718,-9.315966799612616,-0.004512075555495214,-0.04628960119613064,-925.9048330818612
CONDITIONAL,0~1%,3~5,BETWEEN_PREV_HIGH_LOW,RETURN_10M,-0.5~-0.2%,21249,4916,0.9224216238846792,0.9160090224375844,-0.695192012096246,-0.8330193926701829,-0.9191047888916695,-10.334140714965367,-0.004512075555495214,-0.08076840033643276,-1690.0498194908482
CONDITIONAL,0~1%,3~5,BETWEEN_PREV_HIGH_LOW,DIRECTION,FLAT_MIXED,21249,1399,0.9224216238846792,1.0695392501757515,15.949065208543384,-0.8330193926701829,-0.7581250638988603,8.990706510595668,-0.004512075555495214,0.11655486181309598,2683.1761986154
CONDITIONAL,0~1%,3~5,BETWEEN_PREV_HIGH_LOW,NIGHT_RETURN,1~2%,21249,1629,0.9224216238846792,1.027575964444468,11.399813039610088,-0.8330193926701829,-0.8181637876276827,1.783344442304231,-0.004512075555495214,-0.002997240377153279,33.57291250358234
CONDITIONAL,0~1%,3~5,BETWEEN_PREV_HIGH_LOW,RETURN_5M,-0.5~-0.2%,21249,1894,0.9224216238846792,0.8406194439790531,-8.86819842331157,-0.8330193926701829,-0.8182093455353996,1.7778754330449336,-0.004512075555495214,0.009114171906506584,301.9951083355978
CONDITIONAL,0~1%,3~5,BETWEEN_PREV_HIGH_LOW,RETURN_10M,0.2~0.5%,21249,4423,0.9224216238846792,0.904842083629809,-1.9058031381393516,-0.8330193926701829,-0.7391126805114623,11.273052342480225,-0.004512075555495214,0.08629327131102617,2012.4961506003685
CONDITIONAL,0~1%,3~5,BETWEEN_PREV_HIGH_LOW,DIRECTION,UP,21249,4734,0.9224216238846792,0.9157226245408161,-0.7262404924605924,-0.8330193926701829,-0.7517332698330361,9.75801086413967,-0.004512075555495214,0.06005390877846682,1430.9597332723679
CONDITIONAL,0~1%,3~5,BETWEEN_PREV_HIGH_LOW,PERSISTENCE,UP_PERSISTENT,21249,4734,0.9224216238846792,0.9157226245408161,-0.7262404924605924,-0.8330193926701829,-0.7517332698330361,9.75801086413967,-0.004512075555495214,0.06005390877846682,1430.9597332723679
CONDITIONAL,0~1%,3~5,BETWEEN_PREV_HIGH_LOW,RETURN_5M,0.2~0.5%,21249,2532,0.9224216238846792,0.954997915594228,3.5316053815344493,-0.8330193926701829,-0.8446688004904401,-1.3984557769916885,-0.004512075555495214,0.02486281887032902,651.0284250459597
CONDITIONAL,0~1%,3~5,BETWEEN_PREV_HIGH_LOW,RANGE_10M,0.1~0.2%,21249,239,0.9224216238846792,0.8385333684936758,-9.094350481260086,-0.8330193926701829,-0.7588738081871995,8.900823334414234,-0.004512075555495214,0.149693173615096,3417.612300015369
CONDITIONAL,0~1%,3~5,BETWEEN_PREV_HIGH_LOW,NIGHT_RETURN,-0.5~0%,21249,5415,0.9224216238846792,0.891591799097399,-3.3422703879646334,-0.8330193926701829,-0.8079428470013885,3.010319554315935,-0.004512075555495214,0.016243090592397823,459.9915469636921
CONDITIONAL,0~1%,3~5,BETWEEN_PREV_HIGH_LOW,RETURN_10M,0.5~1%,21249,582,0.9224216238846792,1.0252354912134545,11.146081647109026,-0.8330193926701829,-0.89457589772431,-7.389564468218711,-0.004512075555495214,-0.02843322032487432,-530.1583378905473
CONDITIONAL,0~1%,3~5,BETWEEN_PREV_HIGH_LOW,RANGE_10M,1~2%,21249,117,0.9224216238846792,1.1376339732213787,23.331234195308205,-0.8330193926701829,-0.9072051155813724,-8.905641761039032,-0.004512075555495214,0.11646157635283975,2681.108736333156
CONDITIONAL,0~1%,3~5,BETWEEN_PREV_HIGH_LOW,NIGHT_RETURN,<-2%,21249,66,0.9224216238846792,0.9348090563832865,1.3429252066358726,-0.8330193926701829,-2.2895250560923963,-174.8465493406451,-0.004512075555495214,-1.1508170991811786,-25405.271022769317
CONDITIONAL,0~1%,3~5,BETWEEN_PREV_HIGH_LOW,RETURN_10M,-1~-0.5%,21249,235,0.9224216238846792,1.142773424914115,23.88840366745177,-0.8330193926701829,-0.919759109536407,-10.412688783653204,-0.004512075555495214,0.22621657886770474,5113.581357080728
CONDITIONAL,0~1%,3~5,BETWEEN_PREV_HIGH_LOW,RETURN_5M,>=0.5%,21249,134,0.9224216238846792,0.828539691142105,-10.177767987181452,-0.8330193926701829,-0.9715371947231213,-16.628400643702868,-0.004512075555495214,-0.14072369714924482,-3018.8240404764224
CONDITIONAL,0~1%,3~5,BETWEEN_PREV_HIGH_LOW,PERSISTENCE,FLAT_PERSISTENT,21249,124,0.9224216238846792,1.1870383705745455,28.68717946739599,-0.8330193926701829,-0.9289477333139206,-11.515739187805266,-0.004512075555495214,-0.07222514371618438,-1500.7077635972223
CONDITIONAL,-1~0%,5~10,BETWEEN_PREV_HIGH_LOW,DIRECTION,DOWN,14789,2846,0.9967634232280451,0.8928087607652054,-10.429221221438857,-0.7758660582425083,-0.8283868302290869,-6.769309138944498,0.12214745906535647,0.018594296185821476,-84.77717315767299
CONDITIONAL,-1~0%,5~10,BETWEEN_PREV_HIGH_LOW,PERSISTENCE,DOWN_PERSISTENT,14789,2846,0.9967634232280451,0.8928087607652054,-10.429221221438857,-0.7758660582425083,-0.8283868302290869,-6.769309138944498,0.12214745906535647,0.018594296185821476,-84.77717315767299
CONDITIONAL,-1~0%,5~10,BETWEEN_PREV_HIGH_LOW,RETURN_5M,-0.2~-0.05%,14789,3696,0.9967634232280451,0.9775010639003746,-1.9324905869126738,-0.7758660582425083,-0.7811737971762058,-0.6841050561898021,0.12214745906535647,0.11566229078524219,-5.309294462395907
CONDITIONAL,-1~0%,5~10,BETWEEN_PREV_HIGH_LOW,RETURN_10M,-0.2~0%,14789,3940,0.9967634232280451,0.9423654191176567,-5.457463911970106,-0.7758660582425083,-0.7707544514895369,0.6588259273192346,0.12214745906535647,0.11819717581102843,-3.2340281857311473
CONDITIONAL,-1~0%,5~10,BETWEEN_PREV_HIGH_LOW,RANGE_10M,0.2~0.5%,14789,11764,0.9967634232280451,0.9808147223425931,-1.600048769225668,-0.7758660582425083,-0.7605584303417073,1.9729730071548452,0.12214745906535647,0.12310125607330537,0.7808570192512618
CONDITIONAL,-1~0%,5~10,BETWEEN_PREV_HIGH_LOW,NIGHT_RETURN,0.5~1%,14789,1825,0.9967634232280451,1.0448414263871315,4.823411658042636,-0.7758660582425083,-0.7002707768530888,9.743341725846074,0.12214745906535647,0.18195825790774048,48.96606061234685
CONDITIONAL,-1~0%,5~10,BETWEEN_PREV_HIGH_LOW,DIRECTION,UP_MIXED,14789,4034,0.9967634232280451,0.987417093334852,-0.9376678232157468,-0.7758660582425083,-0.8311685724752684,-7.127842962744286,0.12214745906535647,0.06487483473921665,-46.88810128706436
CONDITIONAL,-1~0%,5~10,BETWEEN_PREV_HIGH_LOW,PERSISTENCE,MIXED,14789,8689,0.9967634232280451,0.9874574290979293,-0.9336211495379795,-0.7758660582425083,-0.8099704366307958,-4.395652835431509,0.12214745906535647,0.106429026227969,-12.868407544177513
CONDITIONAL,-1~0%,5~10,BETWEEN_PREV_HIGH_LOW,RETURN_5M,-0.05~0.05%,14789,3637,0.9967634232280451,0.9224845591407881,-7.452005396295837,-0.7758660582425083,-0.8721317202547223,-12.407510418779621,0.12214745906535647,-0.001269593067599234,-101.0393937600617
CONDITIONAL,-1~0%,5~10,BETWEEN_PREV_HIGH_LOW,NIGHT_RETURN,-1~-0.5%,14789,2213,0.9967634232280451,1.0396246721752451,4.300042311784746,-0.7758660582425083,-0.7626450791679192,1.7040285412842056,0.12214745906535647,0.17493716700441403,43.21801562062113
CONDITIONAL,-1~0%,5~10,BETWEEN_PREV_HIGH_LOW,RETURN_5M,0.05~0.2%,14789,4236,0.9967634232280451,1.0702812285071193,7.375652393121003,-0.7758660582425083,-0.6659068135992038,14.172451994147572,0.12214745906535647,0.232972928655186,90.73088416070205
CONDITIONAL,-1~0%,5~10,BETWEEN_PREV_HIGH_LOW,RETURN_10M,0~0.2%,14789,3895,0.9967634232280451,1.0331362112665163,3.649089361714033,-0.7758660582425083,-0.745147842077251,3.959216392948052,0.12214745906535647,0.1364054969053952,11.672807563200955
CONDITIONAL,-1~0%,5~10,BETWEEN_PREV_HIGH_LOW,NIGHT_RETURN,0~0.5%,14789,4362,0.9967634232280451,0.9893921972521311,-0.7395160982173768,-0.7758660582425083,-0.7734374570007584,0.31301810614723824,0.12214745906535647,0.11008727593221376,-9.873462146019559
CONDITIONAL,-1~0%,5~10,BETWEEN_PREV_HIGH_LOW,RANGE_10M,0.5~1%,14789,2671,0.9967634232280451,1.0465723041816202,4.9970614684342705,-0.7758660582425083,-0.8202086030796412,-5.715231948356856,0.12214745906535647,0.10485240017886478,-14.159163865404484
CONDITIONAL,-1~0%,5~10,BETWEEN_PREV_HIGH_LOW,DIRECTION,DOWN_MIXED,14789,3846,0.9967634232280451,0.9517050831626945,-4.52046483802826,-0.7758660582425083,-0.8239382249853813,-6.195936300109071,0.12214745906535647,0.08649846267575104,-29.185213235202056
CONDITIONAL,-1~0%,5~10,BETWEEN_PREV_HIGH_LOW,NIGHT_RETURN,-2~-1%,14789,1664,0.9967634232280451,0.8954831090776251,-10.160918006242749,-0.7758660582425083,-0.9136661637455895,-17.760811165683155,0.12214745906535647,0.047741689784254755,-60.91470903319406
CONDITIONAL,-1~0%,5~10,BETWEEN_PREV_HIGH_LOW,RETURN_10M,-0.5~-0.2%,14789,3270,0.9967634232280451,0.8890906687962838,-10.802237714849143,-0.7758660582425083,-0.8398792624817947,-8.250548346487674,0.12214745906535647,0.022200592734935215,-81.82476090390344
CONDITIONAL,-1~0%,5~10,BETWEEN_PREV_HIGH_LOW,DIRECTION,FLAT_MIXED,14789,878,0.9967634232280451,1.1693717863587085,17.316883736731288,-0.7758660582425083,-0.6449656875692307,16.871516582358705,0.12214745906535647,0.371576948372548,204.2035841070843
CONDITIONAL,-1~0%,5~10,BETWEEN_PREV_HIGH_LOW,NIGHT_RETURN,1~2%,14789,702,0.9967634232280451,0.9993301809047028,0.2575092160128821,-0.7758660582425083,-0.7144344685313399,7.917808629278525,0.12214745906535647,0.11518692199216096,-5.698470624322352
CONDITIONAL,-1~0%,5~10,BETWEEN_PREV_HIGH_LOW,RETURN_5M,-0.5~-0.2%,14789,1427,0.9967634232280451,1.0022448836963207,0.5499259243004445,-0.7758660582425083,-0.7915797459320996,-2.025309333054972,0.12214745906535647,0.1684217901958805,37.88398996148122
CONDITIONAL,-1~0%,5~10,BETWEEN_PREV_HIGH_LOW,RETURN_10M,0.2~0.5%,14789,3085,0.9967634232280451,1.119694013542687,12.332975653994987,-0.7758660582425083,-0.6774203207782422,12.688496476732771,0.12214745906535647,0.25586526808451954,109.47244424267208
CONDITIONAL,-1~0%,5~10,BETWEEN_PREV_HIGH_LOW,DIRECTION,UP,14789,3185,0.9967634232280451,1.108318304616093,11.191710970570561,-0.7758660582425083,-0.6369274436959683,17.907551576784236,0.12214745906535647,0.26150602000397954,114.09042971909682
CONDITIONAL,-1~0%,5~10,BETWEEN_PREV_HIGH_LOW,PERSISTENCE,UP_PERSISTENT,14789,3185,0.9967634232280451,1.108318304616093,11.191710970570561,-0.7758660582425083,-0.6369274436959683,17.907551576784236,0.12214745906535647,0.26150602000397954,114.09042971909682
CONDITIONAL,-1~0%,5~10,BETWEEN_PREV_HIGH_LOW,RETURN_5M,0.2~0.5%,14789,1656,0.9967634232280451,1.0317460764136228,3.5096244876527907,-0.7758660582425083,-0.7976376393687847,-2.806100472495652,0.12214745906535647,0.11031647697522871,-9.68581923902113
CONDITIONAL,-1~0%,5~10,BETWEEN_PREV_HIGH_LOW,RANGE_10M,0.1~0.2%,14789,158,0.9967634232280451,0.8823764200698263,-11.475842761943795,-0.7758660582425083,-0.4614546435862483,40.52392952573086,0.12214745906535647,0.3172833358104736,159.75434793179554
CONDITIONAL,-1~0%,5~10,BETWEEN_PREV_HIGH_LOW,NIGHT_RETURN,-0.5~0%,14789,3844,0.9967634232280451,0.9968458394668022,0.008268385138986796,-0.7758660582425083,-0.6962511342230155,10.261426334312972,0.12214745906535647,0.15617609187139458,27.858649755318027
CONDITIONAL,-1~0%,5~10,BETWEEN_PREV_HIGH_LOW,RETURN_10M,0.5~1%,14789,381,0.9967634232280451,1.0834600845554505,8.697817286135553,-0.7758660582425083,-1.1364551030277688,-46.47568236224519,0.12214745906535647,-0.12684744245140558,-203.8477946426494
CONDITIONAL,-1~0%,5~10,BETWEEN_PREV_HIGH_LOW,RETURN_10M,>=1%,14789,37,0.9967634232280451,0.5678365779076372,-43.03196077674247,-0.7758660582425083,-1.8573119951797956,-139.38564852121235,0.12214745906535647,-0.8552686506535514,-800.1935670196215
CONDITIONAL,-1~0%,5~10,BETWEEN_PREV_HIGH_LOW,RANGE_10M,1~2%,14789,193,0.9967634232280451,1.3724355083249746,37.68919247461001,-0.7758660582425083,-1.3459041576613089,-73.47119948900081,0.12214745906535647,0.15914638316785248,30.290375571954627
CONDITIONAL,-1~0%,5~10,BETWEEN_PREV_HIGH_LOW,NIGHT_RETURN,<-2%,14789,178,0.9967634232280451,1.091218270276939,9.476155008075978,-0.7758660582425083,-2.452575093374772,-216.10805335786242,0.12214745906535647,-0.8635900259806896,-807.0061322508685
CONDITIONAL,-1~0%,5~10,BETWEEN_PREV_HIGH_LOW,RETURN_5M,<-0.5%,14789,35,0.9967634232280451,0.6832228978484427,-31.455861849765014,-0.7758660582425083,-2.306991215294004,-197.34400555165413,0.12214745906535647,-0.9867292684499861,-907.81808807175
CONDITIONAL,-1~0%,5~10,BETWEEN_PREV_HIGH_LOW,RETURN_10M,-1~-0.5%,14789,181,0.9967634232280451,1.153360262826492,15.710532303774135,-0.7758660582425083,-1.0895189811999821,-40.42616887610219,0.12214745906535647,0.15180118419766006,24.276988943697148
CONDITIONAL,-1~0%,5~10,BETWEEN_PREV_HIGH_LOW,RETURN_5M,>=0.5%,14789,102,0.9967634232280451,0.7530877979627102,-24.446686102925494,-0.7758660582425083,-0.6188581493864912,20.236470868653722,0.12214745906535647,0.08047719111808449,-34.11472352034421
CONDITIONAL,-1~0%,5~10,BETWEEN_PREV_HIGH_LOW,PERSISTENCE,FLAT_PERSISTENT,14789,69,0.9967634232280451,1.3070888601097834,31.133309033024208,-0.7758660582425083,-0.7282200646352,6.141007600620662,0.12214745906535647,-0.05998662948969687,-149.11001010475405
CONDITIONAL,-1~0%,3~5,BELOW_PREV_LOW,DIRECTION,DOWN,2087,391,0.9361127559290765,0.896480492777335,-4.233706132164297,-0.624887941063621,-0.6175776448523393,1.1698571425204343,0.10584004361613716,0.050496476711593394,-52.28981868645571
CONDITIONAL,-1~0%,3~5,BELOW_PREV_LOW,PERSISTENCE,DOWN_PERSISTENT,2087,391,0.9361127559290765,0.896480492777335,-4.233706132164297,-0.624887941063621,-0.6175776448523393,1.1698571425204343,0.10584004361613716,0.050496476711593394,-52.28981868645571
CONDITIONAL,-1~0%,3~5,BELOW_PREV_LOW,RETURN_5M,-0.2~-0.05%,2087,497,0.9361127559290765,0.9369989780950981,0.09467045079864038,-0.624887941063621,-0.5317774456220815,14.900350818589366,0.10584004361613716,0.1988709936839133,87.89768681991733
CONDITIONAL,-1~0%,3~5,BELOW_PREV_LOW,RETURN_10M,-0.2~0%,2087,484,0.9361127559290765,0.9330749951238746,-0.3245080024774342,-0.624887941063621,-0.5405380144474918,13.49840844624994,0.10584004361613716,0.18858318261827772,78.17753675748195
CONDITIONAL,-1~0%,3~5,BELOW_PREV_LOW,RANGE_10M,0.2~0.5%,2087,1565,0.9361127559290765,0.9626529164534666,2.83514569759809,-0.624887941063621,-0.5701362148794059,8.761847138708141,0.10584004361613716,0.1539229587466629,45.42979527192358
CONDITIONAL,-1~0%,3~5,BELOW_PREV_LOW,NIGHT_RETURN,0.5~1%,2087,197,0.9361127559290765,0.8949937239150108,-4.392529826522424,-0.624887941063621,-0.44399562602747805,28.94796061006496,0.10584004361613716,0.20503770284824774,93.72412920754518
CONDITIONAL,-1~0%,3~5,BELOW_PREV_LOW,DIRECTION,UP_MIXED,2087,574,0.9361127559290765,0.9063987819972648,-3.1741874836777666,-0.624887941063621,-0.7286143607024664,-16.59920328471899,0.10584004361613716,0.007704684524305415,-92.72044468136377
CONDITIONAL,-1~0%,3~5,BELOW_PREV_LOW,PERSISTENCE,MIXED,2087,1203,0.9361127559290765,0.9253328597187181,-1.1515595895987427,-0.624887941063621,-0.6382301559853353,-2.1351372054011013,0.10584004361613716,0.10014930548084619,-5.376734495622715
CONDITIONAL,-1~0%,3~5,BELOW_PREV_LOW,RETURN_5M,-0.05~0.05%,2087,491,0.9361127559290765,0.9113682001928657,-2.643330686339409,-0.624887941063621,-0.7495488131291048,-19.949316329148342,0.10584004361613716,-0.017823402488065316,-116.8399425010704
CONDITIONAL,-1~0%,3~5,BELOW_PREV_LOW,NIGHT_RETURN,-1~-0.5%,2087,309,0.9361127559290765,0.914079302975847,-2.353717841539464,-0.624887941063621,-0.599549743607633,4.0548386023996335,0.10584004361613716,0.08189373121174076,-22.62500239630038
CONDITIONAL,-1~0%,3~5,BELOW_PREV_LOW,RETURN_5M,0.05~0.2%,2087,558,0.9361127559290765,1.004162012360482,7.269343997333707,-0.624887941063621,-0.5521503206428818,11.640106272003353,0.10584004361613716,0.16463638606644984,55.55207692804479
CONDITIONAL,-1~0%,3~5,BELOW_PREV_LOW,RETURN_10M,0~0.2%,2087,569,0.9361127559290765,0.8987563024229495,-3.9905933627676484,-0.624887941063621,-0.6363750392168667,-1.8382652950052918,0.10584004361613716,0.01967117876486451,-81.41423785102701
CONDITIONAL,-1~0%,3~5,BELOW_PREV_LOW,NIGHT_RETURN,0~0.5%,2087,557,0.9361127559290765,1.0076167041960005,7.638390547937515,-0.624887941063621,-0.529134565813065,15.32328741815282,0.10584004361613716,0.21397324759907088,102.16662832747257
CONDITIONAL,-1~0%,3~5,BELOW_PREV_LOW,RANGE_10M,0.5~1%,2087,445,0.9361127559290765,0.8889529587721589,-5.037832980933192,-0.624887941063621,-0.690866708242711,-10.558495826753775,0.10584004361613716,0.03496331268977921,-66.96589353592402
CONDITIONAL,-1~0%,3~5,BELOW_PREV_LOW,DIRECTION,DOWN_MIXED,2087,521,0.9361127559290765,0.9204587247647487,-1.6722377796028933,-0.624887941063621,-0.597632118010802,4.361713718851245,0.10584004361613716,0.1477146754205969,39.56407270232381
CONDITIONAL,-1~0%,3~5,BELOW_PREV_LOW,NIGHT_RETURN,-2~-1%,2087,335,0.9361127559290765,0.9175357499456269,-1.984483799177825,-0.624887941063621,-0.7550755804550212,-20.83375767658566,0.10584004361613716,0.07053093345720962,-33.36082351495182
CONDITIONAL,-1~0%,3~5,BELOW_PREV_LOW,RETURN_5M,-0.5~-0.2%,2087,189,0.9361127559290765,1.0055391528395512,7.416456668360441,-0.624887941063621,-0.5253671281514868,15.92618554020101,0.10584004361613716,0.21142816594875452,99.76197923308358
CONDITIONAL,-1~0%,3~5,BELOW_PREV_LOW,RETURN_10M,-0.5~-0.2%,2087,481,0.9361127559290765,0.912818937846023,-2.4883560164645764,-0.624887941063621,-0.6369450027290491,-1.929475810479839,0.10584004361613716,0.05952234389099879,-43.761980950352175
CONDITIONAL,-1~0%,3~5,BELOW_PREV_LOW,DIRECTION,FLAT_MIXED,2087,118,0.9361127559290765,1.0472463415081976,11.87181617548015,-0.624887941063621,-0.3722007752078781,40.43719669572186,0.10584004361613716,0.3373420476546829,218.72818276432494
CONDITIONAL,-1~0%,3~5,BELOW_PREV_LOW,NIGHT_RETURN,1~2%,2087,77,0.9361127559290765,1.0040835714735628,7.2609645701309065,-0.624887941063621,-0.4256179808590929,31.888911132666593,0.10584004361613716,0.13059308411833753,23.387216838246214
CONDITIONAL,-1~0%,3~5,BELOW_PREV_LOW,RETURN_10M,0.2~0.5%,2087,404,0.9361127559290765,1.1023564763482314,17.758941897353033,-0.624887941063621,-0.4324864684180804,30.789756050989602,0.10584004361613716,0.4007496385810503,278.637068626405
CONDITIONAL,-1~0%,3~5,BELOW_PREV_LOW,DIRECTION,UP,2087,483,0.9361127559290765,0.993243238470419,6.102948835970235,-0.624887941063621,-0.5986699914309369,4.195624192724626,0.10584004361613716,0.16554006666316845,56.40589422237253
CONDITIONAL,-1~0%,3~5,BELOW_PREV_LOW,PERSISTENCE,UP_PERSISTENT,2087,483,0.9361127559290765,0.993243238470419,6.102948835970235,-0.624887941063621,-0.5986699914309369,4.195624192724626,0.10584004361613716,0.16554006666316845,56.40589422237253
CONDITIONAL,-1~0%,3~5,BELOW_PREV_LOW,RETURN_5M,0.2~0.5%,2087,335,0.9361127559290765,0.8088762451517121,-13.592006942698296,-0.624887941063621,-0.757073441997511,-21.153472846491045,0.10584004361613716,-0.028641167591097215,-127.06080478856717
CONDITIONAL,-1~0%,3~5,BELOW_PREV_LOW,NIGHT_RETURN,-0.5~0%,2087,534,0.9361127559290765,0.9618519792333222,2.7495857888080977,-0.624887941063621,-0.5279920150814306,15.506128317545063,0.10584004361613716,0.18100994627228925,71.02217656748124
CONDITIONAL,-1~0%,3~5,BELOW_PREV_LOW,RETURN_10M,0.5~1%,2087,85,0.9361127559290765,0.8087510543541179,-13.60538041686594,-0.624887941063621,-1.1600869408206396,-85.64719601502583,0.10584004361613716,-0.37265692738686074,-452.09445749892217
CONDITIONAL,-1~0%,3~5,BELOW_PREV_LOW,RANGE_10M,1~2%,2087,58,0.9361127559290765,0.5849970669171015,-37.50784152743421,-0.624887941063621,-1.6617424687125766,-165.92647409455955,0.10584004361613716,-0.728144972500705,-787.9673775849488
CONDITIONAL,-1~0%,3~5,BELOW_PREV_LOW,NIGHT_RETURN,<-2%,2087,78,0.9361127559290765,0.453111295002209,-51.59650457358595,-0.624887941063621,-2.1668529577905797,-246.75864509441197,0.10584004361613716,-1.2094276895643141,-1242.6938692038818
CONDITIONAL,-1~0%,3~5,BELOW_PREV_LOW,RETURN_10M,>=1%,2087,48,0.9361127559290765,0.4366386147396253,-53.35619432871967,-0.624887941063621,-1.895613609070726,-203.3525668368963,0.10584004361613716,-0.9979649226686352,-1042.899198235476
CONDITIONAL,1~3%,5~10,BETWEEN_PREV_HIGH_LOW,DIRECTION,DOWN,3104,727,1.908545300331397,1.789878320935663,-6.217666375282203,-1.9183716924778635,-2.0614768942863804,-7.4597223452393155,-0.3117204684066033,-0.5227372130445888,-67.69422159430948
CONDITIONAL,1~3%,5~10,BETWEEN_PREV_HIGH_LOW,PERSISTENCE,DOWN_PERSISTENT,3104,727,1.908545300331397,1.789878320935663,-6.217666375282203,-1.9183716924778635,-2.0614768942863804,-7.4597223452393155,-0.3117204684066033,-0.5227372130445888,-67.69422159430948
CONDITIONAL,1~3%,5~10,BETWEEN_PREV_HIGH_LOW,RETURN_5M,-0.2~-0.05%,3104,1009,1.908545300331397,1.5984941336102125,-16.245418260040655,-1.9183716924778635,-1.9808755858878122,-3.2581742972455743,-0.3117204684066033,-0.6068077415724273,-94.66406703229923
CONDITIONAL,1~3%,5~10,BETWEEN_PREV_HIGH_LOW,RETURN_10M,-0.2~0%,3104,715,1.908545300331397,1.7802533208714066,-6.721977174852174,-1.9183716924778635,-1.9793712223260171,-3.1797555232564756,-0.3117204684066033,-0.37786274055091695,-21.218456549359065
CONDITIONAL,1~3%,5~10,BETWEEN_PREV_HIGH_LOW,RANGE_10M,0.2~0.5%,3104,2287,1.908545300331397,1.8625323239759035,-2.4108925445732874,-1.9183716924778635,-1.91339480208651,0.2594330603849367,-0.3117204684066033,-0.32097549855291746,-2.9690158601462335
CONDITIONAL,1~3%,5~10,BETWEEN_PREV_HIGH_LOW,NIGHT_RETURN,0.5~1%,3104,684,1.908545300331397,1.5129138529776247,-20.729476386286215,-1.9183716924778635,-1.7941635509955793,6.474665048974469,-0.3117204684066033,-0.44106604969201413,-41.49409307209641
CONDITIONAL,1~3%,5~10,BETWEEN_PREV_HIGH_LOW,DIRECTION,UP_MIXED,3104,843,1.908545300331397,2.2933269536614675,20.160991371976216,-1.9183716924778635,-1.832824335068043,4.4593734230577216,-0.3117204684066033,0.013972400373619279,104.4823493449246
CONDITIONAL,1~3%,5~10,BETWEEN_PREV_HIGH_LOW,PERSISTENCE,MIXED,3104,1728,1.908545300331397,1.9231234492699225,0.763835625803284,-1.9183716924778635,-1.8910750319183611,1.4229078059552007,-0.3117204684066033,-0.26138550519992226,16.14746810306498
CONDITIONAL,1~3%,5~10,BETWEEN_PREV_HIGH_LOW,RETURN_5M,-0.05~0.05%,3104,707,1.908545300331397,1.754243561612064,-8.084782619125694,-1.9183716924778635,-1.9047945160490878,0.7077448276584404,-0.3117204684066033,-0.293140354285588,5.960505005009707
CONDITIONAL,1~3%,5~10,BETWEEN_PREV_HIGH_LOW,NIGHT_RETURN,-1~-0.5%,3104,236,1.908545300331397,2.5598781523709477,34.1271884888692,-1.9183716924778635,-1.8774415210141304,2.1335892113204453,-0.3117204684066033,0.26577751532501853,185.26148978396327
CONDITIONAL,1~3%,5~10,BETWEEN_PREV_HIGH_LOW,DIRECTION,DOWN_MIXED,3104,732,1.908545300331397,1.527278093569433,-19.976848686576176,-1.9183716924778635,-1.927870791210087,-0.4951646633168324,-0.3117204684066033,-0.5588316272786839,-79.2733182184728
CONDITIONAL,1~3%,5~10,BETWEEN_PREV_HIGH_LOW,RETURN_10M,-0.5~-0.2%,3104,786,1.908545300331397,1.6377154935919276,-14.190378750373018,-1.9183716924778635,-2.0837111214912043,-8.618737946439367,-0.3117204684066033,-0.6330695342323592,-103.08885632963738
CONDITIONAL,1~3%,5~10,BETWEEN_PREV_HIGH_LOW,NIGHT_RETURN,0~0.5%,3104,1004,1.908545300331397,1.9194549768578548,0.5716226135456917,-1.9183716924778635,-1.9250202055952483,-0.34657064339795607,-0.3117204684066033,-0.2516795799795346,19.261131209629866
CONDITIONAL,1~3%,5~10,BETWEEN_PREV_HIGH_LOW,DIRECTION,FLAT_MIXED,3104,185,1.908545300331397,1.7570696033829707,-7.936709541142372,-1.9183716924778635,-2.0158342061775407,-5.080481226961277,-0.3117204684066033,-0.42057664211963275,-34.92108627625928
CONDITIONAL,1~3%,5~10,BETWEEN_PREV_HIGH_LOW,NIGHT_RETURN,1~2%,3104,407,1.908545300331397,1.6942090359594095,-11.230347235392864,-1.9183716924778635,-1.8249589221962854,4.869378058895437,-0.3117204684066033,-0.4328690819469779,-38.86450388055694
CONDITIONAL,1~3%,5~10,BETWEEN_PREV_HIGH_LOW,RETURN_10M,0.2~0.5%,3104,597,1.908545300331397,2.339396414343038,22.574843465168396,-1.9183716924778635,-1.7282254736080438,9.91185491400874,-0.3117204684066033,0.20979741387386452,167.30305999675582
CONDITIONAL,1~3%,5~10,BETWEEN_PREV_HIGH_LOW,RETURN_5M,-0.5~-0.2%,3104,289,1.908545300331397,1.9982074268479422,4.697930224709697,-1.9183716924778635,-1.8848067270327216,1.749659128976607,-0.3117204684066033,-0.1763300485938292,43.433278701536196
CONDITIONAL,1~3%,5~10,BETWEEN_PREV_HIGH_LOW,RANGE_10M,0.5~1%,3104,740,1.908545300331397,1.992118033143453,4.378870797436376,-1.9183716924778635,-1.9358630193623652,-0.9117798679519167,-0.3117204684066033,-0.3413186886444138,-9.495116053528783
CONDITIONAL,1~3%,5~10,BETWEEN_PREV_HIGH_LOW,RETURN_5M,0.05~0.2%,3104,654,1.908545300331397,2.268899440770936,18.881089192746305,-1.9183716924778635,-1.9074123344910607,0.571284388201494,-0.3117204684066033,-0.08877048184063918,71.52240842752477
CONDITIONAL,1~3%,5~10,BETWEEN_PREV_HIGH_LOW,RETURN_10M,0~0.2%,3104,813,1.908545300331397,1.9327648614140964,1.2690063515125345,-1.9183716924778635,-1.8049448475591505,5.91266256500091,-0.3117204684066033,-0.2822481582231679,9.454724078302155
CONDITIONAL,1~3%,5~10,BETWEEN_PREV_HIGH_LOW,DIRECTION,UP,3104,617,1.908545300331397,2.02039385713636,5.860408803791126,-1.9183716924778635,-1.8261432245285272,4.807643289930406,-0.3117204684066033,-0.18226528947409149,41.5292520232109
CONDITIONAL,1~3%,5~10,BETWEEN_PREV_HIGH_LOW,PERSISTENCE,UP_PERSISTENT,3104,617,1.908545300331397,2.02039385713636,5.860408803791126,-1.9183716924778635,-1.8261432245285272,4.807643289930406,-0.3117204684066033,-0.18226528947409149,41.5292520232109
CONDITIONAL,1~3%,5~10,BETWEEN_PREV_HIGH_LOW,NIGHT_RETURN,-2~-1%,3104,94,1.908545300331397,1.7345481060931374,-9.116744266329285,-1.9183716924778635,-2.1468905855000764,-11.912128078112254,-0.3117204684066033,-0.45588582117069243,-46.24827926796329
CONDITIONAL,1~3%,5~10,BETWEEN_PREV_HIGH_LOW,RETURN_5M,0.2~0.5%,3104,420,1.908545300331397,2.252610714805599,18.027626298126584,-1.9183716924778635,-1.8076856818631017,5.769789611094307,-0.3117204684066033,-0.10766483066570859,65.46109685512461
CONDITIONAL,1~3%,5~10,BETWEEN_PREV_HIGH_LOW,NIGHT_RETURN,-0.5~0%,3104,651,1.908545300331397,2.1687638592934797,13.63439258774202,-1.9183716924778635,-2.0680052977801195,-7.80003196924689,-0.3117204684066033,-0.41703239726182767,-33.78409168751061
CONDITIONAL,1~3%,5~10,BETWEEN_PREV_HIGH_LOW,RETURN_10M,0.5~1%,3104,95,1.908545300331397,2.564333260379992,34.360618002345824,-1.9183716924778635,-2.013424916162507,-4.954890861732216,-0.3117204684066033,-0.3583230492980619,-14.950118973474325
CONDITIONAL,1~3%,5~10,BETWEEN_PREV_HIGH_LOW,RANGE_10M,1~2%,3104,51,1.908545300331397,2.790032598765886,46.18634403288351,-1.9183716924778635,-2.0267504885423846,-5.6495201888917395,-0.3117204684066033,0.40032517848222554,228.42441195104573
CONDITIONAL,1~3%,5~10,BETWEEN_PREV_HIGH_LOW,RETURN_10M,-1~-0.5%,3104,98,1.908545300331397,1.5554077389162175,-18.502969845874826,-1.9183716924778635,-2.154410532153776,-12.304124409333477,-0.3117204684066033,-0.6281268805867788,-101.50325187098717
CONDITIONAL,1~3%,5~10,BETWEEN_PREV_HIGH_LOW,PERSISTENCE,FLAT_PERSISTENT,3104,32,1.908545300331397,1.6607107099019482,-12.985523078043531,-1.9183716924778635,-1.9195002067517872,-0.058826674640201845,-0.3117204684066033,-0.7318294831156894,-134.77107129234213
CONDITIONAL,1~3%,5~10,ABOVE_PREV_HIGH,DIRECTION,DOWN,3863,979,1.1109932365476047,1.087625598859062,-2.1033105260980136,-1.5063730543707958,-1.523965741009593,-1.1678837846807861,-0.35054111949510874,-0.33887042016390434,3.329338180928372
CONDITIONAL,1~3%,5~10,ABOVE_PREV_HIGH,PERSISTENCE,DOWN_PERSISTENT,3863,979,1.1109932365476047,1.087625598859062,-2.1033105260980136,-1.5063730543707958,-1.523965741009593,-1.1678837846807861,-0.35054111949510874,-0.33887042016390434,3.329338180928372
CONDITIONAL,1~3%,5~10,ABOVE_PREV_HIGH,RETURN_5M,-0.2~-0.05%,3863,1096,1.1109932365476047,0.9824840515134126,-11.567053768349894,-1.5063730543707958,-1.5436389121608736,-2.473879739281681,-0.35054111949510874,-0.49649610447844494,-41.637051080785625
CONDITIONAL,1~3%,5~10,ABOVE_PREV_HIGH,RETURN_10M,-0.2~0%,3863,902,1.1109932365476047,1.1764726137585708,5.893769201911822,-1.5063730543707958,-1.5143427659496695,-0.5290662598981913,-0.35054111949510874,-0.34293684984031414,2.169294622481717
CONDITIONAL,1~3%,5~10,ABOVE_PREV_HIGH,RANGE_10M,0.2~0.5%,3863,2895,1.1109932365476047,1.1124916710218165,0.13487341100906083,-1.5063730543707958,-1.526585882792973,-1.3418208964591438,-0.35054111949510874,-0.36606628080323855,-4.428913027518997
CONDITIONAL,1~3%,5~10,ABOVE_PREV_HIGH,NIGHT_RETURN,0.5~1%,3863,802,1.1109932365476047,0.9173850402036897,-17.42658640709188,-1.5063730543707958,-1.4681087248643439,2.5401629029028796,-0.35054111949510874,-0.42198618968297114,-20.381366468723023
CONDITIONAL,1~3%,5~10,ABOVE_PREV_HIGH,DIRECTION,UP_MIXED,3863,1065,1.1109932365476047,1.184074049570906,6.577971010012511,-1.5063730543707958,-1.5601331138997254,-3.568841023340323,-0.35054111949510874,-0.3892196794483478,-11.033958015809539
CONDITIONAL,1~3%,5~10,ABOVE_PREV_HIGH,PERSISTENCE,MIXED,3863,2110,1.1109932365476047,1.1267696593079772,1.4200286951698737,-1.5063730543707958,-1.5469172064656456,-2.691508054874549,-0.35054111949510874,-0.39239460625063916,-11.939679663205506
CONDITIONAL,1~3%,5~10,ABOVE_PREV_HIGH,RETURN_5M,-0.05~0.05%,3863,910,1.1109932365476047,1.1508311640713609,3.5857938836380248,-1.5063730543707958,-1.606401384272979,-6.640342484349897,-0.35054111949510874,-0.41406812228613266,-18.12255374847981
CONDITIONAL,1~3%,5~10,ABOVE_PREV_HIGH,NIGHT_RETURN,-1~-0.5%,3863,252,1.1109932365476047,1.2187339179518242,9.697690126271338,-1.5063730543707958,-1.5863250319961153,-5.307581504683446,-0.35054111949510874,-0.4914689396327161,-40.20293549030381
CONDITIONAL,1~3%,5~10,ABOVE_PREV_HIGH,RETURN_5M,0.05~0.2%,3863,815,1.1109932365476047,1.1443395659359727,3.001488064139008,-1.5063730543707958,-1.4556400836034973,3.3678888918050545,-0.35054111949510874,-0.29223190677465316,16.634057882978034
CONDITIONAL,1~3%,5~10,ABOVE_PREV_HIGH,RETURN_10M,0~0.2%,3863,1109,1.1109932365476047,1.1012198333262195,-0.879699614711959,-1.5063730543707958,-1.4654348449867631,2.7176673975446524,-0.35054111949510874,-0.3308311419358854,5.622729107390309
CONDITIONAL,1~3%,5~10,ABOVE_PREV_HIGH,NIGHT_RETURN,0~0.5%,3863,1177,1.1109932365476047,1.1358294992754498,2.235500803319329,-1.5063730543707958,-1.539574424084466,-2.2040602503699325,-0.35054111949510874,-0.34635873183277194,1.1931232684943727
CONDITIONAL,1~3%,5~10,ABOVE_PREV_HIGH,DIRECTION,DOWN_MIXED,3863,873,1.1109932365476047,1.082358671513009,-2.577384280355956,-1.5063730543707958,-1.5495816616043594,-2.868386891825516,-0.35054111949510874,-0.4113697147681209,-17.352770299993555
CONDITIONAL,1~3%,5~10,ABOVE_PREV_HIGH,NIGHT_RETURN,-2~-1%,3863,158,1.1109932365476047,1.2248054811902804,10.244188794195146,-1.5063730543707958,-1.7540828214318136,-16.444118297408398,-0.35054111949510874,-0.2527939613446147,27.884648252188278
CONDITIONAL,1~3%,5~10,ABOVE_PREV_HIGH,RETURN_10M,-0.5~-0.2%,3863,908,1.1109932365476047,1.0349274930047685,-6.846643259432382,-1.5063730543707958,-1.5775942309553004,-4.727990611479258,-0.35054111949510874,-0.38857431695269246,-10.849853367377749
CONDITIONAL,1~3%,5~10,ABOVE_PREV_HIGH,DIRECTION,FLAT_MIXED,3863,188,1.1109932365476047,0.9638342878266106,-13.24571058400755,-1.5063730543707958,-1.4658641419532248,2.6891686823548104,-0.35054111949510874,-0.3682495261664147,-5.051734500309616
CONDITIONAL,1~3%,5~10,ABOVE_PREV_HIGH,NIGHT_RETURN,1~2%,3863,632,1.1109932365476047,1.0885698947482174,-2.018314879131715,-1.5063730543707958,-1.4627202923606115,2.8978719370692567,-0.35054111949510874,-0.44859751240621804,-27.97286465346543
CONDITIONAL,1~3%,5~10,ABOVE_PREV_HIGH,RETURN_5M,-0.5~-0.2%,3863,462,1.1109932365476047,1.2032106397769922,8.300446861040456,-1.5063730543707958,-1.3989997078467689,7.127938608067858,-0.35054111949510874,-0.0361056826208647,89.70001503022857
CONDITIONAL,1~3%,5~10,ABOVE_PREV_HIGH,RETURN_10M,0.2~0.5%,3863,671,1.1109932365476047,1.1427397751203225,2.8574916145637137,-1.5063730543707958,-1.457431807063856,3.2489460140657003,-0.35054111949510874,-0.2951088626565187,15.813339364702838
CONDITIONAL,1~3%,5~10,ABOVE_PREV_HIGH,RANGE_10M,0.5~1%,3863,896,1.1109932365476047,1.0994827204670565,-1.0360563594713652,-1.5063730543707958,-1.4318321263765628,4.948371041154107,-0.35054111949510874,-0.29983334549623525,14.465570849978713
CONDITIONAL,1~3%,5~10,ABOVE_PREV_HIGH,DIRECTION,UP,3863,758,1.1109932365476047,1.1079717445449848,-0.2719631320177215,-1.5063730543707958,-1.3684005712598715,9.159250605989811,-0.35054111949510874,-0.23682133607492536,32.44121077264094
CONDITIONAL,1~3%,5~10,ABOVE_PREV_HIGH,PERSISTENCE,UP_PERSISTENT,3863,758,1.1109932365476047,1.1079717445449848,-0.2719631320177215,-1.5063730543707958,-1.3684005712598715,9.159250605989811,-0.35054111949510874,-0.23682133607492536,32.44121077264094
CONDITIONAL,1~3%,5~10,ABOVE_PREV_HIGH,RETURN_5M,0.2~0.5%,3863,560,1.1109932365476047,1.1698394120625075,5.296717709800504,-1.5063730543707958,-1.4035711891537281,6.824462567143269,-0.35054111949510874,-0.2983918075455428,14.87680304800693
CONDITIONAL,1~3%,5~10,ABOVE_PREV_HIGH,RANGE_10M,0.1~0.2%,3863,43,1.1109932365476047,1.2362018668310073,11.269972324267838,-1.5063730543707958,-1.1377740538960817,24.469303895553022,-0.35054111949510874,-0.1442288255292021,58.85537601496289
CONDITIONAL,1~3%,5~10,ABOVE_PREV_HIGH,NIGHT_RETURN,-0.5~0%,3863,771,1.1109932365476047,1.2297709339663145,10.691126958415136,-1.5063730543707958,-1.452001086584215,3.6094623193649533,-0.35054111949510874,-0.19606384236681487,44.06823295104167
CONDITIONAL,1~3%,5~10,ABOVE_PREV_HIGH,RETURN_10M,0.5~1%,3863,150,1.1109932365476047,1.5402894752166256,38.64076076673992,-1.5063730543707958,-1.5419964145278815,-2.3648431611096075,-0.35054111949510874,-0.44366181179244707,-26.56484136054049
CONDITIONAL,1~3%,5~10,ABOVE_PREV_HIGH,NIGHT_RETURN,>=2%,3863,61,1.1109932365476047,1.3378800341027277,20.4219782885601,-1.5063730543707958,-1.1377667184404656,24.46979085697302,-0.35054111949510874,0.22543673651695714,164.31106765496102
CONDITIONAL,1~3%,5~10,ABOVE_PREV_HIGH,RETURN_10M,-1~-0.5%,3863,123,1.1109932365476047,0.5837382599823453,-47.45798257095575,-1.5063730543707958,-1.5148205254555343,-0.5607821422606957,-0.35054111949510874,-0.4920875710756596,-40.37941448478939
CONDITIONAL,-3~-1%,>=10,BELOW_PREV_LOW,DIRECTION,DOWN,22397,3740,1.6819759205228246,1.4124778037626926,-16.022709568657874,-1.5131878031556356,-1.7279538569861563,-14.19295433009986,0.1284861578267592,-0.30330771304555965,-336.06255971520005
CONDITIONAL,-3~-1%,>=10,BELOW_PREV_LOW,PERSISTENCE,DOWN_PERSISTENT,22397,3740,1.6819759205228246,1.4124778037626926,-16.022709568657874,-1.5131878031556356,-1.7279538569861563,-14.19295433009986,0.1284861578267592,-0.30330771304555965,-336.06255971520005
CONDITIONAL,-3~-1%,>=10,BELOW_PREV_LOW,RETURN_5M,-0.2~-0.05%,22397,4171,1.6819759205228246,1.7414848530952411,3.5380371292068666,-1.5131878031556356,-1.5219784887834544,-0.5809381763113953,0.1284861578267592,0.2307018373131466,79.55384550000095
CONDITIONAL,-3~-1%,>=10,BELOW_PREV_LOW,RETURN_10M,-0.2~0%,22397,4871,1.6819759205228246,1.5988759642155834,-4.9406150999718506,-1.5131878031556356,-1.562905280096604,-3.2856117949990313,0.1284861578267592,0.11041559127853533,-14.06421271666387
CONDITIONAL,-3~-1%,>=10,BELOW_PREV_LOW,RANGE_10M,0.2~0.5%,22397,14386,1.6819759205228246,1.6827625328604212,0.04676715807870017,-1.5131878031556356,-1.351566097213783,10.680875540022397,0.1284861578267592,0.18622660883700937,44.93904400822921
CONDITIONAL,-3~-1%,>=10,BELOW_PREV_LOW,NIGHT_RETURN,0.5~1%,22397,1079,1.6819759205228246,1.996132597599749,18.677834399631124,-1.5131878031556356,-1.410184125010417,6.807065053684178,0.1284861578267592,0.28020263485640634,118.08001701958423
CONDITIONAL,-3~-1%,>=10,BELOW_PREV_LOW,DIRECTION,UP_MIXED,22397,5794,1.6819759205228246,1.5637062498423222,-7.031591192086717,-1.5131878031556356,-1.8076382574273155,-19.45894975214751,0.1284861578267592,-0.257407330217639,-300.3385692058028
CONDITIONAL,-3~-1%,>=10,BELOW_PREV_LOW,PERSISTENCE,MIXED,22397,13598,1.6819759205228246,1.6727331611011063,-0.5495179395223063,-1.5131878031556356,-1.6171799155488107,-6.872386373740762,0.1284861578267592,0.09114733076320967,-29.060583408443357
CONDITIONAL,-3~-1%,>=10,BELOW_PREV_LOW,RETURN_5M,-0.05~0.05%,22397,7320,1.6819759205228246,1.342301602949092,-20.194957218421322,-1.5131878031556356,-1.7779696763876143,-17.49828228061293,0.1284861578267592,-0.37985953023080427,-395.64237631183386
CONDITIONAL,-3~-1%,>=10,BELOW_PREV_LOW,NIGHT_RETURN,-1~-0.5%,22397,3241,1.6819759205228246,1.6695004615504354,-0.741714481174698,-1.5131878031556356,-1.2649004471823306,16.408231381162402,0.1284861578267592,0.12633324416999103,-1.6755996857427988
CONDITIONAL,-3~-1%,>=10,BELOW_PREV_LOW,RETURN_5M,0.05~0.2%,22397,4642,1.6819759205228246,1.8422866992760905,9.531098322943583,-1.5131878031556356,-1.3054212550568611,13.730387442027586,0.1284861578267592,0.24539325471347043,90.98808686017345
CONDITIONAL,-3~-1%,>=10,BELOW_PREV_LOW,RETURN_10M,0~0.2%,22397,4862,1.6819759205228246,1.8985965697887315,12.878938789954411,-1.5131878031556356,-1.1741209179870264,22.407455602107785,0.1284861578267592,0.36627358521858816,185.0685174292807
CONDITIONAL,-3~-1%,>=10,BELOW_PREV_LOW,NIGHT_RETURN,0~0.5%,22397,4589,1.6819759205228246,1.6173910113158478,-3.8398236513933712,-1.5131878031556356,-1.367818308997843,9.606837555433355,0.1284861578267592,0.032455189461428016,-74.74032221806486
CONDITIONAL,-3~-1%,>=10,BELOW_PREV_LOW,RANGE_10M,0.5~1%,22397,5514,1.6819759205228246,1.5005445808419247,-10.786797686408253,-1.5131878031556356,-1.8556126860795115,-22.62937106747592,0.1284861578267592,-0.2849732231294392,-321.7929370365911
CONDITIONAL,-3~-1%,>=10,BELOW_PREV_LOW,DIRECTION,DOWN_MIXED,22397,6938,1.6819759205228246,1.7089889093596866,1.6060270844106543,-1.5131878031556356,-1.5722833910205407,-3.9053703540079985,0.1284861578267592,0.2607801481539186,102.96361301855906
CONDITIONAL,-3~-1%,>=10,BELOW_PREV_LOW,NIGHT_RETURN,-2~-1%,22397,5886,1.6819759205228246,1.513442980852012,-10.019937718158648,-1.5131878031556356,-1.3678470269391705,9.60493971160541,0.1284861578267592,0.22256563525179318,73.22148861504868
CONDITIONAL,-3~-1%,>=10,BELOW_PREV_LOW,RETURN_10M,-0.5~-0.2%,22397,5682,1.6819759205228246,1.373907000584505,-18.315893597487385,-1.5131878031556356,-1.4969815324163531,1.0710019407693858,0.1284861578267592,-0.17244492207838438,-234.21284050760994
CONDITIONAL,-3~-1%,>=10,BELOW_PREV_LOW,DIRECTION,FLAT_MIXED,22397,919,1.6819759205228246,2.0943851551203765,24.5193304830047,-1.5131878031556356,-0.7384559381394176,51.198659108973445,0.1284861578267592,0.9965877151010283,675.6381947732846
CONDITIONAL,-3~-1%,>=10,BELOW_PREV_LOW,NIGHT_RETURN,1~2%,22397,490,1.6819759205228246,2.006511563947196,19.2949042530581,-1.5131878031556356,-1.517038059213235,-0.2544466753941624,0.1284861578267592,0.1208980042056681,-5.905814096583375
CONDITIONAL,-3~-1%,>=10,BELOW_PREV_LOW,RETURN_5M,-0.5~-0.2%,22397,1997,1.6819759205228246,2.321571313519878,38.026429819413934,-1.5131878031556356,-1.4321783351989568,5.353563370504302,0.1284861578267592,1.103645605620792,758.9607038517428
CONDITIONAL,-3~-1%,>=10,BELOW_PREV_LOW,RETURN_10M,0.2~0.5%,22397,3642,1.6819759205228246,1.916149596923061,13.922534415798651,-1.5131878031556356,-1.168157581113215,22.801546597381165,0.1284861578267592,0.4276599850540763,232.84518137019862
CONDITIONAL,-3~-1%,>=10,BELOW_PREV_LOW,DIRECTION,UP,22397,5006,1.6819759205228246,1.9070572679979347,13.381960153457245,-1.5131878031556356,-1.0722574040279393,29.139172164100856,0.1284861578267592,0.5550013217833765,331.954174029935
CONDITIONAL,-3~-1%,>=10,BELOW_PREV_LOW,PERSISTENCE,UP_PERSISTENT,22397,5006,1.6819759205228246,1.9070572679979347,13.381960153457245,-1.5131878031556356,-1.0722574040279393,29.139172164100856,0.1284861578267592,0.5550013217833765,331.954174029935
CONDITIONAL,-3~-1%,>=10,BELOW_PREV_LOW,RETURN_5M,0.2~0.5%,22397,3739,1.6819759205228246,1.7719156437374841,5.347265803109872,-1.5131878031556356,-1.1816815569478585,21.907805859685535,0.1284861578267592,0.42079368569479925,227.50118208232587
CONDITIONAL,-3~-1%,>=10,BELOW_PREV_LOW,RANGE_10M,0.1~0.2%,22397,100,1.6819759205228246,2.3289362100383686,38.464301517137244,-1.5131878031556356,-1.1414286988226787,24.567942165386356,0.1284861578267592,0.4675221412182254,263.86965656533687
CONDITIONAL,-3~-1%,>=10,BELOW_PREV_LOW,NIGHT_RETURN,-0.5~0%,22397,3975,1.6819759205228246,1.8846984603617143,12.052642214751533,-1.5131878031556356,-1.2760468837181131,15.671611874149626,0.1284861578267592,0.31612365633053685,146.03713090773056
CONDITIONAL,-3~-1%,>=10,BELOW_PREV_LOW,RETURN_10M,0.5~1%,22397,1241,1.6819759205228246,1.123575586846888,-33.19906824244926,-1.5131878031556356,-3.673818375675819,-142.7866764465294,0.1284861578267592,-1.6547254954233064,-1387.8628510741291
CONDITIONAL,-3~-1%,>=10,BELOW_PREV_LOW,RETURN_10M,>=1%,22397,945,1.6819759205228246,1.6987894688776994,0.9996307408282332,-1.5131878031556356,-1.185995677602583,21.622704390738466,0.1284861578267592,0.5812513306410301,352.3843972552626
CONDITIONAL,-3~-1%,>=10,BELOW_PREV_LOW,RANGE_10M,1~2%,22397,2185,1.6819759205228246,2.165383240844689,28.7404423822906,-1.5131878031556356,-1.4868877714058697,1.7380547011361869,0.1284861578267592,1.0240448523419392,697.007918722795
CONDITIONAL,-3~-1%,>=10,BELOW_PREV_LOW,NIGHT_RETURN,<-2%,22397,3119,1.6819759205228246,1.6869533885399797,0.2959298023486475,-1.5131878031556356,-2.599055422850546,-71.76026778899605,0.1284861578267592,-0.20049571029592644,-256.0445994239001
CONDITIONAL,-3~-1%,>=10,BELOW_PREV_LOW,RANGE_10M,>=2%,22397,212,1.6819759205228246,1.060066383055267,-36.974937029671835,-1.5131878031556356,-4.020737506192227,-165.71305278877423,0.1284861578267592,-2.4259404813043712,-1988.0948129644607
CONDITIONAL,-3~-1%,>=10,BELOW_PREV_LOW,RETURN_5M,>=0.5%,22397,135,1.6819759205228246,1.8744910895349027,11.44577438137383,-1.5131878031556356,-1.3941175929278942,7.868832274449329,0.1284861578267592,0.5583165455657781,334.5343926608569
CONDITIONAL,-3~-1%,>=10,BELOW_PREV_LOW,RETURN_5M,<-0.5%,22397,393,1.6819759205228246,1.3117353077393465,-22.01224216505981,-1.5131878031556356,-2.548646568864982,-68.4289658924013,0.1284861578267592,-0.7526646630194186,-685.7943577348257
CONDITIONAL,-3~-1%,>=10,BELOW_PREV_LOW,RETURN_10M,-1~-0.5%,22397,1154,1.6819759205228246,2.484613160538541,47.71990075614311,-1.5131878031556356,-1.8449967136230476,-21.927807624106556,0.1284861578267592,1.287325974386817,901.9180246035123
CONDITIONAL,-3~-1%,>=10,BELOW_PREV_LOW,PERSISTENCE,FLAT_PERSISTENT,22397,53,1.6819759205228246,1.8111980684278899,7.682758494241576,-1.5131878031556356,-1.3242782255087302,12.484212286997632,0.1284861578267592,-0.1072206967808187,-183.44922020735243
CONDITIONAL,3~5%,>=10,BETWEEN_PREV_HIGH_LOW,DIRECTION,DOWN,1627,324,4.443553098649626,3.7227046044276104,-16.222344556680955,-3.118862808552459,-3.7044182578612084,-18.77464592873581,0.29781700603151,-0.8691027087842274,-391.82440598851275
CONDITIONAL,3~5%,>=10,BETWEEN_PREV_HIGH_LOW,PERSISTENCE,DOWN_PERSISTENT,1627,324,4.443553098649626,3.7227046044276104,-16.222344556680955,-3.118862808552459,-3.7044182578612084,-18.77464592873581,0.29781700603151,-0.8691027087842274,-391.82440598851275
CONDITIONAL,3~5%,>=10,BETWEEN_PREV_HIGH_LOW,RETURN_5M,-0.2~-0.05%,1627,403,4.443553098649626,3.864917413729345,-13.02191449216901,-3.118862808552459,-3.6102245350834683,-15.754515562005839,0.29781700603151,-0.9526265006049779,-419.8697459554029
CONDITIONAL,3~5%,>=10,BETWEEN_PREV_HIGH_LOW,RETURN_10M,-0.2~0%,1627,297,4.443553098649626,4.061762792135276,-8.592005047275652,-3.118862808552459,-4.096358338396802,-31.341408386540177,0.29781700603151,-0.8470284746638601,-384.412393352125
CONDITIONAL,3~5%,>=10,BETWEEN_PREV_HIGH_LOW,RANGE_10M,0.2~0.5%,1627,922,4.443553098649626,4.234570529605066,-4.70305101356994,-3.118862808552459,-3.7674125365635347,-20.794429502722625,0.29781700603151,-0.4827970397228931,-262.1119781426489
CONDITIONAL,3~5%,>=10,BETWEEN_PREV_HIGH_LOW,NIGHT_RETURN,0.5~1%,1627,275,4.443553098649626,4.11077170722959,-7.489083263597466,-3.118862808552459,-3.8128006664715675,-22.249707682435137,0.29781700603151,-0.2807858699187808,-194.28134197584163
CONDITIONAL,3~5%,>=10,BETWEEN_PREV_HIGH_LOW,DIRECTION,DOWN_MIXED,1627,345,4.443553098649626,4.3099580091693435,-3.0064924738016816,-3.118862808552459,-3.4200645080939376,-9.65742060585454,0.29781700603151,-0.47760732800977845,-260.36939406987597
CONDITIONAL,3~5%,>=10,BETWEEN_PREV_HIGH_LOW,PERSISTENCE,MIXED,1627,730,4.443553098649626,4.336012829922451,-2.4201414125073892,-3.118862808552459,-3.68888676438047,-18.276660142437414,0.29781700603151,-0.3909958143859724,-231.28726918455547
CONDITIONAL,3~5%,>=10,BETWEEN_PREV_HIGH_LOW,RETURN_10M,-0.5~-0.2%,1627,352,4.443553098649626,3.7218486863876565,-16.241606575631824,-3.118862808552459,-3.453161526701082,-10.718609271043233,0.29781700603151,-0.8804899537029768,-395.6479770701268
CONDITIONAL,3~5%,>=10,BETWEEN_PREV_HIGH_LOW,NIGHT_RETURN,0~0.5%,1627,429,4.443553098649626,4.600770882185155,3.53810970737149,-3.118862808552459,-3.6454555933156203,-16.88412787247818,0.29781700603151,-0.3110481223559923,-204.44270006632274
CONDITIONAL,3~5%,>=10,BETWEEN_PREV_HIGH_LOW,DIRECTION,FLAT_MIXED,1627,56,4.443553098649626,4.3168020638770725,-2.8524703533096605,-3.118862808552459,-4.314423030313557,-38.33320973537745,0.29781700603151,-1.0498783728060348,-452.52465492012715
CONDITIONAL,3~5%,>=10,BETWEEN_PREV_HIGH_LOW,RETURN_5M,-0.05~0.05%,1627,303,4.443553098649626,4.462220896224772,0.4201096996189646,-3.118862808552459,-3.9802363679357478,-27.618193304984572,0.29781700603151,-0.5981700307405428,-300.8515358848428
CONDITIONAL,3~5%,>=10,BETWEEN_PREV_HIGH_LOW,NIGHT_RETURN,1~2%,1627,147,4.443553098649626,3.503196308505229,-21.16227193122024,-3.118862808552459,-3.668872922761994,-17.6349569689732,0.29781700603151,-1.1002768749025942,-469.4472956947869
CONDITIONAL,3~5%,>=10,BETWEEN_PREV_HIGH_LOW,DIRECTION,UP,1627,564,4.443553098649626,4.983003868368457,12.140077045163876,-3.118862808552459,-1.9985281324975444,35.921255432677704,0.29781700603151,1.899346453193522,537.756210937318
CONDITIONAL,3~5%,>=10,BETWEEN_PREV_HIGH_LOW,PERSISTENCE,UP_PERSISTENT,1627,564,4.443553098649626,4.983003868368457,12.140077045163876,-3.118862808552459,-1.9985281324975444,35.921255432677704,0.29781700603151,1.899346453193522,537.756210937318
CONDITIONAL,3~5%,>=10,BETWEEN_PREV_HIGH_LOW,RETURN_5M,0.05~0.2%,1627,213,4.443553098649626,4.408283296100114,-0.7937297420892765,-3.118862808552459,-4.104296433481058,-31.595927279211207,0.29781700603151,-0.06368426886382156,-121.38369118420442
CONDITIONAL,3~5%,>=10,BETWEEN_PREV_HIGH_LOW,RETURN_10M,0.2~0.5%,1627,544,4.443553098649626,5.2164581645098655,17.393852367717216,-3.118862808552459,-1.9218386837182468,38.380146813504126,0.29781700603151,2.184376419538048,633.4626214417501
CONDITIONAL,3~5%,>=10,BETWEEN_PREV_HIGH_LOW,DIRECTION,UP_MIXED,1627,338,4.443553098649626,4.391757364402498,-1.165637792487924,-3.118862808552459,-3.9214747403823456,-25.734121091475608,0.29781700603151,-0.24120158609845138,-180.98986330986466
CONDITIONAL,3~5%,>=10,BETWEEN_PREV_HIGH_LOW,RETURN_10M,0~0.2%,1627,325,4.443553098649626,4.401292731258979,-0.9510490018334485,-3.118862808552459,-3.6761553962089804,-17.868454685737678,0.29781700603151,-0.21241987270323975,-171.3256356760114
CONDITIONAL,3~5%,>=10,BETWEEN_PREV_HIGH_LOW,RANGE_10M,0.5~1%,1627,346,4.443553098649626,4.121929365227811,-7.23798560029708,-3.118862808552459,-3.580470270665677,-14.800505519108153,0.29781700603151,-0.3977698669092677,-233.56183792512587
CONDITIONAL,3~5%,>=10,BETWEEN_PREV_HIGH_LOW,NIGHT_RETURN,-2~-1%,1627,47,4.443553098649626,5.232570790562919,17.756459175722956,-3.118862808552459,-3.812260958344715,-22.23240303776232,0.29781700603151,-0.4346193615553146,-245.9350382124688
CONDITIONAL,3~5%,>=10,BETWEEN_PREV_HIGH_LOW,RETURN_5M,-0.5~-0.2%,1627,173,4.443553098649626,4.039965330513092,-9.082546313201076,-3.118862808552459,-3.2913045931393916,-5.528995508044399,0.29781700603151,0.02526724519438246,-91.51584876529546
CONDITIONAL,3~5%,>=10,BETWEEN_PREV_HIGH_LOW,NIGHT_RETURN,-1~-0.5%,1627,86,4.443553098649626,3.980506468660474,-10.420639063137772,-3.118862808552459,-4.105039877897665,-31.619764314125625,0.29781700603151,-0.6039634276895312,-302.79682337066737
CONDITIONAL,3~5%,>=10,BETWEEN_PREV_HIGH_LOW,RETURN_5M,0.2~0.5%,1627,202,4.443553098649626,4.323034752501609,-2.712206728994451,-3.118862808552459,-3.532763124310305,-13.270872788083532,0.29781700603151,-0.13861892933981573,-146.5450013036359
CONDITIONAL,3~5%,>=10,BETWEEN_PREV_HIGH_LOW,NIGHT_RETURN,-0.5~0%,1627,257,4.443553098649626,4.053881636502419,-8.769366619375514,-3.118862808552459,-3.9685562759765225,-27.24369488436804,0.29781700603151,-0.6851437111952113,-330.0552679395081
CONDITIONAL,3~5%,>=10,BETWEEN_PREV_HIGH_LOW,RETURN_10M,0.5~1%,1627,59,4.443553098649626,5.045704272693601,13.551119130926233,-3.118862808552459,-3.62551116821041,-16.244650398492492,0.29781700603151,-0.3952587854846365,-232.718675387804
CONDITIONAL,3~5%,>=10,BETWEEN_PREV_HIGH_LOW,RETURN_5M,>=0.5%,1627,329,4.443553098649626,5.442716206917952,22.4856795021076,-3.118862808552459,-0.7287190915831648,76.63510271805187,0.29781700603151,3.316503578897446,1013.6044993167882
CONDITIONAL,3~5%,>=10,BETWEEN_PREV_HIGH_LOW,RANGE_10M,1~2%,1627,346,4.443553098649626,5.383848387746915,21.160887880084978,-3.118862808552459,-0.8540931981543854,72.61523668779803,0.29781700603151,3.1738459348112613,965.70339185918
CONDITIONAL,3~5%,>=10,BETWEEN_PREV_HIGH_LOW,NIGHT_RETURN,>=2%,1627,371,4.443553098649626,5.180438334514339,16.583243622961305,-3.118862808552459,-0.8116905114106946,73.97479269736074,0.29781700603151,2.9725558222683586,898.1148698922359
CONDITIONAL,3~5%,>=10,BETWEEN_PREV_HIGH_LOW,RETURN_10M,-1~-0.5%,1627,50,4.443553098649626,2.947133467777027,-33.676195550073516,-3.118862808552459,-3.7624519795431177,-20.63537931921297,0.29781700603151,-0.9979171152934007,-435.07727734923833
CONDITIONAL,1~3%,3~5,ABOVE_PREV_HIGH,DIRECTION,DOWN,1424,336,1.1765274494092492,1.2046410478635945,2.3895403773589363,-1.6426065006416448,-1.627141734792366,0.9414772097418259,-0.4255935230310828,-0.3162528881720026,25.691329623711074
CONDITIONAL,1~3%,3~5,ABOVE_PREV_HIGH,PERSISTENCE,DOWN_PERSISTENT,1424,336,1.1765274494092492,1.2046410478635945,2.3895403773589363,-1.6426065006416448,-1.627141734792366,0.9414772097418259,-0.4255935230310828,-0.3162528881720026,25.691329623711074
CONDITIONAL,1~3%,3~5,ABOVE_PREV_HIGH,RETURN_5M,-0.2~-0.05%,1424,404,1.1765274494092492,1.0797576199945706,-8.225037967730211,-1.6426065006416448,-1.6953694228238214,-3.2121461933558666,-0.4255935230310828,-0.4888681747178986,-14.867390658620208
CONDITIONAL,1~3%,3~5,ABOVE_PREV_HIGH,RETURN_10M,-0.2~0%,1424,348,1.1765274494092492,1.2682883085818033,7.799296074105917,-1.6426065006416448,-1.6736215868905997,-1.8881628823969456,-0.4255935230310828,-0.2781934801013278,34.63399580895168
CONDITIONAL,1~3%,3~5,ABOVE_PREV_HIGH,RANGE_10M,0.2~0.5%,1424,1085,1.1765274494092492,1.1369950092217198,-3.3600950158348812,-1.6426065006416448,-1.6426739517997353,-0.004106349150824201,-0.4255935230310828,-0.4099281254830511,3.680835515649423
CONDITIONAL,1~3%,3~5,ABOVE_PREV_HIGH,NIGHT_RETURN,0.5~1%,1424,292,1.1765274494092492,1.0357060658712078,-11.969239103494763,-1.6426065006416448,-1.6677394398282253,-1.5300645149500418,-0.4255935230310828,-0.45642721575003836,-7.2448688831910815
CONDITIONAL,1~3%,3~5,ABOVE_PREV_HIGH,DIRECTION,UP_MIXED,1424,405,1.1765274494092492,1.2533642455852658,6.530812027768447,-1.6426065006416448,-1.6604729651839099,-1.0876898718765529,-0.4255935230310828,-0.5094329924508385,-19.69942324842021
CONDITIONAL,1~3%,3~5,ABOVE_PREV_HIGH,PERSISTENCE,MIXED,1424,793,1.1765274494092492,1.1526343467645754,-2.0308155714234184,-1.6426065006416448,-1.7048541247314357,-3.789563968331756,-0.4255935230310828,-0.5419417813547621,-27.33788275137401
CONDITIONAL,1~3%,3~5,ABOVE_PREV_HIGH,RETURN_5M,0.05~0.2%,1424,322,1.1765274494092492,0.9510182895648789,-19.1673521903464,-1.6426065006416448,-1.6041317421669354,2.342299172667351,-0.4255935230310828,-0.5661937239831731,-33.03626426237266
CONDITIONAL,1~3%,3~5,ABOVE_PREV_HIGH,RETURN_10M,0~0.2%,1424,386,1.1765274494092492,1.2898166976653094,9.629120707123683,-1.6426065006416448,-1.5867431510470797,3.40089665861808,-0.4255935230310828,-0.3515576499926407,17.395911599207988
CONDITIONAL,1~3%,3~5,ABOVE_PREV_HIGH,RANGE_10M,0.5~1%,1424,308,1.1765274494092492,1.2033317921068774,2.278259016488475,-1.6426065006416448,-1.6429523509371753,-0.021054969367001273,-0.4255935230310828,-0.5095002382822025,-19.7152237312107
CONDITIONAL,1~3%,3~5,ABOVE_PREV_HIGH,NIGHT_RETURN,0~0.5%,1424,434,1.1765274494092492,1.0802692954892386,-8.181547652657253,-1.6426065006416448,-1.6622218184563238,-1.1941580534970915,-0.4255935230310828,-0.4531957953267644,-6.485595010727108
CONDITIONAL,1~3%,3~5,ABOVE_PREV_HIGH,DIRECTION,FLAT_MIXED,1424,70,1.1765274494092492,1.106749695727148,-5.930822414482342,-1.6426065006416448,-1.756033774504591,-6.905322353140489,-0.4255935230310828,-0.397159537598068,6.681019304642505
CONDITIONAL,1~3%,3~5,ABOVE_PREV_HIGH,RETURN_5M,-0.05~0.05%,1424,354,1.1765274494092492,1.3070328790276733,11.0924253984854,-1.6426065006416448,-1.762174605453157,-7.2791690989172295,-0.4255935230310828,-0.3850111678991426,9.535472918598977
CONDITIONAL,1~3%,3~5,ABOVE_PREV_HIGH,NIGHT_RETURN,1~2%,1424,190,1.1765274494092492,1.2163041694946986,3.3808578036510535,-1.6426065006416448,-1.5041466837246567,8.429274866676966,-0.4255935230310828,-0.30256435030435763,28.907670363615907
CONDITIONAL,1~3%,3~5,ABOVE_PREV_HIGH,RETURN_10M,0.2~0.5%,1424,274,1.1765274494092492,1.1216703531677978,-4.662627826405234,-1.6426065006416448,-1.5379340012420797,6.372341723880755,-0.4255935230310828,-0.30408709247545257,28.5498777543088
CONDITIONAL,1~3%,3~5,ABOVE_PREV_HIGH,DIRECTION,UP,1424,291,1.1765274494092492,1.2204487956491876,3.7331340005702285,-1.6426065006416448,-1.4733102993686171,10.306558582770505,-0.4255935230310828,-0.2200657063014793,48.292045251495274
CONDITIONAL,1~3%,3~5,ABOVE_PREV_HIGH,PERSISTENCE,UP_PERSISTENT,1424,291,1.1765274494092492,1.2204487956491876,3.7331340005702285,-1.6426065006416448,-1.4733102993686171,10.306558582770505,-0.4255935230310828,-0.2200657063014793,48.292045251495274
CONDITIONAL,1~3%,3~5,ABOVE_PREV_HIGH,NIGHT_RETURN,-1~-0.5%,1424,126,1.1765274494092492,1.921420774028019,63.31287255497446,-1.6426065006416448,-1.7277031593580408,-5.180586992877172,-0.4255935230310828,-0.3570007446506069,16.11696951869878
CONDITIONAL,1~3%,3~5,ABOVE_PREV_HIGH,DIRECTION,DOWN_MIXED,1424,322,1.1765274494092492,1.0260251496265715,-12.792077214879008,-1.6426065006416448,-1.7646112478024758,-7.427509090775712,-0.4255935230310828,-0.6261601126157867,-47.12632564430634
CONDITIONAL,1~3%,3~5,ABOVE_PREV_HIGH,NIGHT_RETURN,-2~-1%,1424,65,1.1765274494092492,0.8685460343337877,-26.177155087210522,-1.6426065006416448,-1.7626435930395352,-7.3077205253358475,-0.4255935230310828,-0.6408438946668522,-50.57651491093036
CONDITIONAL,1~3%,3~5,ABOVE_PREV_HIGH,RETURN_10M,-0.5~-0.2%,1424,327,1.1765274494092492,0.8553899300582973,-27.29536990507102,-1.6426065006416448,-1.799578501492841,-9.556275394616955,-0.4255935230310828,-0.7706875448649244,-81.08535566426795
CONDITIONAL,1~3%,3~5,ABOVE_PREV_HIGH,RETURN_5M,-0.5~-0.2%,1424,150,1.1765274494092492,1.2109405336650247,2.9249707920588492,-1.6426065006416448,-1.443230499117526,12.137782326213696,-0.4255935230310828,-0.1929040647792375,54.67410701991605
CONDITIONAL,1~3%,3~5,ABOVE_PREV_HIGH,RETURN_5M,0.2~0.5%,1424,188,1.1765274494092492,1.4616145884583185,24.231235675140045,-1.6426065006416448,-1.5099484835479877,8.076067946999931,-0.4255935230310828,-0.3109248988201112,26.943225872964437
CONDITIONAL,1~3%,3~5,ABOVE_PREV_HIGH,NIGHT_RETURN,-0.5~0%,1424,303,1.1765274494092492,1.1585092226688507,-1.5314752536751903,-1.6426065006416448,-1.6190946506004358,1.4313744668625565,-0.4255935230310828,-0.42213225024380274,0.8132813588488854
CONDITIONAL,1~3%,3~5,ABOVE_PREV_HIGH,RETURN_10M,0.5~1%,1424,51,1.1765274494092492,2.2291480914312607,89.46843038388495,-1.6426065006416448,-1.4288453955801184,13.013530932577327,-0.4255935230310828,-0.38057357380226453,10.578156572540287
CONDITIONAL,1~3%,3~5,ABOVE_PREV_HIGH,RETURN_10M,-1~-0.5%,1424,37,1.1765274494092492,0.9480389857090167,-19.42058077905108,-1.6426065006416448,-1.6207646426625006,1.3297072652891717,-0.4255935230310828,-0.4679906746163058,-9.96188834906836
CONDITIONAL,3~5%,>=10,ABOVE_PREV_HIGH,DIRECTION,DOWN,4841,1464,2.500920026553597,1.799435510048557,-28.049058308822595,-2.3900567035732077,-2.4019015335611247,-0.4955878230925921,-0.040075816881858836,-0.34875955884110066,-770.2494071904346
CONDITIONAL,3~5%,>=10,ABOVE_PREV_HIGH,PERSISTENCE,DOWN_PERSISTENT,4841,1464,2.500920026553597,1.799435510048557,-28.049058308822595,-2.3900567035732077,-2.4019015335611247,-0.4955878230925921,-0.040075816881858836,-0.34875955884110066,-770.2494071904346
CONDITIONAL,3~5%,>=10,ABOVE_PREV_HIGH,RETURN_5M,-0.2~-0.05%,4841,1173,2.500920026553597,2.3326920963609545,-6.726641732101668,-2.3900567035732077,-2.7937137953100137,-16.88901736654726,-0.040075816881858836,-0.5926495368046438,-1378.8208523652556
CONDITIONAL,3~5%,>=10,ABOVE_PREV_HIGH,RETURN_10M,-0.2~0%,4841,801,2.500920026553597,2.990871213278932,19.590837832608123,-2.3900567035732077,-2.696565437817291,-12.824328970348,-0.040075816881858836,-0.02493325737060749,37.78478067182193
CONDITIONAL,3~5%,>=10,ABOVE_PREV_HIGH,RANGE_10M,0.2~0.5%,4841,2567,2.500920026553597,2.6505289192676362,5.982154212272372,-2.3900567035732077,-2.8322791712365203,-18.502593139408642,-0.040075816881858836,-0.4051964355853514,-911.0746757323669
CONDITIONAL,3~5%,>=10,ABOVE_PREV_HIGH,NIGHT_RETURN,0.5~1%,4841,705,2.500920026553597,2.000723106853142,-20.000516385554047,-2.3900567035732077,-2.8299535466565997,-18.40528898020423,-0.040075816881858836,-0.7831874918263472,-1854.2645734087919
CONDITIONAL,3~5%,>=10,ABOVE_PREV_HIGH,DIRECTION,UP_MIXED,4841,1001,2.500920026553597,2.574212035846606,2.9306018791016397,-2.3900567035732077,-2.647474648415322,-10.77036977646877,-0.040075816881858836,-0.2714854983552797,-577.4297306418059
CONDITIONAL,3~5%,>=10,ABOVE_PREV_HIGH,PERSISTENCE,MIXED,4841,1994,2.500920026553597,2.672170789029958,6.847510542444418,-2.3900567035732077,-2.8254687154963185,-18.217643592813367,-0.040075816881858836,-0.36570353960366986,-812.5292210056316
CONDITIONAL,3~5%,>=10,ABOVE_PREV_HIGH,RETURN_5M,-0.05~0.05%,4841,807,2.500920026553597,2.5437434254052658,1.7123058073425008,-2.3900567035732077,-2.767818819711359,-15.805571289308132,-0.040075816881858836,-0.3138218249643348,-683.0703136743617
CONDITIONAL,3~5%,>=10,ABOVE_PREV_HIGH,NIGHT_RETURN,-1~-0.5%,4841,237,2.500920026553597,3.1174517855041444,24.652198087283967,-2.3900567035732077,-2.5173228572016724,-5.324817333337655,-0.040075816881858836,0.25349735853115296,732.5444576175412
CONDITIONAL,3~5%,>=10,ABOVE_PREV_HIGH,RETURN_5M,0.05~0.2%,4841,639,2.500920026553597,2.7479551513108076,9.87776986606159,-2.3900567035732077,-2.7202773039056805,-13.816433720538218,-0.040075816881858836,-0.30761186226051696,-667.574777495712
CONDITIONAL,3~5%,>=10,ABOVE_PREV_HIGH,RETURN_10M,0~0.2%,4841,996,2.500920026553597,2.5951478877346807,3.7677278833635848,-2.3900567035732077,-2.8171961551932183,-17.871519574469684,-0.040075816881858836,-0.40892686017735375,-920.38309383149
CONDITIONAL,3~5%,>=10,ABOVE_PREV_HIGH,NIGHT_RETURN,0~0.5%,4841,1076,2.500920026553597,2.7459436382728164,9.79733894397556,-2.3900567035732077,-2.908800038539651,-21.70422710854124,-0.040075816881858836,-0.38328241270671587,-856.3932628912094
CONDITIONAL,3~5%,>=10,ABOVE_PREV_HIGH,RANGE_10M,0.5~1%,4841,1496,2.500920026553597,1.770607113429687,-29.201769963445035,-2.3900567035732077,-2.3545502740262867,1.4855894211144767,-0.040075816881858836,-0.33677700379648373,-740.3496921579481
CONDITIONAL,3~5%,>=10,ABOVE_PREV_HIGH,DIRECTION,DOWN_MIXED,4841,853,2.500920026553597,2.733636749735633,9.305244498470916,-2.3900567035732077,-2.990240853332297,-25.1117117372904,-0.040075816881858836,-0.49644338146170874,-1138.7604797306935
CONDITIONAL,3~5%,>=10,ABOVE_PREV_HIGH,NIGHT_RETURN,-2~-1%,4841,150,2.500920026553597,3.238982273952104,29.51162930290086,-2.3900567035732077,-3.231042189941205,-35.18684243393466,-0.040075816881858836,-0.4241878504630941,-958.4633913104631
CONDITIONAL,3~5%,>=10,ABOVE_PREV_HIGH,RETURN_10M,-0.5~-0.2%,4841,1332,2.500920026553597,1.8357019966229018,-26.598932507546095,-2.3900567035732077,-2.5553597156769,-6.916279929951428,-0.040075816881858836,-0.4577506513442611,-1042.211655207636
CONDITIONAL,3~5%,>=10,ABOVE_PREV_HIGH,DIRECTION,FLAT_MIXED,4841,157,2.500920026553597,3.0722261867063936,22.843839630493402,-2.3900567035732077,-3.2000663737347717,-33.89081392715808,-0.040075816881858836,-0.24898376330551197,-521.2818170107462
CONDITIONAL,3~5%,>=10,ABOVE_PREV_HIGH,NIGHT_RETURN,1~2%,4841,667,2.500920026553597,1.7939664711388008,-28.267739388252906,-2.3900567035732077,-2.448406185279246,-2.441342986499196,-0.040075816881858836,-0.7121184462528436,-1676.9280869610895
CONDITIONAL,3~5%,>=10,ABOVE_PREV_HIGH,RETURN_5M,-0.5~-0.2%,4841,935,2.500920026553597,1.7297620224814954,-30.8349725654682,-2.3900567035732077,-2.3492172034020786,1.7087251574438684,-0.040075816881858836,-0.16322594122685144,-307.29286119864247
CONDITIONAL,3~5%,>=10,ABOVE_PREV_HIGH,RETURN_10M,0.2~0.5%,4841,1298,2.500920026553597,3.1054686068469652,24.173047273585514,-2.3900567035732077,-1.6593228254321548,30.57391387612618,-0.040075816881858836,0.92962804687889,2419.6733571754235
CONDITIONAL,3~5%,>=10,ABOVE_PREV_HIGH,DIRECTION,UP,4841,1366,2.500920026553597,2.98803979144586,19.477622623684635,-2.3900567035732077,-1.7208438252063316,27.999874537134723,-0.040075816881858836,0.7693196220334751,2019.660488272477
CONDITIONAL,3~5%,>=10,ABOVE_PREV_HIGH,PERSISTENCE,UP_PERSISTENT,4841,1366,2.500920026553597,2.98803979144586,19.477622623684635,-2.3900567035732077,-1.7208438252063316,27.999874537134723,-0.040075816881858836,0.7693196220334751,2019.660488272477
CONDITIONAL,3~5%,>=10,ABOVE_PREV_HIGH,RETURN_5M,0.2~0.5%,4841,568,2.500920026553597,2.569854134449411,2.7563499497746453,-2.3900567035732077,-2.675953875491962,-11.961940965305518,-0.040075816881858836,-0.38487981475057814,-860.3792129432603
CONDITIONAL,3~5%,>=10,ABOVE_PREV_HIGH,RANGE_10M,0.1~0.2%,4841,33,2.500920026553597,2.219236077895521,-11.263212964320635,-2.3900567035732077,-2.9686439188549993,-24.20809575006259,-0.040075816881858836,-0.3867659417429857,-865.0856098158872
CONDITIONAL,3~5%,>=10,ABOVE_PREV_HIGH,NIGHT_RETURN,-0.5~0%,4841,713,2.500920026553597,2.925080958129367,16.96019573086016,-2.3900567035732077,-2.73911891488209,-14.60476694076018,-0.040075816881858836,-0.10534698356325245,-162.86921081062226
CONDITIONAL,3~5%,>=10,ABOVE_PREV_HIGH,RETURN_10M,0.5~1%,4841,168,2.500920026553597,2.1271844713568617,-14.94392268559515,-2.3900567035732077,-2.63146723439603,-10.100619389569552,-0.040075816881858836,-0.8566427901848757,-2037.5554058204439
CONDITIONAL,3~5%,>=10,ABOVE_PREV_HIGH,RANGE_10M,1~2%,4841,745,2.500920026553597,3.4644068194961166,38.52529400031462,-2.3900567035732077,-0.9119884700244342,61.84239191225114,-0.040075816881858836,1.829146166952446,4664.214304962671
CONDITIONAL,3~5%,>=10,ABOVE_PREV_HIGH,NIGHT_RETURN,<-2%,4841,46,2.500920026553597,2.7372766381778617,9.450786475166781,-2.3900567035732077,-3.6126509404458162,-51.15335694943107,-0.040075816881858836,-0.2966863159035168,-640.3125849639713
CONDITIONAL,3~5%,>=10,ABOVE_PREV_HIGH,RETURN_5M,>=0.5%,4841,699,2.500920026553597,3.4988744054419003,39.90349024728865,-2.3900567035732077,-0.7259808525673306,69.62495276861142,-0.040075816881858836,1.9721485091482627,5021.043817926509
CONDITIONAL,3~5%,>=10,ABOVE_PREV_HIGH,NIGHT_RETURN,>=2%,4841,1247,2.500920026553597,2.493225504750342,-0.3076676471681568,-2.3900567035732077,-1.2925067436532762,45.921502961794204,-0.040075816881858836,1.0728502849601502,2777.05156983537
CONDITIONAL,3~5%,>=10,ABOVE_PREV_HIGH,RETURN_10M,-1~-0.5%,4841,244,2.500920026553597,1.1880575011622878,-52.49518223101699,-2.3900567035732077,-2.4535442255117568,-2.656318648994115,-0.040075816881858836,-0.9033278658106866,-2154.047293592653
CONDITIONAL,1~3%,3~5,BETWEEN_PREV_HIGH_LOW,DIRECTION,DOWN,1562,333,2.1623674894157277,2.1224808155788017,-1.8445834961985714,-1.9973336302353077,-2.161729694982243,-8.230776383991877,-0.0842851833185966,-0.32763838708576337,-288.7259589236411
CONDITIONAL,1~3%,3~5,BETWEEN_PREV_HIGH_LOW,PERSISTENCE,DOWN_PERSISTENT,1562,333,2.1623674894157277,2.1224808155788017,-1.8445834961985714,-1.9973336302353077,-2.161729694982243,-8.230776383991877,-0.0842851833185966,-0.32763838708576337,-288.7259589236411
CONDITIONAL,1~3%,3~5,BETWEEN_PREV_HIGH_LOW,RETURN_5M,-0.2~-0.05%,1562,498,2.1623674894157277,1.9582016398202535,-9.441773916543658,-1.9973336302353077,-2.018483967689977,-1.0589286203616048,-0.0842851833185966,-0.2074401501258052,-146.11698279362443
CONDITIONAL,1~3%,3~5,BETWEEN_PREV_HIGH_LOW,RETURN_10M,-0.2~0%,1562,375,2.1623674894157277,1.8489668945712128,-14.493401162315653,-1.9973336302353077,-1.9394652336237599,2.897282443731262,-0.0842851833185966,-0.1883999563630561,-123.5267800876785
CONDITIONAL,1~3%,3~5,BETWEEN_PREV_HIGH_LOW,RANGE_10M,0.2~0.5%,1562,1195,2.1623674894157277,2.079043391755615,-3.853373585570638,-1.9973336302353077,-1.988599411778064,0.4372939165008032,-0.0842851833185966,-0.07075955157700153,16.04746078616024
CONDITIONAL,1~3%,3~5,BETWEEN_PREV_HIGH_LOW,NIGHT_RETURN,0.5~1%,1562,350,2.1623674894157277,1.9535800084431951,-9.655504071093251,-1.9973336302353077,-1.87494840459017,6.127430279673373,-0.0842851833185966,-0.1563741339261298,-85.52980223705295
CONDITIONAL,1~3%,3~5,BETWEEN_PREV_HIGH_LOW,DIRECTION,DOWN_MIXED,1562,409,2.1623674894157277,1.963617807836801,-9.191299931753456,-1.9973336302353077,-2.058230431455309,-3.0489048148068667,-0.0842851833185966,-0.23295344341057553,-176.387182466004
CONDITIONAL,1~3%,3~5,BETWEEN_PREV_HIGH_LOW,PERSISTENCE,MIXED,1562,919,2.1623674894157277,2.072633001628041,-4.149825976709119,-1.9973336302353077,-1.9423831898710413,2.751189862947067,-0.0842851833185966,-0.03432328687478002,59.27719971250633
CONDITIONAL,1~3%,3~5,BETWEEN_PREV_HIGH_LOW,RETURN_10M,-0.5~-0.2%,1562,404,2.1623674894157277,2.1525356957119373,-0.4546772808930339,-1.9973336302353077,-2.1043365119016886,-5.357286336473227,-0.0842851833185966,-0.18470841597243193,-119.14695881272179
CONDITIONAL,1~3%,3~5,BETWEEN_PREV_HIGH_LOW,NIGHT_RETURN,0~0.5%,1562,477,2.1623674894157277,2.3058552449404854,6.635678543406525,-1.9973336302353077,-2.0606150608537503,-3.168295454524909,-0.0842851833185966,-0.03224363589824508,61.74459777068447
CONDITIONAL,1~3%,3~5,BETWEEN_PREV_HIGH_LOW,DIRECTION,FLAT_MIXED,1562,100,2.1623674894157277,2.0721651268368277,-4.171463131055148,-1.9973336302353077,-1.6328028650853177,18.250870041528533,-0.0842851833185966,0.4047333715432495,580.1951607714539
CONDITIONAL,1~3%,3~5,BETWEEN_PREV_HIGH_LOW,RETURN_5M,-0.05~0.05%,1562,381,2.1623674894157277,2.015542711324739,-6.790001182022057,-1.9973336302353077,-2.169812064620031,-8.635434349763758,-0.0842851833185966,-0.2988668143376411,-254.58997960285564
CONDITIONAL,1~3%,3~5,BETWEEN_PREV_HIGH_LOW,NIGHT_RETURN,1~2%,1562,190,2.1623674894157277,2.1227393133092,-1.8326291114021107,-1.9973336302353077,-2.0490316259923507,-2.588350537659166,-0.0842851833185966,-0.34565125925737,-310.0972978261363
CONDITIONAL,1~3%,3~5,BETWEEN_PREV_HIGH_LOW,RETURN_10M,0.2~0.5%,1562,275,2.1623674894157277,2.3171428518565733,7.157680791929868,-1.9973336302353077,-1.805494323129347,9.604770289846869,-0.0842851833185966,0.2554326881139489,403.05764080552285
CONDITIONAL,1~3%,3~5,BETWEEN_PREV_HIGH_LOW,DIRECTION,UP_MIXED,1562,423,2.1623674894157277,2.1526644998244953,-0.44872065635125424,-1.9973336302353077,-1.9104469778055448,4.350132151909278,-0.0842851833185966,0.030488013919107437,136.17244777633485
CONDITIONAL,1~3%,3~5,BETWEEN_PREV_HIGH_LOW,RETURN_5M,0.05~0.2%,1562,361,2.1623674894157277,2.2582563214148768,4.43443736869436,-1.9973336302353077,-1.8037050145629867,9.694355151347924,-0.0842851833185966,0.2503128567399942,396.98322633269447
CONDITIONAL,1~3%,3~5,BETWEEN_PREV_HIGH_LOW,RETURN_10M,0~0.2%,1562,421,2.1623674894157277,2.2111483783513917,2.255901884135551,-1.9973336302353077,-2.020615973316959,-1.1656712093166026,-0.0842851833185966,-0.012923853501215868,84.66651789512764
CONDITIONAL,1~3%,3~5,BETWEEN_PREV_HIGH_LOW,NIGHT_RETURN,-1~-0.5%,1562,123,2.1623674894157277,2.267612831774394,4.867134882198199,-1.9973336302353077,-1.9397202219115346,2.8845160093251754,-0.0842851833185966,-0.10460768989736388,-24.11160037695896
CONDITIONAL,1~3%,3~5,BETWEEN_PREV_HIGH_LOW,RANGE_10M,0.5~1%,1562,329,2.1623674894157277,2.368304496560652,9.523682174881777,-1.9973336302353077,-2.073471526052492,-3.811976860781853,-0.0842851833185966,-0.203163293298838,-141.0427139143592
CONDITIONAL,1~3%,3~5,BETWEEN_PREV_HIGH_LOW,NIGHT_RETURN,-2~-1%,1562,59,2.1623674894157277,2.042824218588907,-5.528351282192156,-1.9973336302353077,-2.2390259446244545,-12.100748254094771,-0.0842851833185966,-0.09237608103353306,-9.599430642931644
CONDITIONAL,1~3%,3~5,BETWEEN_PREV_HIGH_LOW,RETURN_5M,-0.5~-0.2%,1562,122,2.1623674894157277,2.054076876189644,-5.0079652860182255,-1.9973336302353077,-1.8398705397562973,7.883664906821779,-0.0842851833185966,-0.06624004569640458,21.409620186719756
CONDITIONAL,1~3%,3~5,BETWEEN_PREV_HIGH_LOW,DIRECTION,UP,1562,297,2.1623674894157277,2.524978543316253,16.769168777990775,-1.9973336302353077,-1.9756348061042772,1.0863895646955168,-0.0842851833185966,0.0651795214435324,177.33212277317458
CONDITIONAL,1~3%,3~5,BETWEEN_PREV_HIGH_LOW,PERSISTENCE,UP_PERSISTENT,1562,297,2.1623674894157277,2.524978543316253,16.769168777990775,-1.9973336302353077,-1.9756348061042772,1.0863895646955168,-0.0842851833185966,0.0651795214435324,177.33212277317458
CONDITIONAL,1~3%,3~5,BETWEEN_PREV_HIGH_LOW,RETURN_5M,0.2~0.5%,1562,188,2.1623674894157277,2.5022678841403683,15.718900528627621,-1.9973336302353077,-2.095054613905723,-4.8925718863954915,-0.0842851833185966,-0.11756124528460596,-39.48032222962179
CONDITIONAL,1~3%,3~5,BETWEEN_PREV_HIGH_LOW,NIGHT_RETURN,-0.5~0%,1562,354,2.1623674894157277,2.042874893884511,-5.5260077723191925,-1.9973336302353077,-1.9831199950560756,0.7116304939779945,-0.0842851833185966,0.010602484725970354,112.57929841107794
CONDITIONAL,1~3%,3~5,BETWEEN_PREV_HIGH_LOW,RETURN_10M,0.5~1%,1562,46,2.1623674894157277,3.376919460193303,56.16769474765585,-1.9973336302353077,-2.0301341804136728,-1.6422168876463952,-0.0842851833185966,-0.31891215160442515,-278.37273296178586
CONDITIONAL,1~3%,3~5,BETWEEN_PREV_HIGH_LOW,RETURN_10M,-1~-0.5%,1562,41,2.1623674894157277,2.224023541954915,2.8513216574416247,-1.9973336302353077,-2.483104416690849,-24.320963663857803,-0.0842851833185966,-0.8905941606868317,-956.6437962416248
CONDITIONAL,0~1%,2~3,BETWEEN_PREV_HIGH_LOW,DIRECTION,DOWN,9869,2025,1.025040761613476,1.0046485775838794,-1.9894022553306183,-0.8694206037039912,-0.9082191455779751,-4.462574467259062,0.028328937885878338,-0.02673566177680097,-194.37580005471506
CONDITIONAL,0~1%,2~3,BETWEEN_PREV_HIGH_LOW,PERSISTENCE,DOWN_PERSISTENT,9869,2025,1.025040761613476,1.0046485775838794,-1.9894022553306183,-0.8694206037039912,-0.9082191455779751,-4.462574467259062,0.028328937885878338,-0.02673566177680097,-194.37580005471506
CONDITIONAL,0~1%,2~3,BETWEEN_PREV_HIGH_LOW,RETURN_5M,-0.2~-0.05%,9869,2745,1.025040761613476,0.9996798298516177,-2.4741388549211094,-0.8694206037039912,-0.8736099495548832,-0.4818549080898441,0.028328937885878338,0.04694821779682058,65.72530176016147
CONDITIONAL,0~1%,2~3,BETWEEN_PREV_HIGH_LOW,RETURN_10M,-0.2~0%,9869,2472,1.025040761613476,0.9826285498559008,-4.137612214641677,-0.8694206037039912,-0.8856562070067047,-1.8674049399732349,0.028328937885878338,0.01804982276527052,-36.28485883239499
CONDITIONAL,0~1%,2~3,BETWEEN_PREV_HIGH_LOW,RANGE_10M,0.2~0.5%,9869,7798,1.025040761613476,0.9968214946795895,-2.752989733741682,-0.8694206037039912,-0.8627841760856247,0.7633161199646417,0.028328937885878338,0.02522278588977056,-10.964590372645633
CONDITIONAL,0~1%,2~3,BETWEEN_PREV_HIGH_LOW,NIGHT_RETURN,0.5~1%,9869,1633,1.025040761613476,1.0065857924523565,-1.8004131984049412,-0.8694206037039912,-0.8638207823326541,0.6440865729981746,0.028328937885878338,-0.016054428274352786,-156.67147966869504
CONDITIONAL,0~1%,2~3,BETWEEN_PREV_HIGH_LOW,DIRECTION,UP_MIXED,9869,2649,1.025040761613476,1.0755508094925046,4.927613590655918,-0.8694206037039912,-0.8979306553205011,-3.2792012858964408,0.028328937885878338,0.023902583749319837,-15.624850301094378
CONDITIONAL,0~1%,2~3,BETWEEN_PREV_HIGH_LOW,PERSISTENCE,MIXED,9869,5595,1.025040761613476,1.0691944217755258,4.307502863842143,-0.8694206037039912,-0.8831943867809987,-1.584248523479553,0.028328937885878338,0.043577103212464566,53.825404213926674
CONDITIONAL,0~1%,2~3,BETWEEN_PREV_HIGH_LOW,RETURN_5M,-0.05~0.05%,9869,2250,1.025040761613476,1.0945313659926839,6.779301563561768,-0.8694206037039912,-0.9067509563080837,-4.293704617196097,0.028328937885878338,-0.006339657379277691,-122.37873302845547
CONDITIONAL,0~1%,2~3,BETWEEN_PREV_HIGH_LOW,NIGHT_RETURN,-1~-0.5%,9869,1152,1.025040761613476,1.0105279654931387,-1.4158262445576577,-0.8694206037039912,-0.838430707314099,3.5644308701526093,0.028328937885878338,0.05110544316346323,80.40013843561262
CONDITIONAL,0~1%,2~3,BETWEEN_PREV_HIGH_LOW,RETURN_5M,0.05~0.2%,9869,2729,1.025040761613476,1.0019490231884483,-2.2527629426833693,-0.8694206037039912,-0.8216279906687838,5.497064692462617,0.028328937885878338,0.04709911978762429,66.25797965797608
CONDITIONAL,0~1%,2~3,BETWEEN_PREV_HIGH_LOW,RETURN_10M,0~0.2%,9869,2627,1.025040761613476,1.0340881154601473,0.8826335679012651,-0.8694206037039912,-0.8375524880665749,3.665442882495381,0.028328937885878338,0.027172857741218522,-4.08091595003323
CONDITIONAL,0~1%,2~3,BETWEEN_PREV_HIGH_LOW,NIGHT_RETURN,0~0.5%,9869,3126,1.025040761613476,1.0388775338230831,1.349875314990127,-0.8694206037039912,-0.847054965000887,2.5724762684274984,0.028328937885878338,0.08380865194179318,195.8411370006599
CONDITIONAL,0~1%,2~3,BETWEEN_PREV_HIGH_LOW,RANGE_10M,0.5~1%,9869,1894,1.025040761613476,1.1302557784921972,10.264471503855745,-0.8694206037039912,-0.8919773298555118,-2.594454980181309,0.028328937885878338,0.028861032069410562,1.8782708539082489
CONDITIONAL,0~1%,2~3,BETWEEN_PREV_HIGH_LOW,DIRECTION,DOWN_MIXED,9869,2429,1.025040761613476,1.0205500709945508,-0.43809873588408776,-0.8694206037039912,-0.8778139602503541,-0.9653965538204017,0.028328937885878338,0.058342481440997365,105.94658958280412
CONDITIONAL,0~1%,2~3,BETWEEN_PREV_HIGH_LOW,NIGHT_RETURN,-2~-1%,9869,683,1.025040761613476,1.1311819696350072,10.35482802210309,-0.8694206037039912,-1.0452390230284205,-20.222481337041057,0.028328937885878338,-0.0211830365022152,-174.77525838614199
CONDITIONAL,0~1%,2~3,BETWEEN_PREV_HIGH_LOW,RETURN_10M,-0.5~-0.2%,9869,2284,1.025040761613476,1.042356713178263,1.689293949396762,-0.8694206037039912,-0.9168743758521167,-5.4580915089840625,0.028328937885878338,-0.0010947885452027189,-103.8645590936484
CONDITIONAL,0~1%,2~3,BETWEEN_PREV_HIGH_LOW,DIRECTION,FLAT_MIXED,9869,576,1.025040761613476,1.220521298842289,19.070513539492314,-0.8694206037039912,-0.845343833199439,2.7692891567071256,0.028328937885878338,0.027192578636773847,-4.011301989796634
CONDITIONAL,0~1%,2~3,BETWEEN_PREV_HIGH_LOW,NIGHT_RETURN,1~2%,9869,757,1.025040761613476,1.0999184254107945,7.3048474364528255,-0.8694206037039912,-0.8900871388574927,-2.377046859190577,0.028328937885878338,0.02322767799059849,-18.007240214334928
CONDITIONAL,0~1%,2~3,BETWEEN_PREV_HIGH_LOW,RETURN_5M,-0.5~-0.2%,9869,896,1.025040761613476,1.025389826249454,0.034053732207547455,-0.8694206037039912,-0.8617711792185687,0.8798301366258938,0.028328937885878338,0.024735724804012444,-12.68389622068066
CONDITIONAL,0~1%,2~3,BETWEEN_PREV_HIGH_LOW,RETURN_10M,0.2~0.5%,9869,2098,1.025040761613476,0.9619653186804386,-6.15345704240609,-0.8694206037039912,-0.8164653123378255,6.090871453995958,0.028328937885878338,0.06122762322670598,116.13102289029788
CONDITIONAL,0~1%,2~3,BETWEEN_PREV_HIGH_LOW,DIRECTION,UP,9869,2190,1.025040761613476,0.9363668592837685,-8.650768403602745,-0.8694206037039912,-0.7960829702485125,8.435230674662932,0.028328937885878338,0.05160878814011053,82.17692575702578
CONDITIONAL,0~1%,2~3,BETWEEN_PREV_HIGH_LOW,PERSISTENCE,UP_PERSISTENT,9869,2190,1.025040761613476,0.9363668592837685,-8.650768403602745,-0.8694206037039912,-0.7960829702485125,8.435230674662932,0.028328937885878338,0.05160878814011053,82.17692575702578
CONDITIONAL,0~1%,2~3,BETWEEN_PREV_HIGH_LOW,RETURN_5M,0.2~0.5%,9869,1180,1.025040761613476,1.0180664359184926,-0.6803949614652839,-0.8694206037039912,-0.8815972291792612,-1.400544848304023,0.028328937885878338,0.01029413450940033,-63.662123335263345
CONDITIONAL,0~1%,2~3,BETWEEN_PREV_HIGH_LOW,RANGE_10M,0.1~0.2%,9869,120,1.025040761613476,0.8448689678327845,-17.57703698505513,-0.8694206037039912,-0.6752917443474279,22.328532189082757,0.028328937885878338,0.0889936890136353,214.1441072451843
CONDITIONAL,0~1%,2~3,BETWEEN_PREV_HIGH_LOW,NIGHT_RETURN,-0.5~0%,9869,2478,1.025040761613476,0.9705565820124606,-5.315318340633985,-0.8694206037039912,-0.8412517505958218,3.2399569308757683,0.028328937885878338,-0.003949625015236138,-113.94201586782746
CONDITIONAL,0~1%,2~3,BETWEEN_PREV_HIGH_LOW,RETURN_10M,0.5~1%,9869,269,1.025040761613476,1.5794434564369642,54.085916929861874,-0.8694206037039912,-0.9588757762735276,-10.289055974568656,0.028328937885878338,0.0941902009438354,232.4875832735973
CONDITIONAL,0~1%,2~3,BETWEEN_PREV_HIGH_LOW,RANGE_10M,1~2%,9869,53,1.025040761613476,1.8940296899437896,84.77603631707997,-0.8694206037039912,-1.5057221567643133,-73.18684999521378,0.028328937885878338,0.3653859634507939,1189.7976088010512
CONDITIONAL,0~1%,2~3,BETWEEN_PREV_HIGH_LOW,NIGHT_RETURN,<-2%,9869,32,1.025040761613476,1.0539685426779384,2.822110314806242,-0.8694206037039912,-2.3711134865957284,-172.72340642654171,0.028328937885878338,-0.7347387386166099,-2693.597901822041
CONDITIONAL,0~1%,2~3,BETWEEN_PREV_HIGH_LOW,RETURN_5M,>=0.5%,9869,62,1.025040761613476,0.7643297186369081,-25.43421225183211,-0.8694206037039912,-1.0022227800354038,-15.274790563466711,0.028328937885878338,0.14150371380900223,399.50236178653296
CONDITIONAL,0~1%,2~3,BETWEEN_PREV_HIGH_LOW,RETURN_10M,-1~-0.5%,9869,111,1.025040761613476,1.2020165496178734,17.265243942672758,-0.8694206037039912,-1.054420725207445,-21.27855271836186,0.028328937885878338,0.1431268655956595,405.23202166010844
CONDITIONAL,0~1%,2~3,BETWEEN_PREV_HIGH_LOW,PERSISTENCE,FLAT_PERSISTENT,9869,59,1.025040761613476,0.8292829676355069,-19.097561902790535,-0.8694206037039912,-0.9537943944969632,-9.704599871858855,0.028328937885878338,-0.3918497526580901,-1483.2137097290288
CONDITIONAL,>=5%,>=10,ABOVE_PREV_HIGH,DIRECTION,DOWN,5842,2669,2.6545056949958683,1.4014887371103553,-47.203400627379835,-3.7328077092880405,-3.8001229001120707,-1.8033393645361173,-0.7166394199164329,-1.416855303570147,-97.70825664814338
CONDITIONAL,>=5%,>=10,ABOVE_PREV_HIGH,PERSISTENCE,DOWN_PERSISTENT,5842,2669,2.6545056949958683,1.4014887371103553,-47.203400627379835,-3.7328077092880405,-3.8001229001120707,-1.8033393645361173,-0.7166394199164329,-1.416855303570147,-97.70825664814338
CONDITIONAL,>=5%,>=10,ABOVE_PREV_HIGH,RETURN_5M,-0.2~-0.05%,5842,862,2.6545056949958683,3.6603288595267354,37.8911661944064,-3.7328077092880405,-4.495415244699492,-20.429863920231348,-0.7166394199164329,-0.6919905375539743,3.439509700057087
CONDITIONAL,>=5%,>=10,ABOVE_PREV_HIGH,RETURN_10M,-0.2~0%,5842,683,2.6545056949958683,3.8599468979103975,45.41113643820626,-3.7328077092880405,-4.757287535257713,-27.445287991142504,-0.7166394199164329,-0.5913011720302566,17.489722781478022
CONDITIONAL,>=5%,>=10,ABOVE_PREV_HIGH,RANGE_10M,0.2~0.5%,5842,2291,2.6545056949958683,3.8380549465484575,44.586427287903454,-3.7328077092880405,-4.602525676507039,-23.29929733736217,-0.7166394199164329,-0.7218060787433318,-0.7209565484831146
CONDITIONAL,>=5%,>=10,ABOVE_PREV_HIGH,NIGHT_RETURN,0.5~1%,5842,491,2.6545056949958683,3.4235287351999864,28.970479952400897,-3.7328077092880405,-4.703493550888384,-26.004174798103445,-0.7166394199164329,-1.1945749347145258,-66.69121199805403
CONDITIONAL,>=5%,>=10,ABOVE_PREV_HIGH,DIRECTION,UP_MIXED,5842,775,2.6545056949958683,3.619518017159471,36.353748420385465,-3.7328077092880405,-4.689117340500414,-25.619043510676065,-0.7166394199164329,-1.0472319496590115,-46.13094403614148
CONDITIONAL,>=5%,>=10,ABOVE_PREV_HIGH,PERSISTENCE,MIXED,5842,1674,2.6545056949958683,3.625004781303852,36.56044468608662,-3.7328077092880405,-4.5480790532647255,-21.840700284349282,-0.7166394199164329,-0.8316473547330804,-16.048228944768145
CONDITIONAL,>=5%,>=10,ABOVE_PREV_HIGH,RETURN_5M,-0.05~0.05%,5842,682,2.6545056949958683,3.770138935503908,42.02790909852526,-3.7328077092880405,-4.57750889525343,-22.62911062532337,-0.7166394199164329,-0.7889833117767713,-10.094880333093371
CONDITIONAL,>=5%,>=10,ABOVE_PREV_HIGH,NIGHT_RETURN,-1~-0.5%,5842,223,2.6545056949958683,4.043606126629381,52.32990964201624,-3.7328077092880405,-4.897219555026019,-31.193994880600663,-0.7166394199164329,-0.9966538772380539,-39.073270258322296
CONDITIONAL,>=5%,>=10,ABOVE_PREV_HIGH,RETURN_5M,0.05~0.2%,5842,615,2.6545056949958683,4.120160973598524,55.213868305712445,-3.7328077092880405,-4.7662472369989075,-27.685313795817656,-0.7166394199164329,-0.7630153326793986,-6.47130362552113
CONDITIONAL,>=5%,>=10,ABOVE_PREV_HIGH,RETURN_10M,0~0.2%,5842,784,2.6545056949958683,3.8013024070114607,43.20189307476236,-3.7328077092880405,-4.796771006124552,-28.5030298825503,-0.7166394199164329,-1.1471396271843193,-60.07208022663433
CONDITIONAL,>=5%,>=10,ABOVE_PREV_HIGH,NIGHT_RETURN,0~0.5%,5842,1043,2.6545056949958683,3.928823698730212,48.00584930507475,-3.7328077092880405,-4.598042017963113,-23.179182429413142,-0.7166394199164329,-0.5640599563103195,21.290967167826974
CONDITIONAL,>=5%,>=10,ABOVE_PREV_HIGH,RANGE_10M,0.5~1%,5842,2590,2.6545056949958683,1.2656529310126028,-52.32057955654253,-3.7328077092880405,-3.7320376638082644,0.020629122626918697,-0.7166394199164329,-1.5125937418783908,-111.06761641088261
CONDITIONAL,>=5%,>=10,ABOVE_PREV_HIGH,DIRECTION,DOWN_MIXED,5842,813,2.6545056949958683,3.547277848848876,33.63233145575893,-3.7328077092880405,-4.522862770555324,-21.165169030846524,-0.7166394199164329,-0.7956092761821395,-11.019468657601236
CONDITIONAL,>=5%,>=10,ABOVE_PREV_HIGH,NIGHT_RETURN,-2~-1%,5842,165,2.6545056949958683,4.009394933661112,51.0411125212279,-3.7328077092880405,-4.227997361532752,-13.265876273577446,-0.7166394199164329,-0.40057452012078565,44.10375580965159
CONDITIONAL,>=5%,>=10,ABOVE_PREV_HIGH,RETURN_10M,-0.5~-0.2%,5842,2708,2.6545056949958683,1.402794043548888,-47.15422738804592,-3.7328077092880405,-3.816613442015951,-2.2451125065827457,-0.7166394199164329,-1.470390358388864,-105.178548308203
CONDITIONAL,>=5%,>=10,ABOVE_PREV_HIGH,DIRECTION,FLAT_MIXED,5842,97,2.6545056949958683,4.425059171020152,66.6999313417197,-3.7328077092880405,-3.8152386027440652,-2.2082812691079337,-0.7166394199164329,0.5142250401135287,171.75505921422695
CONDITIONAL,>=5%,>=10,ABOVE_PREV_HIGH,NIGHT_RETURN,1~2%,5842,301,2.6545056949958683,3.126988189972843,17.79926469427711,-3.7328077092880405,-4.025745781940085,-7.847660406485725,-0.7166394199164329,-0.8795761308719036,-22.736219419030938
CONDITIONAL,>=5%,>=10,ABOVE_PREV_HIGH,RETURN_10M,0.2~0.5%,5842,1491,2.6545056949958683,3.757452365072045,41.549983191047296,-3.7328077092880405,-2.5827278115312304,30.810049360302173,-0.7166394199164329,0.7833367290143037,209.30695510800237
CONDITIONAL,>=5%,>=10,ABOVE_PREV_HIGH,RETURN_5M,-0.5~-0.2%,5842,2340,2.6545056949958683,1.0195222420438335,-61.592764936772134,-3.7328077092880405,-3.6758877718929592,1.5248558679690905,-0.7166394199164329,-1.5438811951722504,-115.43347355247107
CONDITIONAL,>=5%,>=10,ABOVE_PREV_HIGH,DIRECTION,UP,5842,1488,2.6545056949958683,3.796206140333746,43.009907550401955,-3.7328077092880405,-2.6769510090363937,28.285858326547192,-0.7166394199164329,0.6744184057175546,194.10847170480773
CONDITIONAL,>=5%,>=10,ABOVE_PREV_HIGH,PERSISTENCE,UP_PERSISTENT,5842,1488,2.6545056949958683,3.796206140333746,43.009907550401955,-3.7328077092880405,-2.6769510090363937,28.285858326547192,-0.7166394199164329,0.6744184057175546,194.10847170480773
CONDITIONAL,>=5%,>=10,ABOVE_PREV_HIGH,RETURN_5M,0.2~0.5%,5842,430,2.6545056949958683,3.654648115830826,37.677162370394335,-3.7328077092880405,-4.365404961801557,-16.946955262106773,-0.7166394199164329,-0.9034476064853654,-26.06724963451161
CONDITIONAL,>=5%,>=10,ABOVE_PREV_HIGH,RANGE_10M,0.1~0.2%,5842,38,2.6545056949958683,3.4871362805323662,31.366690495564896,-3.7328077092880405,-3.7346224996606474,-0.048617301343739344,-0.7166394199164329,-0.221955806566575,69.02824483302116
CONDITIONAL,>=5%,>=10,ABOVE_PREV_HIGH,NIGHT_RETURN,-0.5~0%,5842,650,2.6545056949958683,3.9013090764066622,46.969324035024705,-3.7328077092880405,-4.636309452431508,-24.204347330706533,-0.7166394199164329,-0.7175018440086651,-0.12034282070791155
CONDITIONAL,>=5%,>=10,ABOVE_PREV_HIGH,RETURN_10M,0.5~1%,5842,98,2.6545056949958683,2.9571364201320973,11.40064328009287,-3.7328077092880405,-3.4095273234463264,8.660515381955571,-0.7166394199164329,-0.5700233998135097,20.45882713513304
CONDITIONAL,>=5%,>=10,ABOVE_PREV_HIGH,RANGE_10M,1~2%,5842,922,2.6545056949958683,3.5809427560615275,34.900549010391224,-3.7328077092880405,-1.5722458728194306,57.88034114622782,-0.7166394199164329,1.516566986070329,311.6220436558144
CONDITIONAL,>=5%,>=10,ABOVE_PREV_HIGH,NIGHT_RETURN,<-2%,5842,40,2.6545056949958683,2.177480577325478,-17.9703934547834,-3.7328077092880405,-3.9274271844140154,-5.213755711062189,-0.7166394199164329,-0.700930436885086,2.1920344590001264
CONDITIONAL,>=5%,>=10,ABOVE_PREV_HIGH,RETURN_5M,>=0.5%,5842,888,2.6545056949958683,3.654401089314265,37.667856437578784,-3.7328077092880405,-1.4554926475364665,61.00810004450852,-0.7166394199164329,1.6256079772502476,326.8376441585936
CONDITIONAL,>=5%,>=10,ABOVE_PREV_HIGH,NIGHT_RETURN,>=2%,5842,2929,2.6545056949958683,1.5709998788581154,-40.817611285608464,-3.7328077092880405,-2.912168740933529,21.98449618266118,-0.7166394199164329,-0.6706187169197022,6.421737587655605
CONDITIONAL,>=5%,>=10,ABOVE_PREV_HIGH,RETURN_10M,-1~-0.5%,5842,77,2.6545056949958683,2.5716803753056396,-3.120178639901452,-3.7328077092880405,-3.5577845728735724,4.6887798688095375,-0.7166394199164329,-0.16601752953438886,76.83388257462195
CONDITIONAL,-1~0%,3~5,BETWEEN_PREV_HIGH_LOW,DIRECTION,DOWN,5255,998,0.9321616873123701,0.8828544551055714,-5.289557903732614,-0.6382378333639409,-0.6650430438084355,-4.199878014628679,0.14181318128906792,0.05267930405075843,-62.853027079775856
CONDITIONAL,-1~0%,3~5,BETWEEN_PREV_HIGH_LOW,PERSISTENCE,DOWN_PERSISTENT,5255,998,0.9321616873123701,0.8828544551055714,-5.289557903732614,-0.6382378333639409,-0.6650430438084355,-4.199878014628679,0.14181318128906792,0.05267930405075843,-62.853027079775856
CONDITIONAL,-1~0%,3~5,BETWEEN_PREV_HIGH_LOW,RETURN_5M,-0.2~-0.05%,5255,1375,0.9321616873123701,0.8995992202500438,-3.493220919238936,-0.6382378333639409,-0.6539004343810769,-2.4540383221382562,0.14181318128906792,0.11760887531681131,-17.06774063753583
CONDITIONAL,-1~0%,3~5,BETWEEN_PREV_HIGH_LOW,RETURN_10M,-0.2~0%,5255,1398,0.9321616873123701,0.8812179834541143,-5.465114534490032,-0.6382378333639409,-0.6547011075088021,-2.579488912164399,0.14181318128906792,0.10715392249997685,-24.44008270179246
CONDITIONAL,-1~0%,3~5,BETWEEN_PREV_HIGH_LOW,RANGE_10M,0.2~0.5%,5255,4211,0.9321616873123701,0.8917179665352624,-4.3387023225247585,-0.6382378333639409,-0.6304807180805084,1.215395715817611,0.14181318128906792,0.12204343408620857,-13.940697911967195
CONDITIONAL,-1~0%,3~5,BETWEEN_PREV_HIGH_LOW,NIGHT_RETURN,0.5~1%,5255,688,0.9321616873123701,0.9869174507660378,5.87406285829454,-0.6382378333639409,-0.4943216910842565,22.5489832718236,0.14181318128906792,0.26520318654432745,87.00884088041498
CONDITIONAL,-1~0%,3~5,BETWEEN_PREV_HIGH_LOW,DIRECTION,UP_MIXED,5255,1367,0.9321616873123701,0.9498647024109959,1.899135669227883,-0.6382378333639409,-0.6800013847579608,-6.543571880391043,0.14181318128906792,0.12540469517331967,-11.570494340932708
CONDITIONAL,-1~0%,3~5,BETWEEN_PREV_HIGH_LOW,PERSISTENCE,MIXED,5255,3104,0.9321616873123701,0.9150806506756279,-1.8324113583761035,-0.6382378333639409,-0.6684022522228377,-4.726203506287,0.14181318128906792,0.1270519558688653,-10.408923406149215
CONDITIONAL,-1~0%,3~5,BETWEEN_PREV_HIGH_LOW,RETURN_5M,-0.05~0.05%,5255,1303,0.9321616873123701,0.8810468029477496,-5.483478355777111,-0.6382378333639409,-0.7370854676734561,-15.487586153976787,0.14181318128906792,0.028259049400776587,-80.07304459013993
CONDITIONAL,-1~0%,3~5,BETWEEN_PREV_HIGH_LOW,NIGHT_RETURN,-1~-0.5%,5255,704,0.9321616873123701,0.9741380082066279,4.5031158720205315,-0.6382378333639409,-0.6181201807502261,3.1520620624573885,0.14181318128906792,0.12960772635405796,-8.606714005047749
CONDITIONAL,-1~0%,3~5,BETWEEN_PREV_HIGH_LOW,RETURN_5M,0.05~0.2%,5255,1448,0.9321616873123701,0.9653189170586166,3.557025588752327,-0.6382378333639409,-0.554299272365896,13.151611610930743,0.14181318128906792,0.21401736265885357,50.91500008211981
CONDITIONAL,-1~0%,3~5,BETWEEN_PREV_HIGH_LOW,RETURN_10M,0~0.2%,5255,1378,0.9321616873123701,0.9564455582946265,2.6051136098794387,-0.6382378333639409,-0.6210432424474404,2.6940726509228607,0.14181318128906792,0.17745227920158582,25.13101926672965
CONDITIONAL,-1~0%,3~5,BETWEEN_PREV_HIGH_LOW,NIGHT_RETURN,0~0.5%,5255,1564,0.9321616873123701,0.9069721389356581,-2.7022724404538807,-0.6382378333639409,-0.6339794009295755,0.6672171738739805,0.14181318128906792,0.12333292578719815,-13.031408881661111
CONDITIONAL,-1~0%,3~5,BETWEEN_PREV_HIGH_LOW,RANGE_10M,0.5~1%,5255,922,0.9321616873123701,1.1050429400367856,18.54627314955098,-0.6382378333639409,-0.6692233085333541,-4.854847762016705,0.14181318128906792,0.22812554222779324,60.86342620210225
CONDITIONAL,-1~0%,3~5,BETWEEN_PREV_HIGH_LOW,DIRECTION,DOWN_MIXED,5255,1442,0.9321616873123701,0.8375313371856227,-10.151709881961343,-0.6382378333639409,-0.6808712626080128,-6.67986556349459,0.14181318128906792,0.09811843391434959,-30.811485207184102
CONDITIONAL,-1~0%,3~5,BETWEEN_PREV_HIGH_LOW,NIGHT_RETURN,-2~-1%,5255,607,0.9321616873123701,0.8144935482019416,-12.623146897368414,-0.6382378333639409,-0.8124696021388996,-27.29887820291702,0.14181318128906792,0.017789531361681973,-87.45565736557288
CONDITIONAL,-1~0%,3~5,BETWEEN_PREV_HIGH_LOW,RETURN_10M,-0.5~-0.2%,5255,1194,0.9321616873123701,0.8566912568356848,-8.096281096285281,-0.6382378333639409,-0.682798989040669,-6.981904448042667,0.14181318128906792,0.036719222061404384,-74.10732787486309
CONDITIONAL,-1~0%,3~5,BETWEEN_PREV_HIGH_LOW,DIRECTION,FLAT_MIXED,5255,317,0.9321616873123701,1.163973578103928,24.868206229320922,-0.6382378333639409,-0.5506484230303123,13.7236318116671,0.14181318128906792,0.29617831670544803,108.8510489738797
CONDITIONAL,-1~0%,3~5,BETWEEN_PREV_HIGH_LOW,NIGHT_RETURN,1~2%,5255,284,0.9321616873123701,0.9996439287130636,7.2393279319663755,-0.6382378333639409,-0.6458772798196246,-1.1969591986452304,0.14181318128906792,0.15694392847454497,10.66949281296706
CONDITIONAL,-1~0%,3~5,BETWEEN_PREV_HIGH_LOW,RETURN_5M,-0.5~-0.2%,5255,492,0.9321616873123701,0.9812165735085357,5.262486847920318,-0.6382378333639409,-0.5477584754376105,14.17643285880494,0.14181318128906792,0.23246278446087035,63.92184587342757
CONDITIONAL,-1~0%,3~5,BETWEEN_PREV_HIGH_LOW,RETURN_10M,0.2~0.5%,5255,1085,0.9321616873123701,1.0363835279304168,11.180661256154114,-0.6382378333639409,-0.5424386623073809,15.009948650589106,0.14181318128906792,0.2816149514590693,98.5816472765204
CONDITIONAL,-1~0%,3~5,BETWEEN_PREV_HIGH_LOW,DIRECTION,UP,5255,1131,0.9321616873123701,1.0099523076522634,8.345185325539493,-0.6382378333639409,-0.5342997814864652,16.285159926927644,0.14181318128906792,0.2527416408747578,78.22154370796922
CONDITIONAL,-1~0%,3~5,BETWEEN_PREV_HIGH_LOW,PERSISTENCE,UP_PERSISTENT,5255,1131,0.9321616873123701,1.0099523076522634,8.345185325539493,-0.6382378333639409,-0.5342997814864652,16.285159926927644,0.14181318128906792,0.2527416408747578,78.22154370796922
CONDITIONAL,-1~0%,3~5,BETWEEN_PREV_HIGH_LOW,RETURN_5M,0.2~0.5%,5255,603,0.9321616873123701,1.015929089973274,8.986359748642316,-0.6382378333639409,-0.6524269255897793,-2.223166895489789,0.14181318128906792,0.21258131670649455,49.90236787169656
CONDITIONAL,-1~0%,3~5,BETWEEN_PREV_HIGH_LOW,RANGE_10M,0.1~0.2%,5255,66,0.9321616873123701,1.100931538862387,18.105212201610428,-0.6382378333639409,-0.45989751070899176,27.94261219441915,0.14181318128906792,0.3335036406656335,135.17111571302334
CONDITIONAL,-1~0%,3~5,BETWEEN_PREV_HIGH_LOW,NIGHT_RETURN,-0.5~0%,5255,1353,0.9321616873123701,0.9544165205480574,2.3874434594981975,-0.6382378333639409,-0.6041328218653722,5.343621094790393,0.14181318128906792,0.19426098562762795,36.98373018771219
CONDITIONAL,-1~0%,3~5,BETWEEN_PREV_HIGH_LOW,RETURN_10M,0.5~1%,5255,131,0.9321616873123701,0.9429093255604646,1.1529800456702177,-0.6382378333639409,-0.9000386353530114,-41.01931729888291,0.14181318128906792,-0.11650164053768572,-182.1514893599433
CONDITIONAL,-1~0%,3~5,BETWEEN_PREV_HIGH_LOW,RANGE_10M,1~2%,5255,54,0.9321616873123701,0.9542370957267778,2.3681952085003637,-0.6382378333639409,-0.950241677570979,-48.885200453029995,0.14181318128906792,-0.024219584131514548,-117.07851407842409
CONDITIONAL,-1~0%,3~5,BETWEEN_PREV_HIGH_LOW,NIGHT_RETURN,<-2%,5255,54,0.9321616873123701,0.8427243281153848,-9.594618660508694,-0.6382378333639409,-1.7251147520109134,-170.29340189979072,0.14181318128906792,-0.7328424950068451,-616.766134392712
CONDITIONAL,-1~0%,3~5,BETWEEN_PREV_HIGH_LOW,RETURN_10M,-1~-0.5%,5255,49,0.9321616873123701,1.3833981765809922,48.4075343806113,-0.6382378333639409,-0.6629746602201072,-3.8758007694070167,0.14181318128906792,0.701932037754701,394.96953059948845
CONDITIONAL,>=5%,1~2,BETWEEN_PREV_HIGH_LOW,RETURN_5M,-0.2~-0.05%,129,33,1.565096526846833,0.340909090909091,-78.21801498749005,-7.8694122827969775,-8.093590705819812,-2.8487314549893727,-3.846468752059508,-5.722258334487439,-48.766536356848874
CONDITIONAL,>=5%,1~2,BETWEEN_PREV_HIGH_LOW,RETURN_10M,-0.2~0%,129,35,1.565096526846833,0.5939849624060153,-62.04803012356661,-7.8694122827969775,-8.588582801541673,-9.138808501834966,-3.846468752059508,-4.764856819920952,-23.876134893068166
CONDITIONAL,>=5%,1~2,BETWEEN_PREV_HIGH_LOW,RANGE_10M,0.2~0.5%,129,98,1.565096526846833,1.3464890968918897,-13.967664371178895,-7.8694122827969775,-7.773438949514643,1.2195743447339478,-3.846468752059508,-3.940408870315046,-2.442243114681225
CONDITIONAL,>=5%,1~2,BETWEEN_PREV_HIGH_LOW,DIRECTION,DOWN_MIXED,129,34,1.565096526846833,0.8442982456140351,-46.05455758597682,-7.8694122827969775,-7.984235747962761,-1.459111062420694,-3.846468752059508,-4.940904380327986,-28.45299673063732
CONDITIONAL,>=5%,1~2,BETWEEN_PREV_HIGH_LOW,PERSISTENCE,MIXED,129,77,1.565096526846833,1.0550863088457074,-32.58650244586719,-7.8694122827969775,-8.196189959237284,-4.152504211205995,-3.846468752059508,-4.372740324199857,-13.681940659431282
CONDITIONAL,>=5%,1~2,BETWEEN_PREV_HIGH_LOW,NIGHT_RETURN,0~0.5%,129,39,1.565096526846833,0.3981106612685558,-74.56318799258848,-7.8694122827969775,-8.249655687736187,-4.831916174609951,-3.846468752059508,-5.421377727879277,-40.944281036379635
CONDITIONAL,>=5%,1~2,BETWEEN_PREV_HIGH_LOW,RETURN_5M,0.05~0.2%,129,37,1.565096526846833,1.7001964370385423,8.632049709029266,-7.8694122827969775,-7.190689694559668,8.62481928569226,-3.846468752059508,-2.9113025010857854,24.312331940120615
CONDITIONAL,>=5%,1~2,BETWEEN_PREV_HIGH_LOW,DIRECTION,UP_MIXED,129,36,1.565096526846833,1.3204307063956187,-15.632634553482621,-7.8694122827969775,-8.407180123511395,-6.833646800918178,-3.846468752059508,-3.7439356834351685,2.665641533404898
CONDITIONAL,>=5%,1~2,BETWEEN_PREV_HIGH_LOW,RETURN_10M,0~0.2%,129,35,1.565096526846833,1.9152643513545773,22.37356089551997,-7.8694122827969775,-8.265869505697019,-5.0379521195848564,-3.846468752059508,-3.488960496479295,9.294453656715467
CONDITIONAL,<-5%,>=10,BELOW_PREV_LOW,DIRECTION,DOWN,5485,330,4.273744616906853,3.653205146969615,-14.519806997413836,-2.3191937445212987,-3.0577549771301253,-31.84560299688425,0.730448013391282,0.057000927356530125,-92.19644296219117
CONDITIONAL,<-5%,>=10,BELOW_PREV_LOW,PERSISTENCE,DOWN_PERSISTENT,5485,330,4.273744616906853,3.653205146969615,-14.519806997413836,-2.3191937445212987,-3.0577549771301253,-31.84560299688425,0.730448013391282,0.057000927356530125,-92.19644296219117
CONDITIONAL,<-5%,>=10,BELOW_PREV_LOW,RETURN_5M,-0.2~-0.05%,5485,535,4.273744616906853,3.633755103985507,-14.97491240795156,-2.3191937445212987,-3.104704784620426,-33.87000512375318,0.730448013391282,-0.1100285928997509,-115.06316546593322
CONDITIONAL,<-5%,>=10,BELOW_PREV_LOW,RETURN_10M,-0.2~0%,5485,3057,4.273744616906853,4.749214167639729,11.125361792839167,-2.3191937445212987,-2.367198875099744,-2.069906004698797,0.730448013391282,0.5957685722583399,-18.437922845139944
CONDITIONAL,<-5%,>=10,BELOW_PREV_LOW,RANGE_10M,0.2~0.5%,5485,1667,4.273744616906853,3.767148455218849,-11.853683528115354,-2.3191937445212987,-2.7185286294094393,-17.218694463604063,0.730448013391282,0.3176105595181607,-56.51838957798287
CONDITIONAL,<-5%,>=10,BELOW_PREV_LOW,NIGHT_RETURN,0.5~1%,5485,172,4.273744616906853,3.78842368683031,-11.355871105555138,-2.3191937445212987,-2.6697911192104313,-15.117209397332992,0.730448013391282,0.4200411835913443,-42.49540338384914
CONDITIONAL,<-5%,>=10,BELOW_PREV_LOW,DIRECTION,UP_MIXED,5485,675,4.273744616906853,3.2670569727227776,-23.55516612297418,-2.3191937445212987,-3.085074298030526,-33.02356930370695,0.730448013391282,-0.13741456961215454,-118.81236817582324
CONDITIONAL,<-5%,>=10,BELOW_PREV_LOW,PERSISTENCE,MIXED,5485,4326,4.273744616906853,4.390221631873576,2.7254088722555347,-2.3191937445212987,-2.370168406375143,-2.1979475399268917,0.730448013391282,0.6660913374807295,-8.810575801522278
CONDITIONAL,<-5%,>=10,BELOW_PREV_LOW,RETURN_5M,-0.05~0.05%,5485,825,4.273744616906853,3.2741152347170286,-23.390012080630875,-2.3191937445212987,-2.7652796994115567,-19.23452734141166,0.730448013391282,0.05224734569469831,-92.84721913991834
CONDITIONAL,<-5%,>=10,BELOW_PREV_LOW,NIGHT_RETURN,-1~-0.5%,5485,209,4.273744616906853,2.9426439997297935,-31.146002779652555,-2.3191937445212987,-2.3822508939128015,-2.7189254688386715,0.730448013391282,0.18181193778682947,-75.10953080114169
CONDITIONAL,<-5%,>=10,BELOW_PREV_LOW,RETURN_5M,0.05~0.2%,5485,2927,4.273744616906853,4.7374758574724165,10.85070078195714,-2.3191937445212987,-2.308210058055526,0.4735993485546315,0.730448013391282,0.5837265779243578,-20.08649935068402
CONDITIONAL,<-5%,>=10,BELOW_PREV_LOW,RETURN_10M,0~0.2%,5485,484,4.273744616906853,3.8045093172793036,-10.979488520939313,-2.3191937445212987,-2.925658992797331,-26.149831151826074,0.730448013391282,-0.03295506068419672,-104.51162301492134
CONDITIONAL,<-5%,>=10,BELOW_PREV_LOW,NIGHT_RETURN,0~0.5%,5485,918,4.273744616906853,3.7006328433285973,-13.410061315106118,-2.3191937445212987,-2.6379431297939373,-13.743974000690107,0.730448013391282,0.3225518450222114,-55.84191631589409
CONDITIONAL,<-5%,>=10,BELOW_PREV_LOW,RANGE_10M,0.5~1%,5485,400,4.273744616906853,2.953111101214891,-30.901086379086877,-2.3191937445212987,-3.242871401063361,-39.82753311249195,0.730448013391282,-0.20791316212639996,-128.46378637695415
CONDITIONAL,<-5%,>=10,BELOW_PREV_LOW,DIRECTION,DOWN_MIXED,5485,3626,4.273744616906853,4.597940932946498,7.585767169080021,-2.3191937445212987,-2.2306829363456315,3.816447348771913,0.730448013391282,0.8186834457364202,12.079632051497246
CONDITIONAL,<-5%,>=10,BELOW_PREV_LOW,NIGHT_RETURN,-2~-1%,5485,240,4.273744616906853,3.532442181347042,-17.345501474918105,-2.3191937445212987,-2.6255018833047017,-13.207526947975087,0.730448013391282,0.4485845447312164,-38.587752104553765
CONDITIONAL,<-5%,>=10,BELOW_PREV_LOW,RETURN_10M,-0.5~-0.2%,5485,617,4.273744616906853,3.4402904228671938,-19.501731356209973,-2.3191937445212987,-2.4498241880129097,-5.632580020543918,0.730448013391282,0.35930506853752964,-50.81031614154596
CONDITIONAL,<-5%,>=10,BELOW_PREV_LOW,DIRECTION,FLAT_MIXED,5485,30,4.273744616906853,4.384575504951553,2.593296932302765,-2.3191937445212987,-3.464185219649765,-49.370238162866485,0.730448013391282,-0.2836448473933246,-138.83162691844893
CONDITIONAL,<-5%,>=10,BELOW_PREV_LOW,NIGHT_RETURN,1~2%,5485,123,4.273744616906853,3.910260366799704,-8.505053125289997,-2.3191937445212987,-2.8226502149694253,-21.708254070512954,0.730448013391282,0.33675593593719305,-53.89734385425706
CONDITIONAL,<-5%,>=10,BELOW_PREV_LOW,RETURN_10M,0.2~0.5%,5485,377,4.273744616906853,3.7555429415576485,-12.125237275507967,-2.3191937445212987,-2.4021610416123136,-3.577419837691916,0.730448013391282,0.6533038486891191,-10.561212199620122
CONDITIONAL,<-5%,>=10,BELOW_PREV_LOW,DIRECTION,UP,5485,824,4.273744616906853,3.9162584716428688,-8.364705365167964,-2.3191937445212987,-1.7438246496323009,24.809013746618174,0.730448013391282,1.359727006181139,86.14973020027487
CONDITIONAL,<-5%,>=10,BELOW_PREV_LOW,PERSISTENCE,UP_PERSISTENT,5485,824,4.273744616906853,3.9162584716428688,-8.364705365167964,-2.3191937445212987,-1.7438246496323009,24.809013746618174,0.730448013391282,1.359727006181139,86.14973020027487
CONDITIONAL,<-5%,>=10,BELOW_PREV_LOW,RETURN_5M,-0.5~-0.2%,5485,406,4.273744616906853,4.46708662812807,4.523948634093832,-2.3191937445212987,-1.623051347109721,30.016569295087827,0.730448013391282,2.8955656159328944,296.4095408363874
CONDITIONAL,<-5%,>=10,BELOW_PREV_LOW,RETURN_5M,0.2~0.5%,5485,670,4.273744616906853,4.08630776045839,-4.3857757833017565,-2.3191937445212987,-1.6170093422558294,30.27709107633895,0.730448013391282,1.5521426878524631,112.49187613588877
CONDITIONAL,<-5%,>=10,BELOW_PREV_LOW,NIGHT_RETURN,-0.5~0%,5485,334,4.273744616906853,4.315295161393185,0.9722280625276105,-2.3191937445212987,-3.023992763372199,-30.389829246300287,0.730448013391282,0.3361459015292002,-53.98085895688026
CONDITIONAL,<-5%,>=10,BELOW_PREV_LOW,RETURN_10M,>=1%,5485,426,4.273744616906853,4.02404093337321,-5.842737597043589,-2.3191937445212987,-1.1491173462460202,50.45186073993969,0.730448013391282,1.898028416858997,159.84442178806674
CONDITIONAL,<-5%,>=10,BELOW_PREV_LOW,RANGE_10M,1~2%,5485,818,4.273744616906853,4.12940707541684,-3.377308529831576,-2.3191937445212987,-1.2414501613456086,46.470614441836794,0.730448013391282,2.460191293243026,236.80580248565417
CONDITIONAL,<-5%,>=10,BELOW_PREV_LOW,NIGHT_RETURN,<-2%,5485,3474,4.273744616906853,4.582740910538057,7.230106647196931,-2.3191937445212987,-2.1148934582890284,8.809108196108884,0.730448013391282,0.9436489528073863,29.18769515523319
CONDITIONAL,<-5%,>=10,BELOW_PREV_LOW,RETURN_10M,0.5~1%,5485,144,4.273744616906853,1.6533628647249028,-61.31348470883753,-2.3191937445212987,-4.4503075268760295,-91.8902867597468,0.730448013391282,-1.485334886012257,-303.3457356008445
CONDITIONAL,<-5%,>=10,BELOW_PREV_LOW,RANGE_10M,>=2%,5485,2576,4.273744616906853,4.865346262317804,13.842699984238301,-2.3191937445212987,-2.2540347698473275,2.8095528813794943,0.730448013391282,0.6078388764506486,-16.785470655384593
CONDITIONAL,<-5%,>=10,BELOW_PREV_LOW,RETURN_5M,>=0.5%,5485,51,4.273744616906853,3.699282039910894,-13.441668337490178,-2.3191937445212987,-1.852745054673898,20.112536563592695,0.730448013391282,1.5874178175704907,117.32112189620705
CONDITIONAL,<-5%,>=10,BELOW_PREV_LOW,RETURN_5M,<-0.5%,5485,71,4.273744616906853,2.6699519024783864,-37.5266390060813,-2.3191937445212987,-2.6116751120845834,-12.611338240033728,0.730448013391282,0.24235700343403396,-66.82077314320661
CONDITIONAL,<-5%,>=10,BELOW_PREV_LOW,RETURN_10M,-1~-0.5%,5485,380,4.273744616906853,4.1866695623226695,-2.0374416908234663,-2.3191937445212987,-1.3702822761650646,40.915575535587585,0.730448013391282,2.996143203128828,310.1788420531815
CONDITIONAL,0~1%,3~5,ABOVE_PREV_HIGH,DIRECTION,DOWN,3779,807,0.5697751929209571,0.5793620990823601,1.682576967286985,-0.7785067909633314,-0.8382133396082427,-7.6693677355119645,-0.11616514552713338,-0.12590521295604676,-8.384672859242738
CONDITIONAL,0~1%,3~5,ABOVE_PREV_HIGH,PERSISTENCE,DOWN_PERSISTENT,3779,807,0.5697751929209571,0.5793620990823601,1.682576967286985,-0.7785067909633314,-0.8382133396082427,-7.6693677355119645,-0.11616514552713338,-0.12590521295604676,-8.384672859242738
CONDITIONAL,0~1%,3~5,ABOVE_PREV_HIGH,RETURN_5M,-0.2~-0.05%,3779,1059,0.5697751929209571,0.5258114903401603,-7.715973444792598,-0.7785067909633314,-0.7775143266341126,0.1274830663957036,-0.11616514552713338,-0.16093346529478655,-38.53851304924882
CONDITIONAL,0~1%,3~5,ABOVE_PREV_HIGH,RETURN_10M,-0.2~0%,3779,942,0.5697751929209571,0.6002852080247388,5.354746131956337,-0.7785067909633314,-0.7798069871603674,-0.167011542112196,-0.11616514552713338,-0.08639514650649337,25.62730747295148
CONDITIONAL,0~1%,3~5,ABOVE_PREV_HIGH,RANGE_10M,0.2~0.5%,3779,2993,0.5697751929209571,0.5593639338927271,-1.827257338961465,-0.7785067909633314,-0.7878606246999112,-1.2015095879902744,-0.11616514552713338,-0.13551428322570197,-16.65657767720792
CONDITIONAL,0~1%,3~5,ABOVE_PREV_HIGH,NIGHT_RETURN,0.5~1%,3779,700,0.5697751929209571,0.599004434489569,5.129960365379879,-0.7785067909633314,-0.7846695596322558,-0.7916139898148525,-0.11616514552713338,-0.1312899737499343,-13.020108703146368
CONDITIONAL,0~1%,3~5,ABOVE_PREV_HIGH,DIRECTION,UP_MIXED,3779,986,0.5697751929209571,0.5987777845191744,5.090181523968297,-0.7785067909633314,-0.7897247690536119,-1.44096085230024,-0.11616514552713338,-0.11347454430810328,2.316186328369589
CONDITIONAL,0~1%,3~5,ABOVE_PREV_HIGH,PERSISTENCE,MIXED,3779,2115,0.5697751929209571,0.5583879216189314,-1.9985551220032645,-0.7785067909633314,-0.7768001795210402,0.21921599941080178,-0.11616514552713338,-0.13232191087722867,-13.90844497872338
CONDITIONAL,0~1%,3~5,ABOVE_PREV_HIGH,RETURN_5M,-0.05~0.05%,3779,879,0.5697751929209571,0.5381718048908305,-5.546641626868943,-0.7785067909633314,-0.83889687482157,-7.7571685384415705,-0.11616514552713338,-0.1642521883227425,-41.3954138975164
CONDITIONAL,0~1%,3~5,ABOVE_PREV_HIGH,NIGHT_RETURN,-1~-0.5%,3779,378,0.5697751929209571,0.6319588281318593,10.913714037306063,-0.7785067909633314,-0.7586231455962752,2.5540747489757947,-0.11616514552713338,-0.07928136714721508,31.75115755465837
CONDITIONAL,0~1%,3~5,ABOVE_PREV_HIGH,DIRECTION,DOWN_MIXED,3779,905,0.5697751929209571,0.5243615987269125,-7.970440755981585,-0.7785067909633314,-0.768910588595254,1.2326420886069636,-0.11616514552713338,-0.14390346254494468,-23.878347409578467
CONDITIONAL,0~1%,3~5,ABOVE_PREV_HIGH,RETURN_10M,-0.5~-0.2%,3779,831,0.5697751929209571,0.5754894496945002,1.0028967291904916,-0.7785067909633314,-0.8011246789467695,-2.905291032265824,-0.11616514552713338,-0.1210009572506055,-4.16287665420485
CONDITIONAL,0~1%,3~5,ABOVE_PREV_HIGH,NIGHT_RETURN,0~0.5%,3779,1190,0.5697751929209571,0.5706639357461462,0.15598131267050763,-0.7785067909633314,-0.8114804774081057,-4.2355040222542355,-0.11616514552713338,-0.11493512620674565,1.058854026141969
CONDITIONAL,0~1%,3~5,ABOVE_PREV_HIGH,DIRECTION,FLAT_MIXED,3779,234,0.5697751929209571,0.5124942594207772,-10.05325156515305,-0.7785067909633314,-0.7654372791420007,1.6787922691282402,-0.11616514552713338,-0.18596664208831065,-60.088158323594
CONDITIONAL,0~1%,3~5,ABOVE_PREV_HIGH,NIGHT_RETURN,1~2%,3779,416,0.5697751929209571,0.5286706491475751,-7.2141687255036935,-0.7785067909633314,-0.783210458395675,-0.6041909315297387,-0.11616514552713338,-0.17204124762147652,-48.10057426501638
CONDITIONAL,0~1%,3~5,ABOVE_PREV_HIGH,RETURN_10M,0.2~0.5%,3779,755,0.5697751929209571,0.5673758795658238,-0.42109824803590107,-0.7785067909633314,-0.7182157605209185,7.7444450250470185,-0.11616514552713338,-0.09954119334537945,14.310619684000633
CONDITIONAL,0~1%,3~5,ABOVE_PREV_HIGH,RETURN_5M,-0.5~-0.2%,3779,356,0.5697751929209571,0.6314575070947639,10.8257282767247,-0.7785067909633314,-0.8095197599547713,-3.9836478437219762,-0.11616514552713338,-0.031297125627009245,73.05807565170312
CONDITIONAL,0~1%,3~5,ABOVE_PREV_HIGH,RANGE_10M,0.5~1%,3779,727,0.5697751929209571,0.6224142588754183,9.238567527765928,-0.7785067909633314,-0.7599616344634268,2.382144473904547,-0.11616514552713338,-0.0449755261667792,61.28311468755143
CONDITIONAL,0~1%,3~5,ABOVE_PREV_HIGH,RETURN_10M,0~0.2%,3779,1067,0.5697751929209571,0.5119199969743194,-10.154039113223332,-0.7785067909633314,-0.8050410320688213,-3.4083506288565752,-0.11616514552713338,-0.17018675179042575,-46.504143749963475
CONDITIONAL,0~1%,3~5,ABOVE_PREV_HIGH,RETURN_5M,0.05~0.2%,3779,1002,0.5697751929209571,0.6313539964565708,10.807561350631884,-0.7785067909633314,-0.7308929258474852,6.116050067710824,-0.11616514552713338,-0.058679639353027294,49.4860191611251
CONDITIONAL,0~1%,3~5,ABOVE_PREV_HIGH,DIRECTION,UP,3779,847,0.5697751929209571,0.5912272030703751,3.7649954606559994,-0.7785067909633314,-0.7224249937447298,7.203764677403199,-0.11616514552713338,-0.06109545401638563,47.40638102836517
CONDITIONAL,0~1%,3~5,ABOVE_PREV_HIGH,PERSISTENCE,UP_PERSISTENT,3779,847,0.5697751929209571,0.5912272030703751,3.7649954606559994,-0.7785067909633314,-0.7224249937447298,7.203764677403199,-0.11616514552713338,-0.06109545401638563,47.40638102836517
CONDITIONAL,0~1%,3~5,ABOVE_PREV_HIGH,NIGHT_RETURN,-2~-1%,3779,190,0.5697751929209571,0.4744359212887356,-16.732787389964106,-0.7785067909633314,-0.8502402325281478,-9.214234531731291,-0.11616514552713338,-0.22715524661877282,-95.54509710119102
CONDITIONAL,0~1%,3~5,ABOVE_PREV_HIGH,RETURN_5M,0.2~0.5%,3779,459,0.5697751929209571,0.5217598704991498,-8.427064396337851,-0.7785067909633314,-0.7471730348213258,4.0248532839685245,-0.11616514552713338,-0.12886221785745672,-10.930191041991689
CONDITIONAL,0~1%,3~5,ABOVE_PREV_HIGH,NIGHT_RETURN,-0.5~0%,3779,898,0.5697751929209571,0.5594482806542276,-1.8124538230224714,-0.7785067909633314,-0.7224791943433513,7.196802554625256,-0.11616514552713338,-0.07177086496883761,38.216523860787774
CONDITIONAL,0~1%,3~5,ABOVE_PREV_HIGH,RANGE_10M,0.1~0.2%,3779,50,0.5697751929209571,0.41948034496222064,-26.37792059500673,-0.7785067909633314,-0.5426909726510433,30.290785006574893,-0.11616514552713338,-0.058388287941934625,49.736827103361634
CONDITIONAL,0~1%,3~5,ABOVE_PREV_HIGH,RETURN_10M,0.5~1%,3779,112,0.5697751929209571,0.8582100459591313,50.62257125648285,-0.7785067909633314,-0.7226645688448191,7.172991008776254,-0.11616514552713338,-0.017153110048228393,85.23385825378935
CONDITIONAL,0~1%,3~5,ABOVE_PREV_HIGH,RETURN_10M,-1~-0.5%,3779,72,0.5697751929209571,0.5385153389117223,-5.486348720972024,-0.7785067909633314,-0.826309178045197,-6.140265908626752,-0.11616514552713338,0.022388222206660518,119.27275354846533
CONDITIONAL,-3~-1%,>=10,BETWEEN_PREV_HIGH_LOW,DIRECTION,DOWN,20260,3339,2.1217320958055845,2.0536307895190005,-3.2097033561028914,-1.8297029976895107,-1.9112291956823906,-4.455706641778938,0.1456363470601476,0.008041253142985783,-94.47853966038797
CONDITIONAL,-3~-1%,>=10,BETWEEN_PREV_HIGH_LOW,PERSISTENCE,DOWN_PERSISTENT,20260,3339,2.1217320958055845,2.0536307895190005,-3.2097033561028914,-1.8297029976895107,-1.9112291956823906,-4.455706641778938,0.1456363470601476,0.008041253142985783,-94.47853966038797
CONDITIONAL,-3~-1%,>=10,BETWEEN_PREV_HIGH_LOW,RETURN_5M,-0.2~-0.05%,20260,4069,2.1217320958055845,2.272283085591741,7.095664437738308,-1.8297029976895107,-1.752118432210508,4.240281924278098,0.1456363470601476,0.27969526829662,92.05045577056822
CONDITIONAL,-3~-1%,>=10,BETWEEN_PREV_HIGH_LOW,RETURN_10M,-0.2~0%,20260,4590,2.1217320958055845,2.1481727968272506,1.2461847126664216,-1.8297029976895107,-1.728839909266964,5.512538840998423,0.1456363470601476,0.2193471525679214,50.612918406509685
CONDITIONAL,-3~-1%,>=10,BETWEEN_PREV_HIGH_LOW,RANGE_10M,0.2~0.5%,20260,13419,2.1217320958055845,2.155364884265908,1.5851571707291254,-1.8297029976895107,-1.6354476437100576,10.61676972846153,0.1456363470601476,0.21463674352249792,47.37855477372915
CONDITIONAL,-3~-1%,>=10,BETWEEN_PREV_HIGH_LOW,NIGHT_RETURN,0.5~1%,20260,1352,2.1217320958055845,2.3503659523805744,10.775811754319607,-1.8297029976895107,-1.8610989684314156,-1.7159053016555545,0.1456363470601476,0.13142052299231333,-9.761178685677391
CONDITIONAL,-3~-1%,>=10,BETWEEN_PREV_HIGH_LOW,DIRECTION,UP_MIXED,20260,5718,2.1217320958055845,2.015321075301258,-5.015290135577852,-1.8297029976895107,-2.0099779970494716,-9.852691917081964,0.1456363470601476,-0.13902438295932543,-195.45994922676036
CONDITIONAL,-3~-1%,>=10,BETWEEN_PREV_HIGH_LOW,PERSISTENCE,MIXED,20260,13095,2.1217320958055845,2.064556378473266,-2.694766103852041,-1.8297029976895107,-1.9346936702913515,-5.738126501099884,0.1456363470601476,0.06640639706258691,-54.40259358114691
CONDITIONAL,-3~-1%,>=10,BETWEEN_PREV_HIGH_LOW,RETURN_5M,-0.05~0.05%,20260,5773,2.1217320958055845,1.870303013073262,-11.850180483642033,-1.8297029976895107,-2.097703549059341,-14.647216062292777,0.1456363470601476,-0.26868568581145,-284.49081649959487
CONDITIONAL,-3~-1%,>=10,BETWEEN_PREV_HIGH_LOW,NIGHT_RETURN,-1~-0.5%,20260,2996,2.1217320958055845,2.03969731113545,-3.866406358856875,-1.8297029976895107,-1.425551240952966,22.088380313465866,0.1456363470601476,0.2863043924316178,96.58855650463033
CONDITIONAL,-3~-1%,>=10,BETWEEN_PREV_HIGH_LOW,RETURN_5M,0.05~0.2%,20260,4419,2.1217320958055845,2.233745403365186,5.279333228782213,-1.8297029976895107,-1.4875211792321885,18.701495209299992,0.1456363470601476,0.3314366354065522,127.57823997718738
CONDITIONAL,-3~-1%,>=10,BETWEEN_PREV_HIGH_LOW,RETURN_10M,0~0.2%,20260,4870,2.1217320958055845,2.2316311688734904,5.179686600639331,-1.8297029976895107,-1.5450490538741466,15.557385224531842,0.1456363470601476,0.24958896159834557,71.37820786954074
CONDITIONAL,-3~-1%,>=10,BETWEEN_PREV_HIGH_LOW,NIGHT_RETURN,0~0.5%,20260,4436,2.1217320958055845,2.244999452661547,5.809751245204211,-1.8297029976895107,-1.7426796765602117,4.756144644195763,0.1456363470601476,0.12049495442061704,-17.26313049389189
CONDITIONAL,-3~-1%,>=10,BETWEEN_PREV_HIGH_LOW,RANGE_10M,0.5~1%,20260,4404,2.1217320958055845,2.05616128138402,-3.0904379752368523,-1.8297029976895107,-2.1160107012053553,-15.647769276072927,0.1456363470601476,-0.09605327603469212,-165.95419205002597
CONDITIONAL,-3~-1%,>=10,BETWEEN_PREV_HIGH_LOW,DIRECTION,DOWN_MIXED,20260,6638,2.1217320958055845,2.0586247576182695,-2.974331128424313,-1.8297029976895107,-1.9458152259425339,-6.345960431810292,0.1456363470601476,0.1749388367309382,20.120313549672264
CONDITIONAL,-3~-1%,>=10,BETWEEN_PREV_HIGH_LOW,NIGHT_RETURN,-2~-1%,20260,3797,2.1217320958055845,1.9929305179606258,-6.07058629596,-1.8297029976895107,-1.4546442084412992,20.498342611988043,0.1456363470601476,0.449417992236087,208.58916836912837
CONDITIONAL,-3~-1%,>=10,BETWEEN_PREV_HIGH_LOW,RETURN_10M,-0.5~-0.2%,20260,4110,2.1217320958055845,1.9676681083052077,-7.2612366002731115,-1.8297029976895107,-1.7431695988169447,4.729368590521938,0.1456363470601476,0.01191483339571733,-91.81877763605502
CONDITIONAL,-3~-1%,>=10,BETWEEN_PREV_HIGH_LOW,DIRECTION,FLAT_MIXED,20260,792,2.1217320958055845,2.568732112862481,21.067693604699812,-1.8297029976895107,-1.2896334254627266,29.51678894928665,0.1456363470601476,0.6418840181585883,340.7443822341212
CONDITIONAL,-3~-1%,>=10,BETWEEN_PREV_HIGH_LOW,NIGHT_RETURN,1~2%,20260,709,2.1217320958055845,2.5704600582298434,21.149133922767223,-1.8297029976895107,-1.6763969898019286,8.37873731863433,0.1456363470601476,0.2624741928278494,80.22574592553322
CONDITIONAL,-3~-1%,>=10,BETWEEN_PREV_HIGH_LOW,RETURN_5M,-0.5~-0.2%,20260,2186,2.1217320958055845,2.534261688380078,19.44305755613615,-1.8297029976895107,-1.6754238831210715,8.431921178642538,0.1456363470601476,0.8844939377431384,507.3304883003168
CONDITIONAL,-3~-1%,>=10,BETWEEN_PREV_HIGH_LOW,RETURN_10M,0.2~0.5%,20260,3369,2.1217320958055845,2.3831424511752712,12.320610876673088,-1.8297029976895107,-1.3790420480009546,24.63027880796151,0.1456363470601476,0.566376331751852,288.8976503358323
CONDITIONAL,-3~-1%,>=10,BETWEEN_PREV_HIGH_LOW,DIRECTION,UP,20260,3773,2.1217320958055845,2.3604628072587834,11.251689689058365,-1.8297029976895107,-1.3934331086414664,23.84375440161336,0.1456363470601476,0.5430871795266435,272.9063454896663
CONDITIONAL,-3~-1%,>=10,BETWEEN_PREV_HIGH_LOW,PERSISTENCE,UP_PERSISTENT,20260,3773,2.1217320958055845,2.3604628072587834,11.251689689058365,-1.8297029976895107,-1.3934331086414664,23.84375440161336,0.1456363470601476,0.5430871795266435,272.9063454896663
CONDITIONAL,-3~-1%,>=10,BETWEEN_PREV_HIGH_LOW,RETURN_5M,0.2~0.5%,20260,2429,2.1217320958055845,2.286102578829451,7.746995171954449,-1.8297029976895107,-1.4605112798703759,20.17768557439858,0.1456363470601476,0.43331972516883843,197.53542567905663
CONDITIONAL,-3~-1%,>=10,BETWEEN_PREV_HIGH_LOW,RANGE_10M,0.1~0.2%,20260,180,2.1217320958055845,2.5034797974121985,17.99226690124,-1.8297029976895107,-1.3258874635733648,27.535372393899323,0.1456363470601476,0.5610564572815221,285.2448022812647
CONDITIONAL,-3~-1%,>=10,BETWEEN_PREV_HIGH_LOW,NIGHT_RETURN,-0.5~0%,20260,4007,2.1217320958055845,2.2913361630940057,7.993660821915665,-1.8297029976895107,-1.586303889753,13.3026566739994,0.1456363470601476,0.2520809463914937,73.08930873374942
CONDITIONAL,-3~-1%,>=10,BETWEEN_PREV_HIGH_LOW,RETURN_10M,0.5~1%,20260,1182,2.1217320958055845,1.6564487035491864,-21.929412915806328,-1.8297029976895107,-3.8436338358895816,-110.06872922781442,0.1456363470601476,-1.3460598693513888,-1024.2609393350604
CONDITIONAL,-3~-1%,>=10,BETWEEN_PREV_HIGH_LOW,RETURN_10M,>=1%,20260,107,2.1217320958055845,2.2977261215212206,8.29482789384935,-1.8297029976895107,-1.903030309603438,-4.007607355211343,0.1456363470601476,0.21558950611679684,48.03276137361415
CONDITIONAL,-3~-1%,>=10,BETWEEN_PREV_HIGH_LOW,RANGE_10M,1~2%,20260,2193,2.1217320958055845,2.040083166149915,-3.8482205089455017,-1.8297029976895107,-2.3807838549649256,-30.118596185900216,0.1456363470601476,0.26913714146295614,84.8008048099441
CONDITIONAL,-3~-1%,>=10,BETWEEN_PREV_HIGH_LOW,NIGHT_RETURN,<-2%,20260,2935,2.1217320958055845,1.7244702700839745,-18.72346779817066,-1.8297029976895107,-3.2227078684711827,-76.13284082393226,0.1456363470601476,-0.5404274520369404,-471.080065482379
CONDITIONAL,-3~-1%,>=10,BETWEEN_PREV_HIGH_LOW,RANGE_10M,>=2%,20260,64,2.1217320958055845,1.3060601396970715,-38.443682768479626,-1.8297029976895107,-5.391889636792242,-194.6866045254855,0.1456363470601476,-3.0907399339369324,-2222.231157487396
CONDITIONAL,-3~-1%,>=10,BETWEEN_PREV_HIGH_LOW,RETURN_5M,>=0.5%,20260,108,2.1217320958055845,3.1983446653704455,50.74215409632525,-1.8297029976895107,-1.7661990057779755,3.470726778702663,0.1456363470601476,1.0382923080588893,612.9348744445477
CONDITIONAL,-3~-1%,>=10,BETWEEN_PREV_HIGH_LOW,RETURN_5M,<-0.5%,20260,1276,2.1217320958055845,1.2805107485658438,-39.64785888391549,-1.8297029976895107,-3.022105135459721,-65.1691634804084,0.1456363470601476,-0.9397779095175337,-745.2907728655174
CONDITIONAL,-3~-1%,>=10,BETWEEN_PREV_HIGH_LOW,RETURN_10M,-1~-0.5%,20260,2032,2.1217320958055845,1.938205425899759,-8.649851235631315,-1.8297029976895107,-2.4866139317348446,-35.90259921281539,0.1456363470601476,0.16691613172162742,14.61158913350888
CONDITIONAL,-3~-1%,>=10,BETWEEN_PREV_HIGH_LOW,PERSISTENCE,FLAT_PERSISTENT,20260,53,2.1217320958055845,3.5439076777805916,67.02898941796099,-1.8297029976895107,-1.8104097629533156,1.054446254969141,0.1456363470601476,0.09590470387856688,-34.14782379912456
CONDITIONAL,-1~0%,2~3,BELOW_PREV_LOW,DIRECTION,UP_MIXED,804,209,0.8605793958128961,0.7901538646224929,-8.183501898029967,-0.4956803401943813,-0.5607400063790063,-13.125327133029296,0.18201729893998309,0.09835366191875293,-45.96466242959507
CONDITIONAL,-1~0%,2~3,BELOW_PREV_LOW,PERSISTENCE,MIXED,804,451,0.8605793958128961,0.8209221687164099,-4.6082008574033235,-0.4956803401943813,-0.5170050629137464,-4.302111863263042,0.18201729893998309,0.1513398702697097,-16.854128068557223
CONDITIONAL,-1~0%,2~3,BELOW_PREV_LOW,RETURN_5M,-0.05~0.05%,804,193,0.8605793958128961,0.932220223968752,8.324720357519668,-0.4956803401943813,-0.4757141011275579,4.028047402282206,0.18201729893998309,0.2715914716259012,49.211900850948005
CONDITIONAL,-1~0%,2~3,BELOW_PREV_LOW,RETURN_10M,-0.2~0%,804,199,0.8605793958128961,0.7789431703933688,-9.486193350285177,-0.4956803401943813,-0.5365033450308612,-8.235752263337924,0.18201729893998309,0.08822336638348748,-51.53022987525075
CONDITIONAL,-1~0%,2~3,BELOW_PREV_LOW,RANGE_10M,0.2~0.5%,804,613,0.8605793958128961,0.8350595458720824,-2.965426556222375,-0.4956803401943813,-0.48131425719935544,2.8982555550603792,0.18201729893998309,0.16327176899086593,-10.29876284193084
CONDITIONAL,-1~0%,2~3,BELOW_PREV_LOW,NIGHT_RETURN,-1~-0.5%,804,114,0.8605793958128961,0.8012967618482577,-6.888688510679543,-0.4956803401943813,-0.5817808370121146,-17.370165777397776,0.18201729893998309,0.03690834970318542,-79.7226143239521
CONDITIONAL,-1~0%,2~3,BELOW_PREV_LOW,RETURN_5M,0.05~0.2%,804,223,0.8605793958128961,0.7411673687412069,-13.8757710970867,-0.4956803401943813,-0.4698447889745166,5.212139583694861,0.18201729893998309,0.11722543863437677,-35.59653982502523
CONDITIONAL,-1~0%,2~3,BELOW_PREV_LOW,RETURN_10M,0~0.2%,804,205,0.8605793958128961,0.8597029800690338,-0.10184019605006571,-0.4956803401943813,-0.4848489187323497,2.1851626106018327,0.18201729893998309,0.1473443724846695,-19.04924787766813
CONDITIONAL,-1~0%,2~3,BELOW_PREV_LOW,NIGHT_RETURN,0~0.5%,804,231,0.8605793958128961,0.8315569278056225,-3.372433519612587,-0.4956803401943813,-0.4172131935755929,15.830191406828334,0.18201729893998309,0.2461501825343993,35.23449912063736
CONDITIONAL,-1~0%,2~3,BELOW_PREV_LOW,DIRECTION,DOWN,804,150,0.8605793958128961,0.8857430109181159,2.9240317892401393,-0.4956803401943813,-0.48576225905932746,2.0009026646415804,0.18201729893998309,0.16041905353944377,-11.866039945830062
CONDITIONAL,-1~0%,2~3,BELOW_PREV_LOW,PERSISTENCE,DOWN_PERSISTENT,804,150,0.8605793958128961,0.8857430109181159,2.9240317892401393,-0.4956803401943813,-0.48576225905932746,2.0009026646415804,0.18201729893998309,0.16041905353944377,-11.866039945830062
CONDITIONAL,-1~0%,2~3,BELOW_PREV_LOW,RETURN_5M,-0.5~-0.2%,804,69,0.8605793958128961,0.9384858094810995,9.052786302722673,-0.4956803401943813,-0.5614161063148077,-13.261725509357108,0.18201729893998309,0.19479973059745906,7.022646601129241
CONDITIONAL,-1~0%,2~3,BELOW_PREV_LOW,RETURN_10M,-0.5~-0.2%,804,180,0.8605793958128961,0.8699972713086579,1.0943645108846394,-0.4956803401943813,-0.4629524571042238,6.602618751698575,0.18201729893998309,0.2428299557257579,33.410372058002416
CONDITIONAL,-1~0%,2~3,BELOW_PREV_LOW,NIGHT_RETURN,-2~-1%,804,107,0.8605793958128961,0.782272050046363,-9.099374926652134,-0.4956803401943813,-0.526187253352116,-6.154553788792882,0.18201729893998309,0.18525131583465176,1.7767634799014558
CONDITIONAL,-1~0%,2~3,BELOW_PREV_LOW,RETURN_5M,-0.2~-0.05%,804,185,0.8605793958128961,0.8856682875889866,2.915348879854574,-0.4956803401943813,-0.4719844525342998,4.780477605948444,0.18201729893998309,0.14240420534019205,-21.763367454899296
CONDITIONAL,-1~0%,2~3,BELOW_PREV_LOW,NIGHT_RETURN,0.5~1%,804,83,0.8605793958128961,0.7725613216551914,-10.2277691734141,-0.4956803401943813,-0.26458138874430265,46.622577639341735,0.18201729893998309,0.28797027776525497,58.21038958511738
CONDITIONAL,-1~0%,2~3,BELOW_PREV_LOW,RANGE_10M,0.5~1%,804,151,0.8605793958128961,0.7723909713776337,-10.247564009124385,-0.4956803401943813,-0.3778730098031449,23.76679501652984,0.18201729893998309,0.306014932455397,68.12409273049366
CONDITIONAL,-1~0%,2~3,BELOW_PREV_LOW,DIRECTION,DOWN_MIXED,804,199,0.8605793958128961,0.8670980139971428,0.7574685399119128,-0.4956803401943813,-0.5140080549865099,-3.6974867280274646,0.18201729893998309,0.17989583004646506,-1.1655314664445937
CONDITIONAL,-1~0%,2~3,BELOW_PREV_LOW,DIRECTION,FLAT_MIXED,804,47,0.8605793958128961,0.9405447438005331,9.29203608367853,-0.4956803401943813,-0.3172464134801741,35.99778168410597,0.18201729893998309,0.33974837694854854,86.65719078743962
CONDITIONAL,-1~0%,2~3,BELOW_PREV_LOW,NIGHT_RETURN,1~2%,804,36,0.8605793958128961,1.236217487702248,43.6494405649263,-0.4956803401943813,-0.32622549598142514,34.186315347206296,0.18201729893998309,0.2842848380976169,56.18561518779305
CONDITIONAL,-1~0%,2~3,BELOW_PREV_LOW,RETURN_10M,0.2~0.5%,804,162,0.8605793958128961,0.8019004405064291,-6.818540577658079,-0.4956803401943813,-0.2999371376067983,39.48980556921467,0.18201729893998309,0.34521585043780995,89.66101158969437
CONDITIONAL,-1~0%,2~3,BELOW_PREV_LOW,DIRECTION,UP,804,199,0.8605793958128961,0.8901714429431894,3.438619059934718,-0.4956803401943813,-0.458642256021547,7.472171310709998,0.18201729893998309,0.2510336235174985,37.91745343956144
CONDITIONAL,-1~0%,2~3,BELOW_PREV_LOW,PERSISTENCE,UP_PERSISTENT,804,199,0.8605793958128961,0.8901714429431894,3.438619059934718,-0.4956803401943813,-0.458642256021547,7.472171310709998,0.18201729893998309,0.2510336235174985,37.91745343956144
CONDITIONAL,-1~0%,2~3,BELOW_PREV_LOW,RETURN_5M,0.2~0.5%,804,124,0.8605793958128961,0.902592836675656,4.881994742980615,-0.4956803401943813,-0.5979064661501067,-20.623397311992917,0.18201729893998309,0.19556771767700878,7.444577419805413
CONDITIONAL,-1~0%,2~3,BELOW_PREV_LOW,NIGHT_RETURN,-0.5~0%,804,199,0.8605793958128961,0.8059492448747172,-6.348066338094897,-0.4956803401943813,-0.46122810532870856,6.950494516720648,0.18201729893998309,0.21754560782435475,19.519193555380955
CONDITIONAL,-1~0%,2~3,BELOW_PREV_LOW,RANGE_10M,1~2%,804,30,0.8605793958128961,1.8031794381580817,109.53086338475644,-0.4956803401943813,-1.415636878274498,-185.59471971782364,0.18201729893998309,-0.12938203632785641,-171.08227464166347
CONDITIONAL,-1~0%,2~3,BELOW_PREV_LOW,NIGHT_RETURN,<-2%,804,34,0.8605793958128961,1.6398507270611153,90.55193919814057,-0.4956803401943813,-1.5893214173747658,-220.63434606898323,0.18201729893998309,-0.3522232253308121,-293.5108516509474
CONDITIONAL,-5~-3%,>=10,BELOW_PREV_LOW,DIRECTION,UP_MIXED,5485,1106,2.5452641339156528,1.8757911736728627,-26.30269099862999,-2.1008072320055144,-3.5231485794175073,-67.70451499513209,0.4342369114237958,-1.0931331021809616,-351.73656900716867
CONDITIONAL,-5~-3%,>=10,BELOW_PREV_LOW,PERSISTENCE,MIXED,5485,3407,2.5452641339156528,2.4504691058129993,-3.7243689894305843,-2.1008072320055144,-2.5217212898698826,-20.035824870164163,0.4342369114237958,0.15215215838397692,-64.96102602491956
CONDITIONAL,-5~-3%,>=10,BELOW_PREV_LOW,RETURN_5M,-0.05~0.05%,5485,1610,2.5452641339156528,1.8504915557666137,-27.29667891403459,-2.1008072320055144,-2.8103533463470876,-33.77492725328312,0.4342369114237958,-0.7263295725272597,-267.26573753155554
CONDITIONAL,-5~-3%,>=10,BELOW_PREV_LOW,RETURN_10M,-0.2~0%,5485,1027,2.5452641339156528,2.4183050242979554,-4.988052435343226,-2.1008072320055144,-2.605588962585778,-24.02798899822803,0.4342369114237958,-0.173141933107592,-139.87268897521548
CONDITIONAL,-5~-3%,>=10,BELOW_PREV_LOW,RANGE_10M,0.2~0.5%,5485,1941,2.5452641339156528,2.7174812086632314,6.766176934361569,-2.1008072320055144,-1.9629293363165754,6.563091253132983,0.4342369114237958,0.36640420174290783,-15.621129364262234
CONDITIONAL,-5~-3%,>=10,BELOW_PREV_LOW,NIGHT_RETURN,-1~-0.5%,5485,360,2.5452641339156528,2.7150123699001494,6.669179584256142,-2.1008072320055144,-1.8093602433129847,13.873095267970054,0.4342369114237958,0.41794587016122864,-3.7516481980196783
CONDITIONAL,-5~-3%,>=10,BELOW_PREV_LOW,RETURN_5M,0.05~0.2%,5485,905,2.5452641339156528,2.5088344767307116,-1.4312721693405364,-2.1008072320055144,-2.5734836642659205,-22.499752716919687,0.4342369114237958,-0.31917940683472806,-173.5035181113895
CONDITIONAL,-5~-3%,>=10,BELOW_PREV_LOW,RETURN_10M,0~0.2%,5485,543,2.5452641339156528,3.005372732999252,18.0770472090755,-2.1008072320055144,-2.1270691457340574,-1.2500867918029894,0.4342369114237958,0.34298064664831496,-21.015317301393292
CONDITIONAL,-5~-3%,>=10,BELOW_PREV_LOW,NIGHT_RETURN,0~0.5%,5485,902,2.5452641339156528,2.601181030799424,2.1968995727664677,-2.1008072320055144,-1.7876378509617263,14.907097437246735,0.4342369114237958,0.38181269379891625,-12.072722572797558
CONDITIONAL,-5~-3%,>=10,BELOW_PREV_LOW,RANGE_10M,0.5~1%,5485,1294,2.5452641339156528,1.9276303265153027,-24.266000497566345,-2.1008072320055144,-3.0346659018337716,-44.45237314500095,0.4342369114237958,-0.6794672927900557,-256.47386827669425
CONDITIONAL,-5~-3%,>=10,BELOW_PREV_LOW,DIRECTION,DOWN_MIXED,5485,2235,2.5452641339156528,2.709433601593166,6.449997290652656,-2.1008072320055144,-2.0433011305281092,2.7373335640370766,0.4342369114237958,0.7520687266756553,73.19318254400301
CONDITIONAL,-5~-3%,>=10,BELOW_PREV_LOW,RETURN_5M,-0.2~-0.05%,5485,573,2.5452641339156528,3.0213090642724043,18.703164202624446,-2.1008072320055144,-2.261125154381734,-7.631253355081682,0.4342369114237958,0.5344212034958963,23.071344106518186
CONDITIONAL,-5~-3%,>=10,BELOW_PREV_LOW,NIGHT_RETURN,-2~-1%,5485,853,2.5452641339156528,2.4523723770634325,-3.6495920252219536,-2.1008072320055144,-1.6486640426400787,21.52235495370995,0.4342369114237958,0.6751618024696255,55.48236105859225
CONDITIONAL,-5~-3%,>=10,BELOW_PREV_LOW,RETURN_10M,-0.5~-0.2%,5485,993,2.5452641339156528,2.180684768557134,-14.323832269527465,-2.1008072320055144,-1.6902608316616425,19.542316595699642,0.4342369114237958,0.0781597840197774,-82.00065863505165
CONDITIONAL,-5~-3%,>=10,BELOW_PREV_LOW,DIRECTION,DOWN,5485,548,2.5452641339156528,2.3034329982395203,-9.501219635861434,-2.1008072320055144,-2.200221598396632,-4.7321984081429695,0.4342369114237958,-0.10256204125423944,-123.6189136750154
CONDITIONAL,-5~-3%,>=10,BELOW_PREV_LOW,PERSISTENCE,DOWN_PERSISTENT,5485,548,2.5452641339156528,2.3034329982395203,-9.501219635861434,-2.1008072320055144,-2.200221598396632,-4.7321984081429695,0.4342369114237958,-0.10256204125423944,-123.6189136750154
CONDITIONAL,-5~-3%,>=10,BELOW_PREV_LOW,RETURN_5M,-0.5~-0.2%,5485,702,2.5452641339156528,3.808811218333545,49.64306327116008,-2.1008072320055144,-1.4633345342869633,30.344178561780478,0.4342369114237958,2.7658823782821647,536.9523883202982
CONDITIONAL,-5~-3%,>=10,BELOW_PREV_LOW,DIRECTION,FLAT_MIXED,5485,71,2.5452641339156528,3.254393813101082,27.86075007840145,-2.1008072320055144,-1.9769043558634205,5.897869840433256,0.4342369114237958,0.688591298061799,58.57502666091061
CONDITIONAL,-5~-3%,>=10,BELOW_PREV_LOW,RETURN_10M,0.2~0.5%,5485,604,2.5452641339156528,3.142221694884651,23.453658620908406,-2.1008072320055144,-1.4401533523845156,31.447620207890864,0.4342369114237958,1.1646340119001646,168.20244462441238
CONDITIONAL,-5~-3%,>=10,BELOW_PREV_LOW,NIGHT_RETURN,0.5~1%,5485,160,2.5452641339156528,3.3609679841849385,32.04790573206251,-2.1008072320055144,-2.102102943175828,-0.06167682358350586,0.4342369114237958,0.3020453555859693,-30.442266044217842
CONDITIONAL,-5~-3%,>=10,BELOW_PREV_LOW,DIRECTION,UP,5485,1525,2.5452641339156528,2.844079602045272,11.740057314598602,-2.1008072320055144,-1.1235840438010007,46.516556746218804,0.4342369114237958,1.2572033327846024,189.52014435217558
CONDITIONAL,-5~-3%,>=10,BELOW_PREV_LOW,PERSISTENCE,UP_PERSISTENT,5485,1525,2.5452641339156528,2.844079602045272,11.740057314598602,-2.1008072320055144,-1.1235840438010007,46.516556746218804,0.4342369114237958,1.2572033327846024,189.52014435217558
CONDITIONAL,-5~-3%,>=10,BELOW_PREV_LOW,NIGHT_RETURN,1~2%,5485,81,2.5452641339156528,2.8624446650187942,12.461595905772995,-2.1008072320055144,-2.4195768804621802,-15.173674366703105,0.4342369114237958,-0.08137656235640883,-118.74013014913625
CONDITIONAL,-5~-3%,>=10,BELOW_PREV_LOW,RETURN_5M,0.2~0.5%,5485,1392,2.5452641339156528,2.7312866409128853,7.308573775054701,-2.1008072320055144,-1.093022704139829,47.97129943729364,0.4342369114237958,1.2596753668644811,190.08942669894185
CONDITIONAL,-5~-3%,>=10,BELOW_PREV_LOW,NIGHT_RETURN,-0.5~0%,5485,400,2.5452641339156528,2.7672423296844837,8.721224363749553,-2.1008072320055144,-2.212312773243509,-5.307747400105195,0.4342369114237958,0.1697140740029757,-60.91670939568231
CONDITIONAL,-5~-3%,>=10,BELOW_PREV_LOW,RETURN_10M,0.5~1%,5485,566,2.5452641339156528,1.2326427336324053,-51.571127050924225,-2.1008072320055144,-4.993854981688534,-137.7112428788243,0.4342369114237958,-2.356470400191524,-642.6692983019389
CONDITIONAL,-5~-3%,>=10,BELOW_PREV_LOW,RETURN_10M,>=1%,5485,922,2.5452641339156528,2.632715789489334,3.4358577724169255,-2.1008072320055144,-0.8985315351838095,57.229224961966864,0.4342369114237958,1.3492601618271416,210.71982282738838
CONDITIONAL,-5~-3%,>=10,BELOW_PREV_LOW,RANGE_10M,1~2%,5485,1765,2.5452641339156528,2.9116061917444056,14.39308608278582,-2.1008072320055144,-1.3179310122125079,37.265495275625156,0.4342369114237958,1.6761273835755572,285.9937604290235
CONDITIONAL,-5~-3%,>=10,BELOW_PREV_LOW,NIGHT_RETURN,<-2%,5485,2714,2.5452641339156528,2.4352718860941835,-4.3214472854043775,-2.1008072320055144,-2.3678977456374195,-12.713708785976035,0.4342369114237958,0.42828473002708445,-1.3707221196823292
CONDITIONAL,-5~-3%,>=10,BELOW_PREV_LOW,RANGE_10M,>=2%,5485,460,2.5452641339156528,2.1009775346549397,-17.45542214423221,-2.1008072320055144,-3.0728109118895155,-46.26810423515572,0.4342369114237958,-0.9486674667272595,-318.4677169927184
CONDITIONAL,-5~-3%,>=10,BELOW_PREV_LOW,RETURN_5M,>=0.5%,5485,48,2.5452641339156528,2.7543137482986784,8.213277812602584,-2.1008072320055144,-1.4129414939894505,32.74292507834714,0.4342369114237958,0.926988394752099,113.47526439257483
CONDITIONAL,-5~-3%,>=10,BELOW_PREV_LOW,RETURN_5M,<-0.5%,5485,255,2.5452641339156528,1.4581707260176864,-42.71043595878491,-2.1008072320055144,-2.968869456339181,-41.3204129873915,0.4342369114237958,-0.8070545045758484,-285.85580436486646
CONDITIONAL,-5~-3%,>=10,BELOW_PREV_LOW,RETURN_10M,-1~-0.5%,5485,830,2.5452641339156528,3.201078911472406,25.76607939498377,-2.1008072320055144,-1.7936622061272771,14.620333612666805,0.4342369114237958,2.026578917970399,366.698906669532
CONDITIONAL,-3~-1%,3~5,BETWEEN_PREV_HIGH_LOW,DIRECTION,UP_MIXED,891,226,2.6288297224865556,2.620761887171686,-0.3068983603562792,-1.63396933951052,-2.0418141546586313,-24.96037136598214,0.4716390332740473,0.13257528539929278,-71.89051879803607
CONDITIONAL,-3~-1%,3~5,BETWEEN_PREV_HIGH_LOW,PERSISTENCE,MIXED,891,552,2.6288297224865556,2.614904881311088,-0.5296973423709069,-1.63396933951052,-1.6720484315318533,-2.330465517348115,0.4716390332740473,0.5239488267867876,11.091065374639054
CONDITIONAL,-3~-1%,3~5,BETWEEN_PREV_HIGH_LOW,RETURN_5M,-0.05~0.05%,891,232,2.6288297224865556,2.555367060353647,-2.794500591062316,-1.63396933951052,-1.9683459719095382,-20.46407018256449,0.4716390332740473,0.10987077801231183,-76.70447730977537
CONDITIONAL,-3~-1%,3~5,BETWEEN_PREV_HIGH_LOW,RETURN_10M,-0.2~0%,891,237,2.6288297224865556,2.192583057054054,-16.594709870362582,-1.63396933951052,-1.4527153434948692,11.092863962181083,0.4716390332740473,0.5357894547843697,13.601592952347428
CONDITIONAL,-3~-1%,3~5,BETWEEN_PREV_HIGH_LOW,RANGE_10M,0.2~0.5%,891,664,2.6288297224865556,2.5040739106818464,-4.745678684989351,-1.63396933951052,-1.5185447597939195,7.064060317752208,0.4716390332740473,0.46624322840410554,-1.1440539245628
CONDITIONAL,-3~-1%,3~5,BETWEEN_PREV_HIGH_LOW,NIGHT_RETURN,-1~-0.5%,891,133,2.6288297224865556,2.6419789005073646,0.5001913173886182,-1.63396933951052,-1.1126168503357767,31.907115792694263,0.4716390332740473,0.9051963457776957,91.92566389044575
CONDITIONAL,-3~-1%,3~5,BETWEEN_PREV_HIGH_LOW,RETURN_5M,0.05~0.2%,891,224,2.6288297224865556,2.917009118799277,10.962269402528603,-1.63396933951052,-1.4976004154826257,8.345867987262578,0.4716390332740473,0.6763789012770404,43.410289131864175
CONDITIONAL,-3~-1%,3~5,BETWEEN_PREV_HIGH_LOW,RETURN_10M,0~0.2%,891,228,2.6288297224865556,2.732574707681489,3.946432296756111,-1.63396933951052,-1.450724684304455,11.214693616035575,0.4716390332740473,0.48073830323270916,1.9292868733734931
CONDITIONAL,-3~-1%,3~5,BETWEEN_PREV_HIGH_LOW,NIGHT_RETURN,0~0.5%,891,221,2.6288297224865556,2.901000663705199,10.353311927757826,-1.63396933951052,-1.8449783977841114,-12.913893374327479,0.4716390332740473,0.38506607498402146,-18.355766207272836
CONDITIONAL,-3~-1%,3~5,BETWEEN_PREV_HIGH_LOW,DIRECTION,DOWN,891,157,2.6288297224865556,2.436602472771984,-7.312274662382768,-1.63396933951052,-1.539633921451583,5.773389731241619,0.4716390332740473,0.2701570036816417,-42.7195408729739
CONDITIONAL,-3~-1%,3~5,BETWEEN_PREV_HIGH_LOW,PERSISTENCE,DOWN_PERSISTENT,891,157,2.6288297224865556,2.436602472771984,-7.312274662382768,-1.63396933951052,-1.539633921451583,5.773389731241619,0.4716390332740473,0.2701570036816417,-42.7195408729739
CONDITIONAL,-3~-1%,3~5,BETWEEN_PREV_HIGH_LOW,RETURN_5M,-0.5~-0.2%,891,101,2.6288297224865556,3.1023925104244197,18.014205480373636,-1.63396933951052,-1.2965892104228351,20.647886158546406,0.4716390332740473,1.387214164924909,194.1262421167893
CONDITIONAL,-3~-1%,3~5,BETWEEN_PREV_HIGH_LOW,RETURN_10M,-0.5~-0.2%,891,177,2.6288297224865556,2.5611323569656577,-2.5751902050492776,-1.63396933951052,-1.3784631034761308,15.637149967020184,0.4716390332740473,0.384127086614324,-18.554856677622407
CONDITIONAL,-3~-1%,3~5,BETWEEN_PREV_HIGH_LOW,NIGHT_RETURN,-2~-1%,891,159,2.6288297224865556,2.050663637371121,-21.993287742066432,-1.63396933951052,-1.4645977031742767,10.365655721972177,0.4716390332740473,0.4068762430087764,-13.731431390590673
CONDITIONAL,-3~-1%,3~5,BETWEEN_PREV_HIGH_LOW,DIRECTION,DOWN_MIXED,891,267,2.6288297224865556,2.4676058132685115,-6.132915640711248,-1.63396933951052,-1.5530044256471365,4.9551060662887165,0.4716390332740473,0.6769652407688928,43.534608675092414
CONDITIONAL,-3~-1%,3~5,BETWEEN_PREV_HIGH_LOW,RETURN_5M,-0.2~-0.05%,891,208,2.6288297224865556,2.38672130824491,-9.20974120806273,-1.63396933951052,-1.3678947641349914,16.283939296880266,0.4716390332740473,0.47427807240114717,0.5595463778262852
CONDITIONAL,-3~-1%,3~5,BETWEEN_PREV_HIGH_LOW,NIGHT_RETURN,0.5~1%,891,98,2.6288297224865556,2.7749041911042105,5.556634854215135,-1.63396933951052,-1.546896926386567,5.328889044517611,0.4716390332740473,0.522392448245133,10.761071792290615
CONDITIONAL,-3~-1%,3~5,BETWEEN_PREV_HIGH_LOW,RANGE_10M,0.5~1%,891,167,2.6288297224865556,2.862773062532653,8.899143905936036,-1.63396933951052,-2.0793364096041156,-27.25675808745665,0.4716390332740473,0.16134735393275793,-65.79007619180524
CONDITIONAL,-3~-1%,3~5,BETWEEN_PREV_HIGH_LOW,DIRECTION,FLAT_MIXED,891,63,2.6288297224865556,3.193500543439148,21.479931397705066,-1.63396933951052,-0.7705984867637983,52.83886495724316,0.4716390332740473,1.2995803855662347,175.5455536715744
CONDITIONAL,-3~-1%,3~5,BETWEEN_PREV_HIGH_LOW,RETURN_10M,0.2~0.5%,891,168,2.6288297224865556,2.811903536715203,6.964080353423641,-1.63396933951052,-1.8268701317567657,-11.805655564138807,0.4716390332740473,0.5006963997781257,6.160933352434073
CONDITIONAL,-3~-1%,3~5,BETWEEN_PREV_HIGH_LOW,DIRECTION,UP,891,178,2.6288297224865556,2.8506023687087607,8.436173873309489,-1.63396933951052,-1.6263723065686648,0.4649434207945972,0.4716390332740473,0.4788226460278164,1.5231166733383987
CONDITIONAL,-3~-1%,3~5,BETWEEN_PREV_HIGH_LOW,PERSISTENCE,UP_PERSISTENT,891,178,2.6288297224865556,2.8506023687087607,8.436173873309489,-1.63396933951052,-1.6263723065686648,0.4649434207945972,0.4716390332740473,0.4788226460278164,1.5231166733383987
CONDITIONAL,-3~-1%,3~5,BETWEEN_PREV_HIGH_LOW,RETURN_5M,0.2~0.5%,891,112,2.6288297224865556,2.324885104538287,-11.561974339698718,-1.63396933951052,-1.8433350299826583,-12.8133181822651,0.4716390332740473,0.14999644822552055,-68.19676963879182
CONDITIONAL,-3~-1%,3~5,BETWEEN_PREV_HIGH_LOW,NIGHT_RETURN,-0.5~0%,891,193,2.6288297224865556,2.4780575297334373,-5.735335060443016,-1.63396933951052,-1.4438004054175393,11.638464045472762,0.4716390332740473,0.3707836507341459,-21.384019435325047
CONDITIONAL,-3~-1%,3~5,BETWEEN_PREV_HIGH_LOW,RETURN_10M,0.5~1%,891,31,2.6288297224865556,3.044323016648528,15.805257016379354,-1.63396933951052,-4.57752064402705,-180.14727898127606,0.4716390332740473,-1.8938807139341018,-501.55300565075504
CONDITIONAL,-3~-1%,3~5,BETWEEN_PREV_HIGH_LOW,RETURN_10M,-1~-0.5%,891,42,2.6288297224865556,3.9406936781683455,49.902964214849376,-1.63396933951052,-1.5639877158929785,4.282921467700581,0.4716390332740473,2.307469555351229,389.24482338391766
CONDITIONAL,-3~-1%,3~5,BETWEEN_PREV_HIGH_LOW,RANGE_10M,1~2%,891,47,2.6288297224865556,3.768212766174952,43.341835111734724,-1.63396933951052,-1.7627302345253681,-7.880251599667131,0.4716390332740473,1.7652225717740295,274.2740628399901
CONDITIONAL,-3~-1%,3~5,BETWEEN_PREV_HIGH_LOW,NIGHT_RETURN,<-2%,891,63,2.6288297224865556,2.9304716619921525,11.474381049689292,-1.63396933951052,-3.1991715465611583,-95.79140619122745,0.4716390332740473,0.19544690988729577,-58.56006477442449
CONDITIONAL,-3~-1%,5~10,BETWEEN_PREV_HIGH_LOW,DIRECTION,UP_MIXED,1810,491,2.203652104349312,2.2560526100687657,2.3778937526496065,-1.7253122270640437,-1.9447172874216718,-12.716832171936133,0.24288346604406216,0.0713170569832349,-70.63733561415124
CONDITIONAL,-3~-1%,5~10,BETWEEN_PREV_HIGH_LOW,PERSISTENCE,MIXED,1810,1153,2.203652104349312,2.251873651224549,2.188255885766329,-1.7253122270640437,-1.8067585866666753,-4.7206736453278655,0.24288346604406216,0.3031174312007659,24.79953293559164
CONDITIONAL,-3~-1%,5~10,BETWEEN_PREV_HIGH_LOW,RETURN_5M,-0.05~0.05%,1810,515,2.203652104349312,1.8042437219580802,-18.124838380927997,-1.7253122270640437,-2.045436110733312,-18.554547904295653,0.24288346604406216,-0.23953804551683316,-198.62262319386446
CONDITIONAL,-3~-1%,5~10,BETWEEN_PREV_HIGH_LOW,RETURN_10M,-0.2~0%,1810,447,2.203652104349312,2.0224239401389137,-8.22399161159382,-1.7253122270640437,-1.764155481969891,-2.251375391452866,0.24288346604406216,0.2554983503350091,5.193801165806178
CONDITIONAL,-3~-1%,5~10,BETWEEN_PREV_HIGH_LOW,RANGE_10M,0.2~0.5%,1810,1273,2.203652104349312,2.056422132871943,-6.681180354502565,-1.7253122270640437,-1.5561405355397282,9.805279813740976,0.24288346604406216,0.22385600563096283,-7.833987517967775
CONDITIONAL,-3~-1%,5~10,BETWEEN_PREV_HIGH_LOW,NIGHT_RETURN,-1~-0.5%,1810,241,2.203652104349312,1.9378493611922896,-12.061919512268373,-1.7253122270640437,-1.4874079681896915,13.789055403565587,0.24288346604406216,0.13471851784090047,-44.53368109607724
CONDITIONAL,-3~-1%,5~10,BETWEEN_PREV_HIGH_LOW,RETURN_5M,0.05~0.2%,1810,423,2.203652104349312,2.2721053603900145,3.106354941671495,-1.7253122270640437,-1.3323856567947998,22.774229736833508,0.24288346604406216,0.4581320328894507,88.62215709913318
CONDITIONAL,-3~-1%,5~10,BETWEEN_PREV_HIGH_LOW,RETURN_10M,0~0.2%,1810,450,2.203652104349312,2.2466434102485655,1.9509116622538774,-1.7253122270640437,-1.3753508307243745,20.283945760657886,0.24288346604406216,0.3694327343847845,52.102874848535265
CONDITIONAL,-3~-1%,5~10,BETWEEN_PREV_HIGH_LOW,NIGHT_RETURN,0~0.5%,1810,478,2.203652104349312,2.421967037980491,9.906960050558562,-1.7253122270640437,-1.6089049041357204,6.7470293841488145,0.24288346604406216,0.317384996475524,30.673776047788404
CONDITIONAL,-3~-1%,5~10,BETWEEN_PREV_HIGH_LOW,RANGE_10M,0.5~1%,1810,403,2.203652104349312,2.3389802386495164,6.14108434054131,-1.7253122270640437,-2.154055953710012,-24.850210873168127,0.24288346604406216,-0.05128635225562381,-121.11562103874118
CONDITIONAL,-3~-1%,5~10,BETWEEN_PREV_HIGH_LOW,DIRECTION,DOWN_MIXED,1810,602,2.203652104349312,2.2878272373671664,3.819801358468496,-1.7253122270640437,-1.7611725164381173,-2.078481147444071,0.24288346604406216,0.4859816275046953,100.08839441402407
CONDITIONAL,-3~-1%,5~10,BETWEEN_PREV_HIGH_LOW,RETURN_5M,-0.2~-0.05%,1810,421,2.203652104349312,2.2431127424304607,1.7906927324538229,-1.7253122270640437,-1.7414715063115225,-0.9366002856756487,0.24288346604406216,0.2162148410942924,-10.980008390086024
CONDITIONAL,-3~-1%,5~10,BETWEEN_PREV_HIGH_LOW,NIGHT_RETURN,-2~-1%,1810,364,2.203652104349312,1.7382581707032754,-21.11921081950713,-1.7253122270640437,-1.487602093444414,13.777803802163968,0.24288346604406216,0.24562040359676918,1.1268521473629243
CONDITIONAL,-3~-1%,5~10,BETWEEN_PREV_HIGH_LOW,DIRECTION,FLAT_MIXED,1810,67,2.203652104349312,1.9885388895171972,-9.761668568625204,-1.7253122270640437,-1.1368147421757164,34.109622342952434,0.24288346604406216,0.40447495819643026,66.5304620294958
CONDITIONAL,-3~-1%,5~10,BETWEEN_PREV_HIGH_LOW,NIGHT_RETURN,1~2%,1810,69,2.203652104349312,2.947111597986032,33.73760731874901,-1.7253122270640437,-1.7849556185926958,-3.4569622004097753,0.24288346604406216,0.51376656851225,111.52801254040328
CONDITIONAL,-3~-1%,5~10,BETWEEN_PREV_HIGH_LOW,DIRECTION,DOWN,1810,311,2.203652104349312,1.9655669002580414,-10.804119380793619,-1.7253122270640437,-1.8957278489977631,-9.87737867155297,0.24288346604406216,-0.23434261699903366,-196.48356095038636
CONDITIONAL,-3~-1%,5~10,BETWEEN_PREV_HIGH_LOW,PERSISTENCE,DOWN_PERSISTENT,1810,311,2.203652104349312,1.9655669002580414,-10.804119380793619,-1.7253122270640437,-1.8957278489977631,-9.87737867155297,0.24288346604406216,-0.23434261699903366,-196.48356095038636
CONDITIONAL,-3~-1%,5~10,BETWEEN_PREV_HIGH_LOW,RETURN_5M,-0.5~-0.2%,1810,185,2.203652104349312,2.887188864336391,31.018360776548803,-1.7253122270640437,-1.5778290615610981,8.548201490110404,0.24288346604406216,1.1620662653588905,378.44601540233157
CONDITIONAL,-3~-1%,5~10,BETWEEN_PREV_HIGH_LOW,RETURN_10M,-0.5~-0.2%,1810,402,2.203652104349312,1.994917593301696,-9.472208005775498,-1.7253122270640437,-1.6423047274754965,4.81115813627547,0.24288346604406216,0.011717472559076314,-95.17568126397265
CONDITIONAL,-3~-1%,5~10,BETWEEN_PREV_HIGH_LOW,NIGHT_RETURN,0.5~1%,1810,147,2.203652104349312,2.075955772069003,-5.794759164946077,-1.7253122270640437,-1.5542304191595668,9.915991159212155,0.24288346604406216,0.16541846154646744,-31.893897826516348
CONDITIONAL,-3~-1%,5~10,BETWEEN_PREV_HIGH_LOW,DIRECTION,UP,1810,339,2.203652104349312,2.239212592494255,1.6137069946185352,-1.7253122270640437,-1.3038204696225788,24.429882941171503,0.24288346604406216,0.46555218433833867,91.67718244513257
CONDITIONAL,-3~-1%,5~10,BETWEEN_PREV_HIGH_LOW,PERSISTENCE,UP_PERSISTENT,1810,339,2.203652104349312,2.239212592494255,1.6137069946185352,-1.7253122270640437,-1.3038204696225788,24.429882941171503,0.24288346604406216,0.46555218433833867,91.67718244513257
CONDITIONAL,-3~-1%,5~10,BETWEEN_PREV_HIGH_LOW,RETURN_10M,0.2~0.5%,1810,309,2.203652104349312,2.4508644955573278,11.218303956422929,-1.7253122270640437,-1.3893866681204012,19.470421276459945,0.24288346604406216,0.5169832822905301,112.85239819360233
CONDITIONAL,-3~-1%,5~10,BETWEEN_PREV_HIGH_LOW,RETURN_5M,0.2~0.5%,1810,211,2.203652104349312,2.244069971970336,1.8341310564064077,-1.7253122270640437,-1.541374475550116,10.661128381784776,0.24288346604406216,0.3316322240194598,36.53964570782989
CONDITIONAL,-3~-1%,5~10,BETWEEN_PREV_HIGH_LOW,NIGHT_RETURN,-0.5~0%,1810,350,2.203652104349312,2.342274194793464,6.290561480669125,-1.7253122270640437,-1.5550837868197225,9.866529522832993,0.24288346604406216,0.38035925370225643,56.60154225288204
CONDITIONAL,-3~-1%,5~10,BETWEEN_PREV_HIGH_LOW,RETURN_10M,0.5~1%,1810,90,2.203652104349312,1.7890009478135824,-18.816543487846346,-1.7253122270640437,-4.329945318839561,-150.96589770350207,0.24288346604406216,-1.540981667717984,-734.4530950651166
CONDITIONAL,-3~-1%,5~10,BETWEEN_PREV_HIGH_LOW,NIGHT_RETURN,<-2%,1810,161,2.203652104349312,2.5021753267164804,13.546749134220335,-1.7253122270640437,-3.4651737253124586,-100.84328337538821,0.24288346604406216,-0.1668080146266718,-168.67820907842724
CONDITIONAL,-3~-1%,5~10,BETWEEN_PREV_HIGH_LOW,RETURN_5M,<-0.5%,1810,43,2.203652104349312,2.6713029001968263,21.221625451881437,-1.7253122270640437,-3.2455517014021726,-88.11387588234471,0.24288346604406216,-0.4142029138526972,-270.53565670771326
CONDITIONAL,-3~-1%,5~10,BETWEEN_PREV_HIGH_LOW,RETURN_10M,-1~-0.5%,1810,100,2.203652104349312,3.4408762064786687,56.14425705797517,-1.7253122270640437,-2.1249984069430554,-23.166020248935226,0.24288346604406216,1.4251422439022583,486.75967825809903
CONDITIONAL,-3~-1%,5~10,BETWEEN_PREV_HIGH_LOW,RANGE_10M,1~2%,1810,117,2.203652104349312,3.3223218616645602,50.76435409688074,-1.7253122270640437,-2.0515068849209173,-18.906413154676212,0.24288346604406216,1.371299867874204,464.5916909080311
CONDITIONAL,-5~-3%,1~2,BETWEEN_PREV_HIGH_LOW,PERSISTENCE,MIXED,71,47,4.545128365306348,4.573234577195813,0.6183810363642144,-0.6421623160569052,-0.811078688363484,-26.304310932441922,1.5034436403663995,1.6828064056046157,11.930128966756893
CONDITIONAL,-5~-3%,1~2,BETWEEN_PREV_HIGH_LOW,RANGE_10M,0.2~0.5%,71,60,4.545128365306348,4.471245127277249,-1.6255478853592111,-0.6421623160569052,-0.6981636789389427,-8.720748863917287,1.5034436403663995,1.4612539066125045,-2.8062065395157134
CONDITIONAL,-1~0%,2~3,BETWEEN_PREV_HIGH_LOW,DIRECTION,UP_MIXED,1728,447,0.9118641014509398,0.8933974928173432,-2.0251492085512437,-0.5192398218907976,-0.5103853397812924,1.70527793443536,0.17906095326064606,0.17124861635425107,-4.36294835034366
CONDITIONAL,-1~0%,2~3,BETWEEN_PREV_HIGH_LOW,PERSISTENCE,MIXED,1728,1009,0.9118641014509398,0.9274260930032502,1.706613027922526,-0.5192398218907976,-0.5454665830756131,-5.050991869096528,0.17906095326064606,0.14665632876567217,-18.096979774146977
CONDITIONAL,-1~0%,2~3,BETWEEN_PREV_HIGH_LOW,RETURN_5M,-0.05~0.05%,1728,423,0.9118641014509398,1.006087247777308,10.33302508306251,-0.5192398218907976,-0.5732385621168851,-10.399576062839802,0.17906095326064606,0.08819538323610877,-50.74560833610153
CONDITIONAL,-1~0%,2~3,BETWEEN_PREV_HIGH_LOW,RETURN_10M,-0.2~0%,1728,440,0.9118641014509398,0.8869787142410727,-2.7290675409054903,-0.5192398218907976,-0.6057383577666405,-16.658686839707485,0.17906095326064606,0.06441729270055464,-64.02493590727897
CONDITIONAL,-1~0%,2~3,BETWEEN_PREV_HIGH_LOW,RANGE_10M,0.2~0.5%,1728,1355,0.9118641014509398,0.8940231057914072,-1.9565410713223972,-0.5192398218907976,-0.5245659375142715,-1.0257525326310575,0.17906095326064606,0.1639836715610803,-8.420195148642405
CONDITIONAL,-1~0%,2~3,BETWEEN_PREV_HIGH_LOW,NIGHT_RETURN,-1~-0.5%,1728,217,0.9118641014509398,1.1156810062308453,22.351675480545424,-0.5192398218907976,-0.5814685415806938,-11.984581510580602,0.17906095326064606,0.1666888236964903,-6.909451412417394
CONDITIONAL,-1~0%,2~3,BETWEEN_PREV_HIGH_LOW,RETURN_5M,0.05~0.2%,1728,475,0.9118641014509398,0.9915623743878722,8.740148099932671,-0.5192398218907976,-0.4530406279005682,12.749252118061147,0.17906095326064606,0.28334726093941665,58.240674909715565
CONDITIONAL,-1~0%,2~3,BETWEEN_PREV_HIGH_LOW,RETURN_10M,0~0.2%,1728,477,0.9118641014509398,0.9698634504072955,6.360525528318127,-0.5192398218907976,-0.503607696295903,3.0105791073517296,0.17906095326064606,0.25904874256228066,44.67070449759205
CONDITIONAL,-1~0%,2~3,BETWEEN_PREV_HIGH_LOW,RANGE_10M,0.5~1%,1728,341,0.9118641014509398,0.9791227765720516,7.375953830630156,-0.5192398218907976,-0.49222728948716116,5.202322946893998,0.17906095326064606,0.2456296626550223,37.176563724352015
CONDITIONAL,-1~0%,2~3,BETWEEN_PREV_HIGH_LOW,NIGHT_RETURN,0~0.5%,1728,514,0.9118641014509398,0.9060234238493181,-0.6405206205977502,-0.5192398218907976,-0.4841354110194436,6.760731629465999,0.17906095326064606,0.21083227545927558,17.743300043970116
CONDITIONAL,-1~0%,2~3,BETWEEN_PREV_HIGH_LOW,DIRECTION,DOWN_MIXED,1728,470,0.9118641014509398,0.90460370301731,-0.7962149647164747,-0.5192398218907976,-0.5773839390971575,-11.197931043622502,0.17906095326064606,0.11846597903006166,-33.84041753780942
CONDITIONAL,-1~0%,2~3,BETWEEN_PREV_HIGH_LOW,RETURN_5M,-0.2~-0.05%,1728,461,0.9118641014509398,0.8475038105042658,-7.058101184624458,-0.5192398218907976,-0.5384110443217497,-3.6921710590571726,0.17906095326064606,0.17207729802630453,-3.9001552863263953
CONDITIONAL,-1~0%,2~3,BETWEEN_PREV_HIGH_LOW,RETURN_10M,-0.5~-0.2%,1728,370,0.9118641014509398,0.9645243161124452,5.775006887288744,-0.5192398218907976,-0.5340036629898086,-2.8433568606600397,0.17906095326064606,0.16388540535553625,-8.475073782847486
CONDITIONAL,-1~0%,2~3,BETWEEN_PREV_HIGH_LOW,DIRECTION,FLAT_MIXED,1728,101,0.9118641014509398,1.1551118253734147,26.675874566771967,-0.5192398218907976,-0.5573352530079826,-7.336769930022213,0.17906095326064606,0.1518081661941205,-15.219838032949404
CONDITIONAL,-1~0%,2~3,BETWEEN_PREV_HIGH_LOW,NIGHT_RETURN,1~2%,1728,99,0.9118641014509398,0.9127480275548334,0.09693616652823216,-0.5192398218907976,-0.5062009959758486,2.511137506262244,0.17906095326064606,0.23684258730655133,32.2692541247654
CONDITIONAL,-1~0%,2~3,BETWEEN_PREV_HIGH_LOW,DIRECTION,DOWN,1728,316,0.9118641014509398,0.8308997538011358,-8.878992771069191,-0.5192398218907976,-0.5194364823758366,-0.037874692338279226,0.17906095326064606,0.16134189952431216,-9.895543061552651
CONDITIONAL,-1~0%,2~3,BETWEEN_PREV_HIGH_LOW,PERSISTENCE,DOWN_PERSISTENT,1728,316,0.9118641014509398,0.8308997538011358,-8.878992771069191,-0.5192398218907976,-0.5194364823758366,-0.037874692338279226,0.17906095326064606,0.16134189952431216,-9.895543061552651
CONDITIONAL,-1~0%,2~3,BETWEEN_PREV_HIGH_LOW,RETURN_5M,-0.5~-0.2%,1728,138,0.9118641014509398,0.9033622525299452,-0.9323592087315008,-0.5192398218907976,-0.487308890547178,6.149553635417256,0.17906095326064606,0.2235796610195406,24.86232031507835
CONDITIONAL,-1~0%,2~3,BETWEEN_PREV_HIGH_LOW,NIGHT_RETURN,-2~-1%,1728,215,0.9118641014509398,0.800508598495666,-12.211852926119924,-0.5192398218907976,-0.7010124276823302,-35.007447065522165,0.17906095326064606,0.13033946825032713,-27.20944132325632
CONDITIONAL,-1~0%,2~3,BETWEEN_PREV_HIGH_LOW,NIGHT_RETURN,0.5~1%,1728,226,0.9118641014509398,0.9966040379289617,9.293044472656115,-0.5192398218907976,-0.4248356758520752,18.181222251974493,0.17906095326064606,0.18206644088143897,1.6784718086572719
CONDITIONAL,-1~0%,2~3,BETWEEN_PREV_HIGH_LOW,DIRECTION,UP,1728,394,0.9118641014509398,0.9440561701417912,3.5303581574960656,-0.5192398218907976,-0.4500023476772202,13.334392181526269,0.17906095326064606,0.2814048744787524,57.15591219328074
CONDITIONAL,-1~0%,2~3,BETWEEN_PREV_HIGH_LOW,PERSISTENCE,UP_PERSISTENT,1728,394,0.9118641014509398,0.9440561701417912,3.5303581574960656,-0.5192398218907976,-0.4500023476772202,13.334392181526269,0.17906095326064606,0.2814048744787524,57.15591219328074
CONDITIONAL,-1~0%,2~3,BETWEEN_PREV_HIGH_LOW,RETURN_10M,0.2~0.5%,1728,380,0.9118641014509398,0.8510779293528155,-6.666143781886202,-0.5192398218907976,-0.4470554902620221,13.90192519632224,0.17906095326064606,0.22271407225150627,24.378915780325112
CONDITIONAL,-1~0%,2~3,BETWEEN_PREV_HIGH_LOW,RETURN_5M,0.2~0.5%,1728,220,0.9118641014509398,0.7168529228115402,-21.38599143546738,-0.5192398218907976,-0.5446143084104116,-4.886852943445947,0.17906095326064606,0.11041789755732928,-38.335021931553136
CONDITIONAL,-1~0%,2~3,BETWEEN_PREV_HIGH_LOW,NIGHT_RETURN,-0.5~0%,1728,443,0.9118641014509398,0.8413807255064228,-7.729592143430715,-0.5192398218907976,-0.4901642177952777,5.599648345468176,0.17906095326064606,0.16719146563998236,-6.628741445035281
CONDITIONAL,-1~0%,2~3,BETWEEN_PREV_HIGH_LOW,RETURN_10M,0.5~1%,1728,39,0.9118641014509398,0.5970167994234918,-34.52787553830326,-0.5192398218907976,-0.3668127080285474,29.35582122865521,0.17906095326064606,0.16947402118132981,-5.354004826145005
CONDITIONAL,-1~0%,1~2,BETWEEN_PREV_HIGH_LOW,DIRECTION,UP_MIXED,472,142,0.7208128888676951,0.7740921369919758,7.391550421354913,-0.2848810585137175,-0.2998346719618603,-5.249072551948129,0.20528675404500626,0.24536894173668028,19.524975139353877
CONDITIONAL,-1~0%,1~2,BETWEEN_PREV_HIGH_LOW,PERSISTENCE,MIXED,472,272,0.7208128888676951,0.6617775192768455,-8.190110152384577,-0.2848810585137175,-0.3095812778750835,-8.67036211190456,0.20528675404500626,0.19281331676259886,-6.07610429637013
CONDITIONAL,-1~0%,1~2,BETWEEN_PREV_HIGH_LOW,RETURN_5M,-0.05~0.05%,472,92,0.7208128888676951,0.5680126504140671,-21.19832217396357,-0.2848810585137175,-0.3191524936930549,-12.030085593664406,0.20528675404500626,0.12025225458276989,-41.422302114823125
CONDITIONAL,-1~0%,1~2,BETWEEN_PREV_HIGH_LOW,RETURN_10M,-0.2~0%,472,117,0.7208128888676951,0.5259298492970326,-27.036564215270747,-0.2848810585137175,-0.2844263638128116,0.15960861114392844,0.20528675404500626,0.13544887275726777,-34.019672439473375
CONDITIONAL,-1~0%,1~2,BETWEEN_PREV_HIGH_LOW,RANGE_10M,0.2~0.5%,472,359,0.7208128888676951,0.7421957921535466,2.966498465287055,-0.2848810585137175,-0.3066592512355274,-7.644661542410431,0.20528675404500626,0.21530234759932698,4.878830882641818
CONDITIONAL,-1~0%,1~2,BETWEEN_PREV_HIGH_LOW,NIGHT_RETURN,-1~-0.5%,472,73,0.7208128888676951,0.8812366951888781,22.255956961755818,-0.2848810585137175,-0.3860224460489711,-35.503022932773725,0.20528675404500626,0.4062995955387326,97.91807680375574
CONDITIONAL,-1~0%,1~2,BETWEEN_PREV_HIGH_LOW,RETURN_5M,0.05~0.2%,472,162,0.7208128888676951,0.9222461306507408,27.94528856156714,-0.2848810585137175,-0.2644492636539389,7.172043998423561,0.20528675404500626,0.3641045325450413,77.36387047418387
CONDITIONAL,-1~0%,1~2,BETWEEN_PREV_HIGH_LOW,RETURN_10M,0~0.2%,472,132,0.7208128888676951,0.6657965286889718,-7.632543899866582,-0.2848810585137175,-0.31257211154970355,-9.720215580655287,0.20528675404500626,0.13052550621624054,-36.41795992954098
CONDITIONAL,-1~0%,1~2,BETWEEN_PREV_HIGH_LOW,NIGHT_RETURN,0~0.5%,472,130,0.7208128888676951,0.7471878179778917,3.6590534821912253,-0.2848810585137175,-0.25415051304019604,10.787149427852086,0.20528675404500626,0.13801500668789107,-32.76964832439545
CONDITIONAL,-1~0%,1~2,BETWEEN_PREV_HIGH_LOW,DIRECTION,DOWN_MIXED,472,106,0.7208128888676951,0.5473753837616543,-24.061376785102855,-0.2848810585137175,-0.3463771722934211,-21.58659269961343,0.20528675404500626,0.11206021054107095,-45.4128391954099
CONDITIONAL,-1~0%,1~2,BETWEEN_PREV_HIGH_LOW,RETURN_5M,-0.2~-0.05%,472,108,0.7208128888676951,0.5877332778384218,-18.46243499312622,-0.2848810585137175,-0.2974781388492766,-4.421873606227333,0.20528675404500626,0.1738246177785767,-15.325945608517896
CONDITIONAL,-1~0%,1~2,BETWEEN_PREV_HIGH_LOW,RETURN_10M,-0.5~-0.2%,472,102,0.7208128888676951,0.8654733820140361,20.06907692419098,-0.2848810585137175,-0.3044747840599637,-6.877861816601875,0.20528675404500626,0.2579519795796862,25.654468443265365
CONDITIONAL,-1~0%,1~2,BETWEEN_PREV_HIGH_LOW,DIRECTION,DOWN,472,85,0.7208128888676951,0.7614309176479662,5.635030866897626,-0.2848810585137175,-0.26485936859307785,7.028087449933268,0.20528675404500626,0.12181376637538596,-40.66165304134529
CONDITIONAL,-1~0%,1~2,BETWEEN_PREV_HIGH_LOW,PERSISTENCE,DOWN_PERSISTENT,472,85,0.7208128888676951,0.7614309176479662,5.635030866897626,-0.2848810585137175,-0.26485936859307785,7.028087449933268,0.20528675404500626,0.12181376637538596,-40.66165304134529
CONDITIONAL,-1~0%,1~2,BETWEEN_PREV_HIGH_LOW,NIGHT_RETURN,0.5~1%,472,58,0.7208128888676951,0.5146652232805379,-28.599331223251134,-0.2848810585137175,-0.23958249001076343,15.900870608697506,0.20528675404500626,0.1865542523366624,-9.12504160119217
CONDITIONAL,-1~0%,1~2,BETWEEN_PREV_HIGH_LOW,RANGE_10M,0.5~1%,472,101,0.7208128888676951,0.676740943818835,-6.114200471372193,-0.2848810585137175,-0.22690955231348117,20.34937194585188,0.20528675404500626,0.16820818894012254,-18.061840023421464
CONDITIONAL,-1~0%,1~2,BETWEEN_PREV_HIGH_LOW,RETURN_5M,-0.5~-0.2%,472,43,0.7208128888676951,0.9580575296337746,32.91348482111084,-0.2848810585137175,-0.21866511522577448,23.24336466362666,0.20528675404500626,0.15399387539634335,-24.98596603920079
CONDITIONAL,-1~0%,1~2,BETWEEN_PREV_HIGH_LOW,NIGHT_RETURN,-2~-1%,472,53,0.7208128888676951,0.5563007851932551,-22.82313568683095,-0.2848810585137175,-0.3994612482004369,-40.220360835679145,0.20528675404500626,0.05017066299413078,-75.56069156652379
CONDITIONAL,-1~0%,1~2,BETWEEN_PREV_HIGH_LOW,RETURN_10M,0.2~0.5%,472,101,0.7208128888676951,0.9222051876552496,27.939608447334514,-0.2848810585137175,-0.2484432334010809,12.790539779211763,0.20528675404500626,0.3449992100433675,68.05721910714765
CONDITIONAL,-1~0%,1~2,BETWEEN_PREV_HIGH_LOW,DIRECTION,UP,472,115,0.7208128888676951,0.8304223504536773,15.206368154454704,-0.2848810585137175,-0.2412583104873071,15.312617923423606,0.20528675404500626,0.2964865705035504,44.42557284458296
CONDITIONAL,-1~0%,1~2,BETWEEN_PREV_HIGH_LOW,PERSISTENCE,UP_PERSISTENT,472,115,0.7208128888676951,0.8304223504536773,15.206368154454704,-0.2848810585137175,-0.2412583104873071,15.312617923423606,0.20528675404500626,0.2964865705035504,44.42557284458296
CONDITIONAL,-1~0%,1~2,BETWEEN_PREV_HIGH_LOW,RETURN_5M,0.2~0.5%,472,59,0.7208128888676951,0.542692299647974,-24.71107162075386,-0.2848810585137175,-0.33993008062930846,-19.323510802295157,0.20528675404500626,0.01289876310191723,-93.71670950621132
CONDITIONAL,-1~0%,1~2,BETWEEN_PREV_HIGH_LOW,NIGHT_RETURN,-0.5~0%,472,132,0.7208128888676951,0.7746834301141283,7.473581851603255,-0.2848810585137175,-0.25552986924063104,10.302962726345367,0.20528675404500626,0.23527564240130389,14.608291945481769
CONDITIONAL,<-5%,3~5,BELOW_PREV_LOW,PERSISTENCE,MIXED,78,53,4.9434923338117,4.646784184010692,-6.001994739055856,-2.884090857108864,-2.5770197018828123,10.647069403835388,0.03066655969362543,0.02833472803708638,-7.603825404072838
CONDITIONAL,<-5%,3~5,BELOW_PREV_LOW,RANGE_10M,0.2~0.5%,78,46,4.9434923338117,4.1058635181832,-16.944070286089495,-2.884090857108864,-3.0856936988227757,-6.990169578638277,0.03066655969362543,-0.0745584938224904,-343.1263714200998
CONDITIONAL,<-5%,3~5,BELOW_PREV_LOW,DIRECTION,DOWN_MIXED,78,35,4.9434923338117,5.165009168217848,4.480978616899089,-2.884090857108864,-2.858590087001534,0.8841874743465277,0.03066655969362543,-0.18746652340765355,-711.3060130661532
CONDITIONAL,-3~-1%,5~10,BELOW_PREV_LOW,DIRECTION,UP_MIXED,2617,632,1.6173094654202054,1.4693235748169922,-9.150128269654557,-1.2495108225083735,-1.6084976372135196,-28.7301885056494,0.17516149945435833,-0.3377760143000532,-292.8369050003863
CONDITIONAL,-3~-1%,5~10,BELOW_PREV_LOW,PERSISTENCE,MIXED,2617,1540,1.6173094654202054,1.5589358812755967,-3.60930207809315,-1.2495108225083735,-1.3754976368765182,-10.082891008116924,0.17516149945435833,0.08118619975590795,-53.650659529172074
CONDITIONAL,-3~-1%,5~10,BELOW_PREV_LOW,RETURN_5M,0.05~0.2%,2617,524,1.6173094654202054,1.6561583266700335,2.4020672654465978,-1.2495108225083735,-1.072116605883088,14.19709324879391,0.17516149945435833,0.23175046712334166,32.30673855000234
CONDITIONAL,-3~-1%,5~10,BELOW_PREV_LOW,RETURN_10M,0~0.2%,2617,527,1.6173094654202054,1.740457831196166,7.6143971459392015,-1.2495108225083735,-0.8649681923908252,30.775454136970577,0.17516149945435833,0.4077561379779832,132.78867744805524
CONDITIONAL,-3~-1%,5~10,BELOW_PREV_LOW,RANGE_10M,0.2~0.5%,2617,1721,1.6173094654202054,1.5851567103434039,-1.9880397514675792,-1.2495108225083735,-0.9787851754135003,21.666530790937504,0.17516149945435833,0.30693234717049894,75.2282026167948
CONDITIONAL,-3~-1%,5~10,BELOW_PREV_LOW,NIGHT_RETURN,0~0.5%,2617,608,1.6173094654202054,1.599473365676362,-1.102825410052815,-1.2495108225083735,-0.9984745100446218,20.090767358044985,0.17516149945435833,0.200375540595412,14.394739266104342
CONDITIONAL,-3~-1%,5~10,BELOW_PREV_LOW,RANGE_10M,0.5~1%,2617,587,1.6173094654202054,1.5870955232023505,-1.8681608476213787,-1.2495108225083735,-1.702227804303494,-36.23153746570183,0.17516149945435833,-0.21379874300427787,-222.05806850836373
CONDITIONAL,-3~-1%,5~10,BELOW_PREV_LOW,DIRECTION,DOWN_MIXED,2617,813,1.6173094654202054,1.6135651314396735,-0.23151623486968356,-1.2495108225083735,-1.2909646174070524,-3.317601908838292,0.17516149945435833,0.31457503571522544,79.59142659497157
CONDITIONAL,-3~-1%,5~10,BELOW_PREV_LOW,RETURN_5M,-0.2~-0.05%,2617,469,1.6173094654202054,1.6196716689536643,0.146057608884717,-1.2495108225083735,-0.9675106008702361,22.568849869745534,0.17516149945435833,0.4590583677904837,162.07720830233023
CONDITIONAL,-3~-1%,5~10,BELOW_PREV_LOW,NIGHT_RETURN,-2~-1%,2617,634,1.6173094654202054,1.5216101200818184,-5.917194413594965,-1.2495108225083735,-1.1745593398872645,5.998466061353925,0.17516149945435833,0.27387985958408206,56.35848085180767
CONDITIONAL,-3~-1%,5~10,BELOW_PREV_LOW,RETURN_10M,-0.5~-0.2%,2617,718,1.6173094654202054,1.403934366401212,-13.193214012604242,-1.2495108225083735,-1.1920109074495582,4.601794079973247,0.17516149945435833,-0.007392295971183253,-104.2202744291473
CONDITIONAL,-3~-1%,5~10,BELOW_PREV_LOW,DIRECTION,DOWN,2617,418,1.6173094654202054,1.6475756930782584,1.871393713149962,-1.2495108225083735,-1.2206875529210366,2.3067643007264778,0.17516149945435833,0.10200109434423398,-41.76740056349409
CONDITIONAL,-3~-1%,5~10,BELOW_PREV_LOW,PERSISTENCE,DOWN_PERSISTENT,2617,418,1.6173094654202054,1.6475756930782584,1.871393713149962,-1.2495108225083735,-1.2206875529210366,2.3067643007264778,0.17516149945435833,0.10200109434423398,-41.76740056349409
CONDITIONAL,-3~-1%,5~10,BELOW_PREV_LOW,RETURN_5M,-0.5~-0.2%,2617,215,1.6173094654202054,2.741774957508025,69.52692209685817,-1.2495108225083735,-0.8854960583055747,29.13258193890989,0.17516149945435833,1.4354152195368115,719.4810069611425
CONDITIONAL,-3~-1%,5~10,BELOW_PREV_LOW,NIGHT_RETURN,0.5~1%,2617,187,1.6173094654202054,1.445617456407117,-10.615903306327331,-1.2495108225083735,-1.004114508732629,19.639390820410433,0.17516149945435833,0.21785795571696973,24.375479997381944
CONDITIONAL,-3~-1%,5~10,BELOW_PREV_LOW,DIRECTION,UP,2617,649,1.6173094654202054,1.7247913213131085,6.645719832288095,-1.2495108225083735,-0.9687272007777019,22.471483773706165,0.17516149945435833,0.4573888857700073,161.1240981578767
CONDITIONAL,-3~-1%,5~10,BELOW_PREV_LOW,PERSISTENCE,UP_PERSISTENT,2617,649,1.6173094654202054,1.7247913213131085,6.645719832288095,-1.2495108225083735,-0.9687272007777019,22.471483773706165,0.17516149945435833,0.4573888857700073,161.1240981578767
CONDITIONAL,-3~-1%,5~10,BELOW_PREV_LOW,RETURN_10M,0.2~0.5%,2617,430,1.6173094654202054,1.8242025975996452,12.792426966083784,-1.2495108225083735,-0.9036319749747309,27.68114059542888,0.17516149945435833,0.4888995556384586,179.113593547337
CONDITIONAL,-3~-1%,5~10,BELOW_PREV_LOW,RETURN_10M,-0.2~0%,2617,570,1.6173094654202054,1.5548314932993692,-3.863080842391737,-1.2495108225083735,-1.271795951874374,-1.7835083109775245,0.17516149945435833,0.2050629134633087,17.070768463444082
CONDITIONAL,-3~-1%,5~10,BELOW_PREV_LOW,NIGHT_RETURN,-1~-0.5%,2617,330,1.6173094654202054,1.703364130993779,5.320853393460796,-1.2495108225083735,-0.9607484596004539,23.110032958997003,0.17516149945435833,0.260670548000527,48.81726224800314
CONDITIONAL,-3~-1%,5~10,BELOW_PREV_LOW,RETURN_5M,-0.05~0.05%,2617,889,1.6173094654202054,1.3061310372678392,-19.24050002833048,-1.2495108225083735,-1.591374047318163,-27.35976500975833,0.17516149945435833,-0.3492852942480874,-299.4075726321927
CONDITIONAL,-3~-1%,5~10,BELOW_PREV_LOW,DIRECTION,FLAT_MIXED,2617,105,1.6173094654202054,1.7522067868663258,8.340847829705352,-1.2495108225083735,-0.6180355372172874,50.53780038682733,0.17516149945435833,0.7299117787865373,316.7078844724835
CONDITIONAL,-3~-1%,5~10,BELOW_PREV_LOW,NIGHT_RETURN,1~2%,2617,45,1.6173094654202054,1.485956384006031,-8.121703620898954,-1.2495108225083735,-0.8839537100206418,29.25601810746076,0.17516149945435833,0.3971383290112176,126.72695212608612
CONDITIONAL,-3~-1%,5~10,BELOW_PREV_LOW,RETURN_5M,0.2~0.5%,2617,487,1.6173094654202054,1.689441093043876,4.459976842151819,-1.2495108225083735,-1.190884683307665,4.691927284232522,0.17516149945435833,0.2947682957563925,68.28372483372125
CONDITIONAL,-3~-1%,5~10,BELOW_PREV_LOW,NIGHT_RETURN,-0.5~0%,2617,446,1.6173094654202054,1.805847714130979,11.657524595132946,-1.2495108225083735,-0.8934771873243744,28.49384165150864,0.17516149945435833,0.46854747600390045,167.49455643132893
CONDITIONAL,-3~-1%,5~10,BELOW_PREV_LOW,RETURN_10M,0.5~1%,2617,124,1.6173094654202054,1.1454396202170691,-29.176224791372018,-1.2495108225083735,-3.529314871622565,-182.4557265168396,0.17516149945435833,-1.686035821349572,-1062.5607377201638
CONDITIONAL,-3~-1%,5~10,BELOW_PREV_LOW,RETURN_10M,>=1%,2617,165,1.6173094654202054,1.5094864922756603,-6.6668114822744045,-1.2495108225083735,-1.6865500064869765,-34.97682261777082,0.17516149945435833,-0.1338663903387663,-176.42455148863792
CONDITIONAL,-3~-1%,5~10,BELOW_PREV_LOW,RANGE_10M,1~2%,2617,257,1.6173094654202054,1.9979657705547598,23.536392587404613,-1.2495108225083735,-1.6030107126717958,-28.291062693941036,0.17516149945435833,0.560569437055169,220.03005158176103
CONDITIONAL,-3~-1%,5~10,BELOW_PREV_LOW,NIGHT_RETURN,<-2%,2617,367,1.6173094654202054,1.6092684010430856,-0.4971877398263178,-1.2495108225083735,-2.6570614485286326,-112.64813402693248,0.17516149945435833,-0.5195494093971509,-396.6116475456009
CONDITIONAL,-3~-1%,5~10,BELOW_PREV_LOW,RANGE_10M,>=2%,2617,40,1.6173094654202054,0.914259938119522,-43.4703155043997,-1.2495108225083735,-3.9913229490949305,-219.43084263027123,0.17516149945435833,-2.250825469967964,-1385.0001153104192
CONDITIONAL,-3~-1%,5~10,BELOW_PREV_LOW,RETURN_10M,-1~-0.5%,2617,83,1.6173094654202054,2.9577333326185453,82.87986287460912,-1.2495108225083735,-1.5526086338143499,-24.25731781158263,0.17516149945435833,1.841705476139621,951.4328102218105
CONDITIONAL,0~1%,1~2,BETWEEN_PREV_HIGH_LOW,DIRECTION,UP_MIXED,5123,1318,1.1274745554922911,1.0964377355455213,-2.752773425846246,-0.8896287096423975,-0.9015908843500284,-1.3446255250057477,0.07067566918739296,0.03320935795859207,-53.011611576624574
CONDITIONAL,0~1%,1~2,BETWEEN_PREV_HIGH_LOW,PERSISTENCE,MIXED,5123,2969,1.1274745554922911,1.1634435361111508,3.190225486122343,-0.8896287096423975,-0.9381412988989986,-5.453127662224569,0.07067566918739296,0.013822765318835434,-80.44197461762256
CONDITIONAL,0~1%,1~2,BETWEEN_PREV_HIGH_LOW,RETURN_5M,0.05~0.2%,5123,1379,1.1274745554922911,1.0989615736341012,-2.528924641296254,-0.8896287096423975,-0.7835538750914567,11.923494981808705,0.07067566918739296,0.17830828113138586,152.2908989494114
CONDITIONAL,0~1%,1~2,BETWEEN_PREV_HIGH_LOW,RETURN_10M,0~0.2%,5123,1404,1.1274745554922911,1.1574669708158465,2.660141213604568,-0.8896287096423975,-0.9277014909618162,-4.279625972808675,0.07067566918739296,0.03679793730866153,-47.93408009891825
CONDITIONAL,0~1%,1~2,BETWEEN_PREV_HIGH_LOW,RANGE_10M,0.2~0.5%,5123,4061,1.1274745554922911,1.138769044415765,1.0017511143337787,-0.8896287096423975,-0.8739226933864699,1.7654574414803816,0.07067566918739296,0.09353083688527913,32.33809875543853
CONDITIONAL,0~1%,1~2,BETWEEN_PREV_HIGH_LOW,NIGHT_RETURN,0~0.5%,5123,1625,1.1274745554922911,1.1972834508137413,6.191616030835339,-0.8896287096423975,-0.8924827702517084,-0.32081480491543135,0.07067566918739296,0.09411883406748833,33.17006425215021
CONDITIONAL,0~1%,1~2,BETWEEN_PREV_HIGH_LOW,RANGE_10M,0.5~1%,5123,954,1.1274745554922911,1.032185346270738,-8.45156183413353,-0.8896287096423975,-0.9401563123310258,-5.679628157339798,0.07067566918739296,-0.006851993496849489,-109.69498212840656
CONDITIONAL,0~1%,1~2,BETWEEN_PREV_HIGH_LOW,DIRECTION,DOWN_MIXED,5123,1330,1.1274745554922911,1.1693491674737189,3.7140183587685436,-0.8896287096423975,-0.9720171161343223,-9.260987825476352,0.07067566918739296,-0.01788596625921013,-125.30710563459455
CONDITIONAL,0~1%,1~2,BETWEEN_PREV_HIGH_LOW,RETURN_5M,-0.2~-0.05%,5123,1401,1.1274745554922911,1.1359305418094543,0.7499935387429656,-0.8896287096423975,-0.9081887442511279,-2.086267496491992,0.07067566918739296,0.006287135784374178,-91.10424300659375
CONDITIONAL,0~1%,1~2,BETWEEN_PREV_HIGH_LOW,NIGHT_RETURN,-2~-1%,5123,416,1.1274745554922911,1.1129031087354213,-1.2923969490830307,-0.8896287096423975,-1.0560382582756576,-18.705505659788276,0.07067566918739296,-0.02292179598695198,-132.4323720602857
CONDITIONAL,0~1%,1~2,BETWEEN_PREV_HIGH_LOW,DIRECTION,FLAT_MIXED,5123,336,1.1274745554922911,1.4464693993600612,28.292864110666056,-0.8896287096423975,-0.9484514169839153,-6.61205137648522,0.07067566918739296,0.0836227247972169,18.318971378248257
CONDITIONAL,0~1%,1~2,BETWEEN_PREV_HIGH_LOW,RETURN_5M,-0.05~0.05%,5123,1228,1.1274745554922911,1.1890273680156465,5.459352694347892,-0.8896287096423975,-0.958356768758008,-7.7254767489728415,0.07067566918739296,0.02026535701397596,-71.32626086603668
CONDITIONAL,0~1%,1~2,BETWEEN_PREV_HIGH_LOW,RETURN_10M,-0.2~0%,5123,1341,1.1274745554922911,1.1675001165717094,3.550019012352949,-0.8896287096423975,-0.9005615844181339,-1.2289255795410565,0.07067566918739296,0.10099451293945207,42.898559151481436
CONDITIONAL,0~1%,1~2,BETWEEN_PREV_HIGH_LOW,NIGHT_RETURN,1~2%,5123,365,1.1274745554922911,1.1376042176401142,0.898438204079926,-0.8896287096423975,-0.891586573528945,-0.2200765179143674,0.07067566918739296,0.13114253716237514,85.55542334471194
CONDITIONAL,0~1%,1~2,BETWEEN_PREV_HIGH_LOW,RETURN_10M,0.2~0.5%,5123,1067,1.1274745554922911,1.1345454514904605,0.6271446183618723,-0.8896287096423975,-0.7516743689805402,15.506956909845071,0.07067566918739296,0.21750546688550665,207.7515492761758
CONDITIONAL,0~1%,1~2,BETWEEN_PREV_HIGH_LOW,NIGHT_RETURN,0.5~1%,5123,851,1.1274745554922911,1.164518460233633,3.2855645886542635,-0.8896287096423975,-0.8692404703103257,2.2917694888991624,0.07067566918739296,0.08228568002847574,16.427167898898023
CONDITIONAL,0~1%,1~2,BETWEEN_PREV_HIGH_LOW,RETURN_5M,-0.5~-0.2%,5123,482,1.1274745554922911,1.2094234557110712,7.268359167803889,-0.8896287096423975,-0.9725713208625145,-9.323284008387873,0.07067566918739296,0.10292229760594701,45.62620883440629
CONDITIONAL,0~1%,1~2,BETWEEN_PREV_HIGH_LOW,RETURN_10M,-0.5~-0.2%,5123,1118,1.1274745554922911,1.060041312370383,-5.980910415531706,-0.8896287096423975,-0.9348026332355107,-5.077840126278266,0.07067566918739296,-0.024403491198905582,-134.52884348954797
CONDITIONAL,0~1%,1~2,BETWEEN_PREV_HIGH_LOW,DIRECTION,UP,5123,1102,1.1274745554922911,1.051648894602655,-6.725265818218689,-0.8896287096423975,-0.7439619310065743,16.373884639399357,0.07067566918739296,0.20273911540750422,186.8584305441123
CONDITIONAL,0~1%,1~2,BETWEEN_PREV_HIGH_LOW,PERSISTENCE,UP_PERSISTENT,5123,1102,1.1274745554922911,1.051648894602655,-6.725265818218689,-0.8896287096423975,-0.7439619310065743,16.373884639399357,0.07067566918739296,0.20273911540750422,186.8584305441123
CONDITIONAL,0~1%,1~2,BETWEEN_PREV_HIGH_LOW,DIRECTION,DOWN,5123,1037,1.1274745554922911,1.0904358915726566,-3.2850997602746124,-0.8896287096423975,-0.9044962443492515,-1.6712067119360678,0.07067566918739296,0.08734244346326332,23.582053721598665
CONDITIONAL,0~1%,1~2,BETWEEN_PREV_HIGH_LOW,PERSISTENCE,DOWN_PERSISTENT,5123,1037,1.1274745554922911,1.0904358915726566,-3.2850997602746124,-0.8896287096423975,-0.9044962443492515,-1.6712067119360678,0.07067566918739296,0.08734244346326332,23.582053721598665
CONDITIONAL,0~1%,1~2,BETWEEN_PREV_HIGH_LOW,NIGHT_RETURN,-1~-0.5%,5123,608,1.1274745554922911,1.1813862140401963,4.781629730381419,-0.8896287096423975,-0.7948729631777042,10.651156537290946,0.07067566918739296,0.1711059463486413,142.10021400004368
CONDITIONAL,0~1%,1~2,BETWEEN_PREV_HIGH_LOW,RANGE_10M,0.1~0.2%,5123,56,1.1274745554922911,1.2512184417569965,10.975315199966959,-0.8896287096423975,-0.45500533271682614,48.85446841079085,0.07067566918739296,0.24344924914503627,244.45977228675812
CONDITIONAL,0~1%,1~2,BETWEEN_PREV_HIGH_LOW,NIGHT_RETURN,-0.5~0%,5123,1193,1.1274745554922911,0.9576033472662998,-15.06652255685009,-0.8896287096423975,-0.845146780767793,5.000055460494837,0.07067566918739296,0.036450977874404884,-48.42499789035324
CONDITIONAL,0~1%,1~2,BETWEEN_PREV_HIGH_LOW,RETURN_5M,0.2~0.5%,5123,589,1.1274745554922911,0.9880352077257573,-12.367405285314865,-0.8896287096423975,-0.8905620121137717,-0.1049092122655754,0.07067566918739296,0.04634947175276614,-34.419479453568584
CONDITIONAL,0~1%,1~2,BETWEEN_PREV_HIGH_LOW,RETURN_10M,0.5~1%,5123,134,1.1274745554922911,0.9646893409996036,-14.438038863024309,-0.8896287096423975,-0.8756770023420726,1.568261809573688,0.07067566918739296,-0.06536965502909357,-192.49244581720086
CONDITIONAL,0~1%,1~2,BETWEEN_PREV_HIGH_LOW,NIGHT_RETURN,<-2%,5123,53,1.1274745554922911,1.1511724704372215,2.1018580711635737,-0.8896287096423975,-1.8752372195539302,-110.78874807308277,0.07067566918739296,-1.0037969901281265,-1520.286502652857
CONDITIONAL,0~1%,1~2,BETWEEN_PREV_HIGH_LOW,RETURN_5M,>=0.5%,5123,38,1.1274745554922911,1.1523248521878424,2.204067184886567,-0.8896287096423975,-0.5211025957467609,41.424710095492806,0.07067566918739296,0.1575352608605,122.89885992137297
CONDITIONAL,0~1%,1~2,BETWEEN_PREV_HIGH_LOW,RANGE_10M,1~2%,5123,42,1.1274745554922911,2.2884670282537956,102.97283136953617,-0.8896287096423975,-1.4718198470108603,-65.44203565580581,0.07067566918739296,-0.10062892662155323,-242.38128591996878
CONDITIONAL,0~1%,1~2,BETWEEN_PREV_HIGH_LOW,RETURN_10M,-1~-0.5%,5123,45,1.1274745554922911,0.9690354584850925,-14.052565198512978,-0.8896287096423975,-1.4192679782713467,-59.53486694936445,0.07067566918739296,-0.21908275918382464,-409.98328236969047
CONDITIONAL,3~5%,5~10,ABOVE_PREV_HIGH,DIRECTION,UP_MIXED,438,97,2.8415029271430963,2.7624857788428656,-2.7808223438881363,-2.440226713571418,-2.43438626207451,0.23934052784628676,-0.04611434295479139,-0.10057323285375643,-118.09533956139049
CONDITIONAL,3~5%,5~10,ABOVE_PREV_HIGH,PERSISTENCE,MIXED,438,201,2.8415029271430963,2.908397576626957,2.3541995626630636,-2.440226713571418,-2.457984781260194,-0.7277220427927406,-0.04611434295479139,-0.1945903126353071,-321.97351228895417
CONDITIONAL,3~5%,5~10,ABOVE_PREV_HIGH,RETURN_5M,0.05~0.2%,438,70,2.8415029271430963,3.432253147267585,20.790061994355952,-2.440226713571418,-2.2182472614007915,9.096673310560814,-0.04611434295479139,0.5235972178584335,1235.432458338931
CONDITIONAL,3~5%,5~10,ABOVE_PREV_HIGH,RETURN_10M,0~0.2%,438,112,2.8415029271430963,3.2012547371282456,12.66061725816524,-2.440226713571418,-2.2573947558294063,7.492416861318027,-0.04611434295479139,0.3411688044892332,839.8323008173425
CONDITIONAL,3~5%,5~10,ABOVE_PREV_HIGH,RANGE_10M,0.2~0.5%,438,272,2.8415029271430963,3.166780709666114,11.44738509384745,-2.440226713571418,-2.518976810682597,-3.2271631432115373,-0.04611434295479139,-0.19655190917060766,-326.22727892555923
CONDITIONAL,3~5%,5~10,ABOVE_PREV_HIGH,NIGHT_RETURN,0~0.5%,438,117,2.8415029271430963,2.874037188867477,1.1449666799073648,-2.440226713571418,-2.5958896830379365,-6.379037185389079,-0.04611434295479139,-0.3190786550633639,-591.9293100981089
CONDITIONAL,3~5%,5~10,ABOVE_PREV_HIGH,RETURN_5M,-0.2~-0.05%,438,97,2.8415029271430963,3.3692291775269054,18.57208188465235,-2.440226713571418,-2.497771982295527,-2.358193540135784,-0.04611434295479139,-0.14073692925996784,-205.1912273757008
CONDITIONAL,3~5%,5~10,ABOVE_PREV_HIGH,RETURN_10M,0.2~0.5%,438,83,2.8415029271430963,3.1954712424648433,12.457080791313272,-2.440226713571418,-2.2444608037063434,8.022447618342783,-0.04611434295479139,0.14674671987945448,418.2235948223722
CONDITIONAL,3~5%,5~10,ABOVE_PREV_HIGH,NIGHT_RETURN,0.5~1%,438,67,2.8415029271430963,2.322904381552077,-18.25085382236184,-2.440226713571418,-2.4047269524020742,1.4547730738259026,-0.04611434295479139,-0.4783403598701881,-937.2919339632214
CONDITIONAL,3~5%,5~10,ABOVE_PREV_HIGH,DIRECTION,DOWN_MIXED,438,85,2.8415029271430963,3.2144593686894587,13.125323151482386,-2.440226713571418,-2.4560848222862224,-0.6498621061153423,-0.04611434295479139,-0.1682935002654232,-264.9482774381308
CONDITIONAL,3~5%,5~10,ABOVE_PREV_HIGH,RETURN_5M,-0.5~-0.2%,438,94,2.8415029271430963,2.2371061965498726,-21.270318774610455,-2.440226713571418,-2.589139837334051,-6.102429865817246,-0.04611434295479139,0.008271549491358776,117.93704292711675
CONDITIONAL,3~5%,5~10,ABOVE_PREV_HIGH,RETURN_10M,-0.5~-0.2%,438,133,2.8415029271430963,2.3141676718628093,-18.55832173329768,-2.440226713571418,-2.412036220500165,1.1552407370376918,-0.04611434295479139,-0.07590581212701468,-64.60347749382362
CONDITIONAL,3~5%,5~10,ABOVE_PREV_HIGH,RANGE_10M,0.5~1%,438,152,2.8415029271430963,2.12281255064401,-25.292614328631778,-2.440226713571418,-2.3827401193492483,2.355789070845575,-0.04611434295479139,-0.11342247934842364,-145.95922240422766
CONDITIONAL,3~5%,5~10,ABOVE_PREV_HIGH,DIRECTION,DOWN,438,136,2.8415029271430963,2.455133827698329,-13.597350041558128,-2.440226713571418,-2.709256498302331,-11.024786477202836,-0.04611434295479139,-0.31639793206740485,-586.1161013994896
CONDITIONAL,3~5%,5~10,ABOVE_PREV_HIGH,PERSISTENCE,DOWN_PERSISTENT,438,136,2.8415029271430963,2.455133827698329,-13.597350041558128,-2.440226713571418,-2.709256498302331,-11.024786477202836,-0.04611434295479139,-0.31639793206740485,-586.1161013994896
CONDITIONAL,3~5%,5~10,ABOVE_PREV_HIGH,RETURN_10M,-0.2~0%,438,82,2.8415029271430963,3.0629467427032417,7.793193293761252,-2.440226713571418,-2.8032598825290562,-14.877026259019905,-0.04611434295479139,-0.5957010522409204,-1191.791260747055
CONDITIONAL,3~5%,5~10,ABOVE_PREV_HIGH,RETURN_5M,-0.05~0.05%,438,99,2.8415029271430963,2.623063366212127,-7.687465631105042,-2.440226713571418,-2.6881949077099696,-10.161686730149565,-0.04611434295479139,-0.7417186763153434,-1508.4337947577262
CONDITIONAL,3~5%,5~10,ABOVE_PREV_HIGH,NIGHT_RETURN,1~2%,438,44,2.8415029271430963,1.621442223107981,-42.93716161192867,-2.440226713571418,-2.8279181422939423,-15.887516785484031,-0.04611434295479139,-0.9765528742652066,-2017.6770863299066
CONDITIONAL,3~5%,5~10,ABOVE_PREV_HIGH,DIRECTION,UP,438,98,2.8415029271430963,3.259414550106668,14.707414832183483,-2.440226713571418,-2.0213062386714453,17.16727681776983,-0.04611434295479139,0.6534597869074276,1517.042388629613
CONDITIONAL,3~5%,5~10,ABOVE_PREV_HIGH,PERSISTENCE,UP_PERSISTENT,438,98,2.8415029271430963,3.259414550106668,14.707414832183483,-2.440226713571418,-2.0213062386714453,17.16727681776983,-0.04611434295479139,0.6534597869074276,1517.042388629613
CONDITIONAL,3~5%,5~10,ABOVE_PREV_HIGH,NIGHT_RETURN,-1~-0.5%,438,34,2.8415029271430963,4.666536157001752,64.2277441429061,-2.440226713571418,-2.632477871117769,-7.878413775127482,-0.04611434295479139,0.39236296592284264,950.8480025563831
CONDITIONAL,3~5%,5~10,ABOVE_PREV_HIGH,RETURN_5M,0.2~0.5%,438,68,2.8415029271430963,2.532435369587248,-10.876904422779921,-2.440226713571418,-2.235803854903172,8.377207639410718,-0.04611434295479139,-0.027996346659886706,39.28928644319365
CONDITIONAL,3~5%,5~10,ABOVE_PREV_HIGH,NIGHT_RETURN,-0.5~0%,438,86,2.8415029271430963,3.6527433456051526,28.549694977006183,-2.440226713571418,-2.3744114909778498,2.697094586643701,-0.04611434295479139,0.18278997559042154,496.384213409744
CONDITIONAL,3~5%,5~10,ABOVE_PREV_HIGH,NIGHT_RETURN,>=2%,438,67,2.8415029271430963,2.104080937466487,-25.95182931653807,-2.440226713571418,-2.0315758095989835,16.74643186633874,-0.04611434295479139,0.6124439218597327,1428.0985537626495
CONDITIONAL,-5~-3%,5~10,BELOW_PREV_LOW,DIRECTION,UP_MIXED,398,92,2.4832307875912916,2.230467469851845,-10.178808953340356,-1.729802795756189,-2.40893824666443,-39.26085982601008,0.38865308737111176,-0.17523484962408056,-145.08772870154885
CONDITIONAL,-5~-3%,5~10,BELOW_PREV_LOW,PERSISTENCE,MIXED,398,241,2.4832307875912916,2.3510222013072606,-5.3240555386425426,-1.729802795756189,-2.0201431148683455,-16.784590695798553,0.38865308737111176,0.08342988099593322,-78.5335859390025
CONDITIONAL,-5~-3%,5~10,BELOW_PREV_LOW,RETURN_5M,0.05~0.2%,398,64,2.4832307875912916,2.4025812669186113,-3.247765816841756,-1.729802795756189,-2.1679478891995267,-25.329193276728468,0.38865308737111176,-0.20228751769628928,-152.04834961291115
CONDITIONAL,-5~-3%,5~10,BELOW_PREV_LOW,RETURN_10M,0~0.2%,398,52,2.4832307875912916,3.128868187766489,25.999895112506195,-1.729802795756189,-1.1891482677160696,31.255269639205924,0.38865308737111176,1.1646613294324313,199.6660433885439
CONDITIONAL,-5~-3%,5~10,BELOW_PREV_LOW,RANGE_10M,0.5~1%,398,61,2.4832307875912916,2.409264418202632,-2.978634517511208,-1.729802795756189,-2.7645254372251262,-59.81737594640693,0.38865308737111176,-0.5177654387321368,-233.22046204093056
CONDITIONAL,-5~-3%,5~10,BELOW_PREV_LOW,NIGHT_RETURN,0~0.5%,398,116,2.4832307875912916,1.888209480420985,-23.961579010039223,-1.729802795756189,-1.354819622280941,21.677799018200965,0.38865308737111176,0.21403750148612508,-44.928392841570854
CONDITIONAL,-5~-3%,5~10,BELOW_PREV_LOW,DIRECTION,DOWN,398,30,2.4832307875912916,2.0993334204553897,-15.459592763356417,-1.729802795756189,-2.0724061912260767,-19.805922172771,0.38865308737111176,-0.3744471867252582,-196.3448378238949
CONDITIONAL,-5~-3%,5~10,BELOW_PREV_LOW,PERSISTENCE,DOWN_PERSISTENT,398,30,2.4832307875912916,2.0993334204553897,-15.459592763356417,-1.729802795756189,-2.0724061912260767,-19.805922172771,0.38865308737111176,-0.3744471867252582,-196.3448378238949
CONDITIONAL,-5~-3%,5~10,BELOW_PREV_LOW,RETURN_5M,-0.5~-0.2%,398,32,2.4832307875912916,4.114355200595563,65.68557466164656,-1.729802795756189,-1.2514884651835647,27.65137920612087,0.38865308737111176,2.5076185154219885,545.2074091019757
CONDITIONAL,-5~-3%,5~10,BELOW_PREV_LOW,RETURN_10M,-0.5~-0.2%,398,92,2.4832307875912916,1.6045647325223822,-35.38398683922595,-1.729802795756189,-1.23122725952213,28.822680681129608,0.38865308737111176,-0.051839521140571755,-113.33825018378715
CONDITIONAL,-5~-3%,5~10,BELOW_PREV_LOW,RANGE_10M,0.2~0.5%,398,212,2.4832307875912916,2.194311469193026,-11.634815412324775,-1.729802795756189,-1.3951232908529427,19.347841599304388,0.38865308737111176,0.33496729583425744,-13.81329346950268
CONDITIONAL,-5~-3%,5~10,BELOW_PREV_LOW,NIGHT_RETURN,-2~-1%,398,39,2.4832307875912916,3.0558198897029114,23.058231436757655,-1.729802795756189,-0.7714274592245282,55.40373381768665,0.38865308737111176,1.3046422593835783,235.68297841355346
CONDITIONAL,-5~-3%,5~10,BELOW_PREV_LOW,NIGHT_RETURN,-1~-0.5%,398,31,2.4832307875912916,2.3342808736959815,-5.998230798345972,-1.729802795756189,-1.0469961919918698,39.473089385650354,0.38865308737111176,0.7609297041902217,95.78635264091842
CONDITIONAL,-5~-3%,5~10,BELOW_PREV_LOW,DIRECTION,DOWN_MIXED,398,148,2.4832307875912916,2.4418469141127024,-1.6665335209834087,-1.729802795756189,-1.7616376220849674,-1.8403731573842053,0.38865308737111176,0.27525683383110755,-29.17672783896502
CONDITIONAL,-5~-3%,5~10,BELOW_PREV_LOW,RETURN_5M,-0.2~-0.05%,398,43,2.4832307875912916,2.1229147783438194,-14.509968668557589,-1.729802795756189,-1.7279330483970328,0.10809020333088727,0.38865308737111176,-0.07583525413270355,-119.51232515497581
CONDITIONAL,-5~-3%,5~10,BELOW_PREV_LOW,RETURN_5M,-0.05~0.05%,398,139,2.4832307875912916,1.998009634852474,-19.53991369483128,-1.729802795756189,-2.053892319439359,-18.73563417045427,0.38865308737111176,-0.3308664380042874,-185.1315604469531
CONDITIONAL,-5~-3%,5~10,BELOW_PREV_LOW,RETURN_10M,-0.2~0%,398,84,2.4832307875912916,2.178244989145076,-12.281814480161497,-1.729802795756189,-2.37024268344346,-37.0238670707721,0.38865308737111176,-0.48193215876098394,-224.00059961463862
CONDITIONAL,-5~-3%,5~10,BELOW_PREV_LOW,RETURN_5M,0.2~0.5%,398,110,2.4832307875912916,2.8092089941082916,13.127181257010573,-1.729802795756189,-1.1891692193389003,31.254058424674298,0.38865308737111176,1.1481338864823578,195.413551002116
CONDITIONAL,-5~-3%,5~10,BELOW_PREV_LOW,RETURN_10M,0.2~0.5%,398,40,2.4832307875912916,2.7086256925592673,9.076679706706058,-1.729802795756189,-1.024151506025662,40.793742006992716,0.38865308737111176,0.8783455102196079,125.99730679121181
CONDITIONAL,-5~-3%,5~10,BELOW_PREV_LOW,NIGHT_RETURN,-0.5~0%,398,41,2.4832307875912916,2.9594648681530438,19.17800322634105,-1.729802795756189,-1.3661421809152876,21.023241246521742,0.38865308737111176,0.727083455747924,87.07775118061946
CONDITIONAL,-5~-3%,5~10,BELOW_PREV_LOW,DIRECTION,UP,398,127,2.4832307875912916,2.8247992152174937,13.755001320578824,-1.729802795756189,-1.0979120967788176,36.52963797535882,0.38865308737111176,1.148116087050711,195.40897122847593
CONDITIONAL,-5~-3%,5~10,BELOW_PREV_LOW,PERSISTENCE,UP_PERSISTENT,398,127,2.4832307875912916,2.8247992152174937,13.755001320578824,-1.729802795756189,-1.0979120967788176,36.52963797535882,0.38865308737111176,1.148116087050711,195.40897122847593
CONDITIONAL,-5~-3%,5~10,BELOW_PREV_LOW,RETURN_10M,>=1%,398,77,2.4832307875912916,2.7014552207562468,8.787923951950944,-1.729802795756189,-1.260918264662523,27.106241951048045,0.38865308737111176,1.0471761065233391,169.43722835357946
CONDITIONAL,-5~-3%,5~10,BELOW_PREV_LOW,RANGE_10M,1~2%,398,101,2.4832307875912916,3.2217288984767145,29.73940700863163,-1.729802795756189,-1.2598483143073604,27.16809584316728,0.38865308737111176,1.6324732090152536,320.03351113391767
CONDITIONAL,-5~-3%,5~10,BELOW_PREV_LOW,NIGHT_RETURN,<-2%,398,147,2.4832307875912916,2.857769393109148,15.08271431674521,-1.729802795756189,-2.462417889333693,-42.35252107204735,0.38865308737111176,0.32968531130130724,-15.172342118434834
CONDITIONAL,-5~-3%,5~10,BELOW_PREV_LOW,RETURN_10M,0.5~1%,398,31,2.4832307875912916,2.17701922930681,-12.331175975049167,-1.729802795756189,-4.722819362301651,-173.02646139134345,0.38865308737111176,-1.8296265008588768,-570.7608302392895
CONDITIONAL,>=5%,5~10,ABOVE_PREV_HIGH,DIRECTION,UP_MIXED,434,79,4.217626533224778,4.070527853579555,-3.487712306588521,-4.359659277652915,-4.556536430062215,-4.515883922820953,-0.3686457103198933,-0.7894357979737096,-114.1448485291405
CONDITIONAL,>=5%,5~10,ABOVE_PREV_HIGH,PERSISTENCE,MIXED,434,173,4.217626533224778,4.75818443616628,12.816637478050804,-4.359659277652915,-4.505261939035074,-3.339771576382142,-0.3686457103198933,-0.11463994381240704,68.90240667308241
CONDITIONAL,>=5%,5~10,ABOVE_PREV_HIGH,RETURN_5M,0.05~0.2%,434,68,4.217626533224778,5.04777670705581,19.682875363464266,-4.359659277652915,-5.2042096404722304,-19.37193503052816,-0.3686457103198933,-0.6286814886579819,-70.5381267321521
CONDITIONAL,>=5%,5~10,ABOVE_PREV_HIGH,RETURN_10M,0~0.2%,434,105,4.217626533224778,4.40555797617356,4.45585784963018,-4.359659277652915,-5.2144179767249375,-19.606089481657715,-0.3686457103198933,-0.6510318100722008,-76.60094552769004
CONDITIONAL,>=5%,5~10,ABOVE_PREV_HIGH,RANGE_10M,0.5~1%,434,150,4.217626533224778,2.4708766136833833,-41.41547161137185,-4.359659277652915,-4.016735529934537,7.865838265759972,-0.3686457103198933,-1.2449239587021488,-237.70200597800604
CONDITIONAL,>=5%,5~10,ABOVE_PREV_HIGH,NIGHT_RETURN,0~0.5%,434,89,4.217626533224778,4.411148896809599,4.588418677195071,-4.359659277652915,-4.77715335054895,-9.576300492932086,-0.3686457103198933,-0.787733349834051,-113.68303706843442
CONDITIONAL,>=5%,5~10,ABOVE_PREV_HIGH,DIRECTION,DOWN_MIXED,434,76,4.217626533224778,5.478068651897121,29.885105016840217,-4.359659277652915,-4.383223621636351,-0.540508844446279,-0.3686457103198933,0.382652695152271,203.79957895623502
CONDITIONAL,>=5%,5~10,ABOVE_PREV_HIGH,RETURN_5M,-0.2~-0.05%,434,80,4.217626533224778,5.448174104281913,29.176304762011807,-4.359659277652915,-4.4672393342351935,-2.467625328743492,-0.3686457103198933,0.29337313737593157,179.58132406351785
CONDITIONAL,>=5%,5~10,ABOVE_PREV_HIGH,RETURN_10M,-0.5~-0.2%,434,168,4.217626533224778,2.834543059537292,-32.79293372213274,-4.359659277652915,-4.398591409259767,-0.8930085845564557,-0.3686457103198933,-1.5963333168188303,-333.02641862660164
CONDITIONAL,>=5%,5~10,ABOVE_PREV_HIGH,RANGE_10M,0.2~0.5%,434,254,4.217626533224778,4.878438906320282,15.667873100898994,-4.359659277652915,-4.79076402126407,-9.888496236872133,-0.3686457103198933,-0.25593948837331093,30.573045824616063
CONDITIONAL,>=5%,5~10,ABOVE_PREV_HIGH,DIRECTION,DOWN,434,165,4.217626533224778,2.9213062699131234,-30.73577646336776,-4.359659277652915,-4.040255286348154,7.326352151921288,-0.3686457103198933,-1.0177523014802001,-176.07870456353416
CONDITIONAL,>=5%,5~10,ABOVE_PREV_HIGH,PERSISTENCE,DOWN_PERSISTENT,434,165,4.217626533224778,2.9213062699131234,-30.73577646336776,-4.359659277652915,-4.040255286348154,7.326352151921288,-0.3686457103198933,-1.0177523014802001,-176.07870456353416
CONDITIONAL,>=5%,5~10,ABOVE_PREV_HIGH,RETURN_10M,-0.2~0%,434,79,4.217626533224778,5.790089486093266,37.2831245365433,-4.359659277652915,-3.7640654421933797,13.661476678062362,-0.3686457103198933,1.2731483723103068,445.35824957939394
CONDITIONAL,>=5%,5~10,ABOVE_PREV_HIGH,NIGHT_RETURN,0.5~1%,434,58,4.217626533224778,4.132791484841599,-2.0114405036786116,-4.359659277652915,-5.71652910302796,-31.123299757166706,-0.3686457103198933,-1.6297087013074194,-342.0799308618661
CONDITIONAL,>=5%,5~10,ABOVE_PREV_HIGH,RETURN_5M,-0.05~0.05%,434,87,4.217626533224778,4.654081128039691,10.34834619368733,-4.359659277652915,-4.798300846554982,-10.061372712094517,-0.3686457103198933,-0.4264893495654313,-15.690848320286706
CONDITIONAL,>=5%,5~10,ABOVE_PREV_HIGH,NIGHT_RETURN,-1~-0.5%,434,32,4.217626533224778,6.39363608106744,51.593225021251335,-4.359659277652915,-4.16137571239514,4.548143619253741,-0.3686457103198933,0.8697111197582369,335.920585920705
CONDITIONAL,>=5%,5~10,ABOVE_PREV_HIGH,RETURN_5M,-0.5~-0.2%,434,133,4.217626533224778,2.1064045339036346,-50.0571110952992,-4.359659277652915,-3.929167050969382,9.874446585543588,-0.3686457103198933,-1.3313179878690447,-261.1375232642176
CONDITIONAL,>=5%,5~10,ABOVE_PREV_HIGH,RETURN_10M,0.2~0.5%,434,75,4.217626533224778,5.483460626409829,30.01294882828802,-4.359659277652915,-3.7512717303062595,13.954933369797406,-0.3686457103198933,0.9140035206010392,347.935482501047
CONDITIONAL,>=5%,5~10,ABOVE_PREV_HIGH,NIGHT_RETURN,-0.5~0%,434,81,4.217626533224778,5.036643375302631,19.418903869889036,-4.359659277652915,-4.672672578241685,-7.179765221407067,-0.3686457103198933,-0.1066652100993061,71.06565813372761
CONDITIONAL,>=5%,5~10,ABOVE_PREV_HIGH,DIRECTION,UP,434,91,4.217626533224778,5.6630864484209065,34.271880257992784,-4.359659277652915,-4.575167977643742,-4.943246393026612,-0.3686457103198933,0.5769978697560832,256.5182649909019
CONDITIONAL,>=5%,5~10,ABOVE_PREV_HIGH,PERSISTENCE,UP_PERSISTENT,434,91,4.217626533224778,5.6630864484209065,34.271880257992784,-4.359659277652915,-4.575167977643742,-4.943246393026612,-0.3686457103198933,0.5769978697560832,256.5182649909019
CONDITIONAL,>=5%,5~10,ABOVE_PREV_HIGH,RETURN_5M,0.2~0.5%,434,42,4.217626533224778,4.440986990332355,5.295880404488938,-4.359659277652915,-4.302209730740708,1.3177531374225893,-0.3686457103198933,-0.08061875764051168,78.13110111316513
CONDITIONAL,>=5%,5~10,ABOVE_PREV_HIGH,NIGHT_RETURN,>=2%,434,126,4.217626533224778,2.6020027990503207,-38.30646742776342,-4.359659277652915,-3.4735948167325583,20.324167658289614,-0.3686457103198933,-0.8061281364661051,-118.67286500271095
CONDITIONAL,-3~-1%,2~3,BELOW_PREV_LOW,DIRECTION,UP_MIXED,283,73,1.7730289870806766,1.6896390268114805,-4.703248558079083,-1.0218575557553669,-1.1660141631243306,-14.10730943437628,0.4135968141418971,0.12612726443995445,-69.5047785361609
CONDITIONAL,-3~-1%,2~3,BELOW_PREV_LOW,PERSISTENCE,MIXED,283,168,1.7730289870806766,1.7827160429091138,0.5463563144778087,-1.0218575557553669,-1.11966644249626,-9.571675248669251,0.4135968141418971,0.3135630203185716,-24.18630666458805
CONDITIONAL,-3~-1%,2~3,BELOW_PREV_LOW,RETURN_5M,0.05~0.2%,283,64,1.7730289870806766,1.653767028355058,-6.726452843954086,-1.0218575557553669,-0.7615753310531662,25.47147821496486,0.4135968141418971,0.5929801231329936,43.37154031596423
CONDITIONAL,-3~-1%,2~3,BELOW_PREV_LOW,RETURN_10M,0~0.2%,283,64,1.7730289870806766,1.7752009504497712,0.12250016130141328,-1.0218575557553669,-0.755009945044541,26.113973440610277,0.4135968141418971,0.6376791928217014,54.178942152810194
CONDITIONAL,-3~-1%,2~3,BELOW_PREV_LOW,RANGE_10M,0.5~1%,283,55,1.7730289870806766,1.4969357733744362,-15.571838684985783,-1.0218575557553669,-1.0760517187920873,-5.303494868877256,0.4135968141418971,0.35324880783619694,-14.591023006525361
CONDITIONAL,-3~-1%,2~3,BELOW_PREV_LOW,NIGHT_RETURN,0~0.5%,283,88,1.7730289870806766,2.0908853839192223,17.92730965791495,-1.0218575557553669,-0.9361786530417124,8.384622908651858,0.4135968141418971,0.49561321177011686,19.830036118237974
CONDITIONAL,-3~-1%,2~3,BELOW_PREV_LOW,RANGE_10M,0.2~0.5%,283,192,1.7730289870806766,1.716582941805348,-3.183594046494863,-1.0218575557553669,-0.8979437077781364,12.126332802386747,0.4135968141418971,0.49078471321650685,18.662595173696886
CONDITIONAL,-3~-1%,2~3,BELOW_PREV_LOW,DIRECTION,DOWN_MIXED,283,86,1.7730289870806766,1.8040813735494259,1.7513750026093824,-1.0218575557553669,-1.1339863672126371,-10.973037369614945,0.4135968141418971,0.3672285989414752,-11.21097010783885
CONDITIONAL,-3~-1%,2~3,BELOW_PREV_LOW,RETURN_5M,-0.2~-0.05%,283,60,1.7730289870806766,1.9383973020893615,9.326881636659913,-1.0218575557553669,-1.0763248971936517,-5.3302283798275605,0.4135968141418971,0.5822214013031378,40.770281925669984
CONDITIONAL,-3~-1%,2~3,BELOW_PREV_LOW,NIGHT_RETURN,-2~-1%,283,53,1.7730289870806766,1.6196980861189345,-8.647963574143484,-1.0218575557553669,-1.2559140545799903,-22.905002512958532,0.4135968141418971,0.3544787211179386,-14.293652901222833
CONDITIONAL,-3~-1%,2~3,BELOW_PREV_LOW,RETURN_10M,-0.5~-0.2%,283,70,1.7730289870806766,1.4360041580046414,-19.008421832457035,-1.0218575557553669,-0.8182034224365032,19.929796689551367,0.4135968141418971,0.36253470907571383,-12.345865180834016
CONDITIONAL,-3~-1%,2~3,BELOW_PREV_LOW,DIRECTION,DOWN,283,43,1.7730289870806766,1.511041882134007,-14.776244881254645,-1.0218575557553669,-0.80506188906077,21.21584025812085,0.4135968141418971,0.44453183956577863,7.47951250254755
CONDITIONAL,-3~-1%,2~3,BELOW_PREV_LOW,PERSISTENCE,DOWN_PERSISTENT,283,43,1.7730289870806766,1.511041882134007,-14.776244881254645,-1.0218575557553669,-0.80506188906077,21.21584025812085,0.4135968141418971,0.44453183956577863,7.47951250254755
CONDITIONAL,-3~-1%,2~3,BELOW_PREV_LOW,DIRECTION,UP,283,70,1.7730289870806766,1.8013369689070475,1.5965887773205865,-1.0218575557553669,-0.9384124415904893,8.166022132428635,0.4135968141418971,0.5823724256326454,40.80679679337293
CONDITIONAL,-3~-1%,2~3,BELOW_PREV_LOW,PERSISTENCE,UP_PERSISTENT,283,70,1.7730289870806766,1.8013369689070475,1.5965887773205865,-1.0218575557553669,-0.9384124415904893,8.166022132428635,0.4135968141418971,0.5823724256326454,40.80679679337293
CONDITIONAL,-3~-1%,2~3,BELOW_PREV_LOW,RETURN_10M,0.2~0.5%,283,53,1.7730289870806766,1.7443335544385765,-1.6184412579372205,-1.0218575557553669,-0.8658156190608158,15.27041962117737,0.4135968141418971,0.47492403339438694,14.827778444021009
CONDITIONAL,-3~-1%,2~3,BELOW_PREV_LOW,RETURN_5M,0.2~0.5%,283,57,1.7730289870806766,1.795052444635744,1.2421374786054415,-1.0218575557553669,-1.1088115683353736,-8.509406432458148,0.4135968141418971,0.2609680985342446,-36.902778355369186
CONDITIONAL,-3~-1%,2~3,BELOW_PREV_LOW,RETURN_10M,-0.2~0%,283,61,1.7730289870806766,1.9182640719849964,8.191354228418563,-1.0218575557553669,-1.244893115988858,-21.826482465907024,0.4135968141418971,0.32278583772693875,-21.956401333353316
CONDITIONAL,-3~-1%,2~3,BELOW_PREV_LOW,NIGHT_RETURN,-0.5~0%,283,42,1.7730289870806766,1.5071078803621951,-14.998125166375607,-1.0218575557553669,-0.46991619008699315,54.013532762927355,0.4135968141418971,0.7251705525539015,75.33272205165234
CONDITIONAL,-3~-1%,2~3,BELOW_PREV_LOW,RETURN_5M,-0.05~0.05%,283,75,1.7730289870806766,1.5619944723939594,-11.902485307597212,-1.0218575557553669,-1.2372734574989026,-21.08081508330173,0.4135968141418971,0.17496969130349632,-57.69559016877059
CONDITIONAL,-3~-1%,2~3,BELOW_PREV_LOW,RANGE_10M,1~2%,283,31,1.7730289870806766,2.722239305100453,53.53608570058789,-1.0218575557553669,-1.5014203171133287,-46.93049032685035,0.4135968141418971,0.28967027520607835,-29.96312705960591
CONDITIONAL,-3~-1%,2~3,BELOW_PREV_LOW,NIGHT_RETURN,<-2%,283,35,1.7730289870806766,2.0895721204013427,17.853240732508265,-1.0218575557553669,-2.059263769637603,-101.52160719850778,0.4135968141418971,-0.20427372212202455,-149.3895782407894
CONDITIONAL,-1~0%,1~2,BELOW_PREV_LOW,DIRECTION,UP_MIXED,527,122,0.8345897983114489,0.9056027872281791,8.508729565159374,-0.35382814152011594,-0.42894604682595533,-21.230053941757703,0.2607333867099712,0.3341358009113779,28.152288100739643
CONDITIONAL,-1~0%,1~2,BELOW_PREV_LOW,PERSISTENCE,MIXED,527,277,0.8345897983114489,0.8850791181587189,6.0495970534771155,-0.35382814152011594,-0.4021302540250457,-13.651291923082859,0.2607333867099712,0.2287309664193123,-12.274001689801644
CONDITIONAL,-1~0%,1~2,BELOW_PREV_LOW,RETURN_5M,0.05~0.2%,527,149,0.8345897983114489,0.8670423451865958,3.8884427943889714,-0.35382814152011594,-0.35979619085823883,-1.6867084999183415,0.2607333867099712,0.3803448716273467,45.87501678502963
CONDITIONAL,-1~0%,1~2,BELOW_PREV_LOW,RETURN_10M,0~0.2%,527,132,0.8345897983114489,0.9020464269005395,8.082608812804759,-0.35382814152011594,-0.3326546011945548,5.984131232353479,0.2607333867099712,0.2648053472553582,1.5617334614367877
CONDITIONAL,-1~0%,1~2,BELOW_PREV_LOW,RANGE_10M,0.5~1%,527,118,0.8345897983114489,0.640529425556073,-23.25218606170372,-0.35382814152011594,-0.34663360825838535,2.0333411669352928,0.2607333867099712,0.18624920006988963,-28.567184118593385
CONDITIONAL,-1~0%,1~2,BELOW_PREV_LOW,NIGHT_RETURN,0~0.5%,527,150,0.8345897983114489,0.8701622648559051,4.262269514488055,-0.35382814152011594,-0.3093600398301347,12.567711968566838,0.2607333867099712,0.22042149596315194,-15.460962347587849
CONDITIONAL,-1~0%,1~2,BELOW_PREV_LOW,DIRECTION,DOWN,527,114,0.8345897983114489,0.6804138462947124,-18.47326103538133,-0.35382814152011594,-0.3259389703626238,7.882123518404925,0.2607333867099712,0.12821717688606496,-50.824411670497604
CONDITIONAL,-1~0%,1~2,BELOW_PREV_LOW,PERSISTENCE,DOWN_PERSISTENT,527,114,0.8345897983114489,0.6804138462947124,-18.47326103538133,-0.35382814152011594,-0.3259389703626238,7.882123518404925,0.2607333867099712,0.12821717688606496,-50.824411670497604
CONDITIONAL,-1~0%,1~2,BELOW_PREV_LOW,RETURN_5M,-0.5~-0.2%,527,55,0.8345897983114489,0.582083729004191,-30.25511093211669,-0.35382814152011594,-0.29515809228452095,16.581510160140684,0.2607333867099712,0.20856930260435613,-20.006676077751482
CONDITIONAL,-1~0%,1~2,BELOW_PREV_LOW,RETURN_10M,-0.5~-0.2%,527,127,0.8345897983114489,0.6678385166590599,-19.9800287506224,-0.35382814152011594,-0.3336113199880217,5.7137404179438,0.2607333867099712,0.15400201857291287,-40.93505994143427
CONDITIONAL,-1~0%,1~2,BELOW_PREV_LOW,RANGE_10M,0.2~0.5%,527,402,0.8345897983114489,0.8954587021968419,7.293271977268789,-0.35382814152011594,-0.34311328591991525,3.0282655173123154,0.2607333867099712,0.2962664112478356,13.628106851306242
CONDITIONAL,-1~0%,1~2,BELOW_PREV_LOW,NIGHT_RETURN,-2~-1%,527,75,0.8345897983114489,0.6192917827701255,-25.79686643389562,-0.35382814152011594,-0.4468075701913675,-26.278132731837978,0.2607333867099712,0.16610837022485986,-36.29186798020931
CONDITIONAL,-1~0%,1~2,BELOW_PREV_LOW,DIRECTION,DOWN_MIXED,527,129,0.8345897983114489,0.9502830581288488,13.862290199505415,-0.35382814152011594,-0.38494985834078616,-8.795715537765071,0.2607333867099712,0.15810748937999447,-39.36047417054934
CONDITIONAL,-1~0%,1~2,BELOW_PREV_LOW,RETURN_5M,-0.2~-0.05%,527,131,0.8345897983114489,0.97197042853027,16.460856638407414,-0.35382814152011594,-0.3061785237878561,13.466881839174134,0.2607333867099712,0.15976103842274306,-38.726282645016816
CONDITIONAL,-1~0%,1~2,BELOW_PREV_LOW,NIGHT_RETURN,0.5~1%,527,69,0.8345897983114489,0.6804555610414312,-18.468262801901446,-0.35382814152011594,-0.25818042195598606,27.03225332875115,0.2607333867099712,0.20402170043908494,-21.750834055620942
CONDITIONAL,-1~0%,1~2,BELOW_PREV_LOW,RETURN_5M,-0.05~0.05%,527,116,0.8345897983114489,0.8479632241847278,1.6023950808332674,-0.35382814152011594,-0.4599159517655161,-29.982863937737076,0.2607333867099712,0.26116918057990784,0.16714156765101934
CONDITIONAL,-1~0%,1~2,BELOW_PREV_LOW,RETURN_10M,-0.2~0%,527,123,0.8345897983114489,1.1000774981460104,31.810561352618873,-0.35382814152011594,-0.4184367228329673,-18.259876400808615,0.2607333867099712,0.34502120064983627,32.32720404680021
CONDITIONAL,-1~0%,1~2,BELOW_PREV_LOW,NIGHT_RETURN,-1~-0.5%,527,76,0.8345897983114489,0.8069736634777934,-3.3089470886810144,-0.35382814152011594,-0.25831575446429295,26.994005238103114,0.2607333867099712,0.34721721598005173,33.16944959039
CONDITIONAL,-1~0%,1~2,BELOW_PREV_LOW,RETURN_10M,0.2~0.5%,527,124,0.8345897983114489,0.7121862825283867,-14.66630865015488,-0.35382814152011594,-0.2989892094414384,15.49874802017685,0.2607333867099712,0.33182833250338317,27.267296563172778
CONDITIONAL,-1~0%,1~2,BELOW_PREV_LOW,DIRECTION,UP,527,133,0.8345897983114489,0.8410827560591148,0.777981921274681,-0.35382814152011594,-0.26929585289630975,23.89077597407563,0.2607333867099712,0.4455613518909452,70.88772462675401
CONDITIONAL,-1~0%,1~2,BELOW_PREV_LOW,PERSISTENCE,UP_PERSISTENT,527,133,0.8345897983114489,0.8410827560591148,0.777981921274681,-0.35382814152011594,-0.26929585289630975,23.89077597407563,0.2607333867099712,0.4455613518909452,70.88772462675401
CONDITIONAL,-1~0%,1~2,BELOW_PREV_LOW,RETURN_5M,0.2~0.5%,527,72,0.8345897983114489,0.6584144960456206,-21.10920869417144,-0.35382814152011594,-0.32172869509119273,9.072044493413557,0.2607333867099712,0.19007322620119332,-27.100541821817874
CONDITIONAL,-1~0%,1~2,BELOW_PREV_LOW,NIGHT_RETURN,-0.5~0%,527,125,0.8345897983114489,0.7270611646684726,-12.884010068243029,-0.35382814152011594,-0.3612945141268656,-2.1101692405450367,0.2607333867099712,0.29547308303270664,13.323838868927979
CONDITIONAL,0~1%,2~3,ABOVE_PREV_HIGH,DIRECTION,DOWN_MIXED,1399,347,0.5010171441162058,0.45161604801025473,-9.860160812080512,-0.7657137963440903,-0.798506336488755,-4.282610591742382,-0.12137709976450768,-0.15986999008656547,-31.713470165904912
CONDITIONAL,0~1%,2~3,ABOVE_PREV_HIGH,PERSISTENCE,MIXED,1399,785,0.5010171441162058,0.5037505612014693,0.5455735631732287,-0.7657137963440903,-0.7496397568564055,2.0992229165035967,-0.12137709976450768,-0.10754759625475056,11.393832557038122
CONDITIONAL,0~1%,2~3,ABOVE_PREV_HIGH,RETURN_5M,-0.2~-0.05%,1399,396,0.5010171441162058,0.44025668629321585,-12.127420894981825,-0.7657137963440903,-0.8426000735151726,-10.0411247045798,-0.12137709976450768,-0.24234849959025304,-99.66575248580708
CONDITIONAL,0~1%,2~3,ABOVE_PREV_HIGH,RETURN_10M,0~0.2%,1399,398,0.5010171441162058,0.4751669864045371,-5.15953555985961,-0.7657137963440903,-0.7406346594251542,3.2752625117474428,-0.12137709976450768,-0.09186399896014079,24.315213381788947
CONDITIONAL,0~1%,2~3,ABOVE_PREV_HIGH,RANGE_10M,0.2~0.5%,1399,1132,0.5010171441162058,0.506300701234304,1.0545661321467237,-0.7657137963440903,-0.7850543427641714,-2.5258192437465232,-0.12137709976450768,-0.13824811917887234,-13.899672547043318
CONDITIONAL,0~1%,2~3,ABOVE_PREV_HIGH,NIGHT_RETURN,-2~-1%,1399,81,0.5010171441162058,0.5924524396033684,18.249933472527054,-0.7657137963440903,-0.8975500962340389,-17.21743822814772,-0.12137709976450768,-0.1395692458042864,-14.988120555751117
CONDITIONAL,0~1%,2~3,ABOVE_PREV_HIGH,DIRECTION,FLAT_MIXED,1399,82,0.5010171441162058,0.4696280030745161,-6.265083223261783,-0.7657137963440903,-0.7904386459678981,-3.228993619007118,-0.12137709976450768,-0.1708363977574382,-40.74845921420928
CONDITIONAL,0~1%,2~3,ABOVE_PREV_HIGH,RETURN_5M,-0.05~0.05%,1399,317,0.5010171441162058,0.5127695301135435,2.3457053586597225,-0.7657137963440903,-0.76820685643526,-0.32558641401954874,-0.12137709976450768,-0.0943561183333315,22.262009459446222
CONDITIONAL,0~1%,2~3,ABOVE_PREV_HIGH,RETURN_10M,-0.2~0%,1399,354,0.5010171441162058,0.6193199838519856,23.612533248630847,-0.7657137963440903,-0.7842665322135924,-2.422933471759603,-0.12137709976450768,-0.10123635877982537,16.593526310777563
CONDITIONAL,0~1%,2~3,ABOVE_PREV_HIGH,NIGHT_RETURN,1~2%,1399,153,0.5010171441162058,0.5724151546454234,14.25061225303251,-0.7657137963440903,-0.8168544622276224,-6.678822574139813,-0.12137709976450768,-0.16317383874469127,-34.435440508363115
CONDITIONAL,0~1%,2~3,ABOVE_PREV_HIGH,NIGHT_RETURN,0.5~1%,1399,265,0.5010171441162058,0.4002470786677816,-20.113097252626474,-0.7657137963440903,-0.7259266197910469,5.196089810972164,-0.12137709976450768,-0.13407097348069458,-10.458211426055804
CONDITIONAL,0~1%,2~3,ABOVE_PREV_HIGH,DIRECTION,UP_MIXED,1399,360,0.5010171441162058,0.5710456967870157,13.97727672459996,-0.7657137963440903,-0.6985962362543534,8.76535859875981,-0.12137709976450768,-0.03754742551377463,69.06547809543724
CONDITIONAL,0~1%,2~3,ABOVE_PREV_HIGH,RETURN_5M,0.05~0.2%,1399,359,0.5010171441162058,0.4889979709271402,-2.398954472958687,-0.7657137963440903,-0.7273980324824963,5.003927582934125,-0.12137709976450768,-0.08354298334041307,31.170720422138327
CONDITIONAL,0~1%,2~3,ABOVE_PREV_HIGH,DIRECTION,DOWN,1399,314,0.5010171441162058,0.533420605000234,6.467535345759064,-0.7657137963440903,-0.8746461575604527,-14.22625029566677,-0.12137709976450768,-0.19641321111482066,-61.82064944367254
CONDITIONAL,0~1%,2~3,ABOVE_PREV_HIGH,PERSISTENCE,DOWN_PERSISTENT,1399,314,0.5010171441162058,0.533420605000234,6.467535345759064,-0.7657137963440903,-0.8746461575604527,-14.22625029566677,-0.12137709976450768,-0.19641321111482066,-61.82064944367254
CONDITIONAL,0~1%,2~3,ABOVE_PREV_HIGH,RETURN_5M,-0.5~-0.2%,1399,144,0.5010171441162058,0.6559264789890944,30.91896888002678,-0.7657137963440903,-0.8039077797318257,-4.988023406407592,-0.12137709976450768,-0.05577577597387062,54.047529491077675
CONDITIONAL,0~1%,2~3,ABOVE_PREV_HIGH,NIGHT_RETURN,-1~-0.5%,1399,124,0.5010171441162058,0.9623389600681206,92.07705192717236,-0.7657137963440903,-0.7250541427854503,5.310032776315379,-0.12137709976450768,0.2882356082008098,337.4711611663453
CONDITIONAL,0~1%,2~3,ABOVE_PREV_HIGH,NIGHT_RETURN,0~0.5%,1399,423,0.5010171441162058,0.48877735928966665,-2.4429872251437876,-0.7657137963440903,-0.7658345960247082,-0.015776087775171893,-0.12137709976450768,-0.18096374806445806,-49.092166821878806
CONDITIONAL,0~1%,2~3,ABOVE_PREV_HIGH,RANGE_10M,0.5~1%,1399,240,0.5010171441162058,0.47967993317119484,-4.258778605799965,-0.7657137963440903,-0.6950983157656273,9.222176864987604,-0.12137709976450768,-0.07048184412737735,41.931514046616556
CONDITIONAL,0~1%,2~3,ABOVE_PREV_HIGH,RETURN_10M,-0.5~-0.2%,1399,324,0.5010171441162058,0.4182935356097869,-16.511133297113684,-0.7657137963440903,-0.8557999907481642,-11.764995594201313,-0.12137709976450768,-0.22975048176051358,-89.28651467720746
CONDITIONAL,0~1%,2~3,ABOVE_PREV_HIGH,RETURN_10M,0.2~0.5%,1399,260,0.5010171441162058,0.4755002790340613,-5.093012361314753,-0.7657137963440903,-0.6963439015920669,9.05950697025844,-0.12137709976450768,-0.07546330218102286,37.82739715528336
CONDITIONAL,0~1%,2~3,ABOVE_PREV_HIGH,DIRECTION,UP,1399,296,0.5010171441162058,0.44808175301859715,-10.565584774745917,-0.7657137963440903,-0.6864945771245555,10.34580016682054,-0.12137709976450768,-0.08490631729522176,30.04749869624952
CONDITIONAL,0~1%,2~3,ABOVE_PREV_HIGH,PERSISTENCE,UP_PERSISTENT,1399,296,0.5010171441162058,0.44808175301859715,-10.565584774745917,-0.7657137963440903,-0.6864945771245555,10.34580016682054,-0.12137709976450768,-0.08490631729522176,30.04749869624952
CONDITIONAL,0~1%,2~3,ABOVE_PREV_HIGH,NIGHT_RETURN,-0.5~0%,1399,351,0.5010171441162058,0.3795056651709735,-24.25295828141341,-0.7657137963440903,-0.7599569897696984,0.7518222346100942,-0.12137709976450768,-0.1625738579329449,-33.94112913256782
CONDITIONAL,0~1%,2~3,ABOVE_PREV_HIGH,RETURN_5M,0.2~0.5%,1399,173,0.5010171441162058,0.514872579478435,2.7654613270111157,-0.7657137963440903,-0.6628307031226353,13.436233448146243,-0.12137709976450768,-0.04207147684162334,65.33820883572832
CONDITIONAL,0~1%,2~3,ABOVE_PREV_HIGH,RETURN_10M,0.5~1%,1399,37,0.5010171441162058,0.5135231515063148,2.4961236430680596,-0.7657137963440903,-0.5077247671984063,33.692618622970585,-0.12137709976450768,-0.061632310669519616,49.22245564517785
CONDITIONAL,-5~-3%,>=10,BETWEEN_PREV_HIGH_LOW,DIRECTION,DOWN_MIXED,1288,566,4.20154882191288,3.507926028136887,-16.508740542498337,-3.5876509089581674,-2.9884920433694857,16.700589906688382,0.17217136723233584,0.45543004180406577,164.52135980861897
CONDITIONAL,-5~-3%,>=10,BETWEEN_PREV_HIGH_LOW,PERSISTENCE,MIXED,1288,914,4.20154882191288,3.885325213413393,-7.526358062299429,-3.5876509089581674,-3.591909545613378,-0.1187026487046675,0.17217136723233584,0.10114281649149043,-41.25456623980703
CONDITIONAL,-5~-3%,>=10,BETWEEN_PREV_HIGH_LOW,RETURN_5M,-0.2~-0.05%,1288,227,4.20154882191288,5.297633582590168,26.08763594417221,-3.5876509089581674,-3.5170200886015053,1.9687205402370906,0.17217136723233584,0.8007568006216352,365.0928975554093
CONDITIONAL,-5~-3%,>=10,BETWEEN_PREV_HIGH_LOW,RETURN_10M,0~0.2%,1288,231,4.20154882191288,5.251100536733986,24.98011469835228,-3.5876509089581674,-3.7358115055991976,-4.129738383159892,0.17217136723233584,0.13047956303747266,-24.21529483389789
CONDITIONAL,-5~-3%,>=10,BETWEEN_PREV_HIGH_LOW,RANGE_10M,0.2~0.5%,1288,617,4.20154882191288,4.783938445586145,13.861308016602194,-3.5876509089581674,-3.8184815736784112,-6.434033594067704,0.17217136723233584,0.032263570924645685,-81.26078020794958
CONDITIONAL,-5~-3%,>=10,BETWEEN_PREV_HIGH_LOW,NIGHT_RETURN,-2~-1%,1288,168,4.20154882191288,4.40491416928368,4.840247156243023,-3.5876509089581674,-2.4616005845639726,31.38684205819772,0.17217136723233584,1.1092172766245991,544.2518837222051
CONDITIONAL,-5~-3%,>=10,BETWEEN_PREV_HIGH_LOW,DIRECTION,FLAT_MIXED,1288,33,4.20154882191288,5.28242781146037,25.725727234448463,-3.5876509089581674,-4.613242112723248,-28.586705612974654,0.17217136723233584,-0.3868973721248677,-324.7164428930688
CONDITIONAL,-5~-3%,>=10,BETWEEN_PREV_HIGH_LOW,RETURN_5M,-0.05~0.05%,1288,279,4.20154882191288,3.6687030125952877,-12.68212823182186,-3.5876509089581674,-4.731983622523376,-31.896434257521328,0.17217136723233584,-1.1652920658918628,-776.8210560350404
CONDITIONAL,-5~-3%,>=10,BETWEEN_PREV_HIGH_LOW,RETURN_10M,-0.2~0%,1288,233,4.20154882191288,4.1121812685829875,-2.127014515785279,-3.5876509089581674,-3.9804700650417164,-10.949202306799169,0.17217136723233584,0.0002546343969279925,-99.85210409778279
CONDITIONAL,-5~-3%,>=10,BETWEEN_PREV_HIGH_LOW,NIGHT_RETURN,1~2%,1288,49,4.20154882191288,4.889320436348937,16.369478104098974,-3.5876509089581674,-3.6015184988840945,-0.38653676954188765,0.17217136723233584,0.15422220005929732,-10.42517548740674
CONDITIONAL,-5~-3%,>=10,BETWEEN_PREV_HIGH_LOW,DIRECTION,DOWN,1288,157,4.20154882191288,5.451498540594475,29.749736862810472,-3.5876509089581674,-4.071610485114815,-13.489594958869237,0.17217136723233584,0.35440955575372235,105.84697760776103
CONDITIONAL,-5~-3%,>=10,BETWEEN_PREV_HIGH_LOW,PERSISTENCE,DOWN_PERSISTENT,1288,157,4.20154882191288,5.451498540594475,29.749736862810472,-3.5876509089581674,-4.071610485114815,-13.489594958869237,0.17217136723233584,0.35440955575372235,105.84697760776103
CONDITIONAL,-5~-3%,>=10,BETWEEN_PREV_HIGH_LOW,RETURN_5M,-0.5~-0.2%,1288,160,4.20154882191288,5.064387502717894,20.53620503717439,-3.5876509089581674,-2.5845047852322747,27.961085099475312,0.17217136723233584,2.2922077569389225,1231.3524738673382
CONDITIONAL,-5~-3%,>=10,BETWEEN_PREV_HIGH_LOW,RETURN_10M,-0.5~-0.2%,1288,173,4.20154882191288,5.550752308499597,32.11205066926848,-3.5876509089581674,-3.9738395984238637,-10.764388711883988,0.17217136723233584,0.5038594055853166,192.64994155816044
CONDITIONAL,-5~-3%,>=10,BETWEEN_PREV_HIGH_LOW,NIGHT_RETURN,0.5~1%,1288,82,4.20154882191288,5.413907543522315,28.855043056657216,-3.5876509089581674,-3.8725793429401114,-7.941921920845012,0.17217136723233584,0.566937496363215,229.28674812587383
CONDITIONAL,-5~-3%,>=10,BETWEEN_PREV_HIGH_LOW,DIRECTION,UP_MIXED,1288,317,4.20154882191288,4.407585840044998,4.903834915770747,-3.5876509089581674,-4.56432029852173,-27.223088710355658,0.17217136723233584,-0.4915317325858796,-385.48982359104133
CONDITIONAL,-5~-3%,>=10,BETWEEN_PREV_HIGH_LOW,NIGHT_RETURN,-1~-0.5%,1288,105,4.20154882191288,3.903378065909875,-7.096686689630179,-3.5876509089581674,-3.4496224084004457,3.8473224976563962,0.17217136723233584,-0.7445705169182698,-532.458967415594
CONDITIONAL,-5~-3%,>=10,BETWEEN_PREV_HIGH_LOW,RETURN_5M,0.05~0.2%,1288,230,4.20154882191288,4.645726833084804,10.571768412051881,-3.5876509089581674,-3.864385652427167,-7.713535973581154,0.17217136723233584,-0.0313647164480876,-118.21715012912841
CONDITIONAL,-5~-3%,>=10,BETWEEN_PREV_HIGH_LOW,NIGHT_RETURN,0~0.5%,1288,230,4.20154882191288,5.314266439290204,26.483510356324423,-3.5876509089581674,-4.277291435243628,-19.22262070045516,0.17217136723233584,0.27696281895994707,60.86462192415589
CONDITIONAL,-5~-3%,>=10,BETWEEN_PREV_HIGH_LOW,RANGE_10M,0.5~1%,1288,269,4.20154882191288,4.317078378012163,2.7496897214843083,-3.5876509089581674,-4.372530386466991,-21.877253317735644,0.17217136723233584,-0.18542220641409515,-207.69630827399888
CONDITIONAL,-5~-3%,>=10,BETWEEN_PREV_HIGH_LOW,RETURN_10M,0.2~0.5%,1288,183,4.20154882191288,4.447094103433381,5.84416109221145,-3.5876509089581674,-3.563116693105374,0.6838518148890373,0.17217136723233584,-0.13995910895412936,-181.29058344832808
CONDITIONAL,-5~-3%,>=10,BETWEEN_PREV_HIGH_LOW,DIRECTION,UP,1288,215,4.20154882191288,4.645110003500087,10.55708740724005,-3.5876509089581674,-3.214132575240544,10.411222919848996,0.17217136723233584,0.3577869283286389,107.8086118964398
CONDITIONAL,-5~-3%,>=10,BETWEEN_PREV_HIGH_LOW,PERSISTENCE,UP_PERSISTENT,1288,215,4.20154882191288,4.645110003500087,10.55708740724005,-3.5876509089581674,-3.214132575240544,10.411222919848996,0.17217136723233584,0.3577869283286389,107.8086118964398
CONDITIONAL,-5~-3%,>=10,BETWEEN_PREV_HIGH_LOW,RETURN_5M,0.2~0.5%,1288,159,4.20154882191288,4.893977104581669,16.480310285994506,-3.5876509089581674,-2.9898887023836007,16.661660282553893,0.17217136723233584,0.9058143051579732,426.11204738568773
CONDITIONAL,-5~-3%,>=10,BETWEEN_PREV_HIGH_LOW,NIGHT_RETURN,-0.5~0%,1288,187,4.20154882191288,5.485931020801103,30.569255608541756,-3.5876509089581674,-4.527275110483967,-26.190513663957933,0.17217136723233584,-0.3858043189408157,-324.08157938375075
CONDITIONAL,-5~-3%,>=10,BETWEEN_PREV_HIGH_LOW,RETURN_10M,0.5~1%,1288,101,4.20154882191288,2.1983130310399486,-47.67850799270015,-3.5876509089581674,-5.451317167576323,-51.94670010854967,0.17217136723233584,-1.9618849538618066,-1239.4954837144032
CONDITIONAL,-5~-3%,>=10,BETWEEN_PREV_HIGH_LOW,RANGE_10M,1~2%,1288,359,4.20154882191288,3.2471465587263544,-22.7154866845509,-3.5876509089581674,-2.5402111526889137,29.19569888067577,0.17217136723233584,0.8054028296234045,367.79138864394184
CONDITIONAL,-5~-3%,>=10,BETWEEN_PREV_HIGH_LOW,NIGHT_RETURN,<-2%,1288,467,4.20154882191288,2.8480666025419907,-32.21388770521715,-3.5876509089581674,-3.256384863632514,9.233508324304914,0.17217136723233584,0.14558098410104833,-15.44413775573103
CONDITIONAL,-5~-3%,>=10,BETWEEN_PREV_HIGH_LOW,RANGE_10M,>=2%,1288,32,4.20154882191288,2.231553074685499,-46.88737012772546,-3.5876509089581674,-4.27265168152757,-19.093295026530967,0.17217136723233584,-1.4113983022716834,-919.7636604506246
CONDITIONAL,-5~-3%,>=10,BETWEEN_PREV_HIGH_LOW,RETURN_5M,<-0.5%,1288,227,4.20154882191288,2.2441351333814326,-46.587907733517106,-3.5876509089581674,-3.0956546489480687,13.713604597972756,0.17217136723233584,-0.5653700325092725,-428.376338991568
CONDITIONAL,-5~-3%,>=10,BETWEEN_PREV_HIGH_LOW,RETURN_10M,-1~-0.5%,1288,340,4.20154882191288,3.352266678011339,-20.213549333811624,-3.5876509089581674,-2.5827162039805054,28.010938925757667,0.17217136723233584,0.8642666646362172,401.98048521618387
CONDITIONAL,0~1%,<1,ABOVE_PREV_HIGH,DIRECTION,DOWN_MIXED,369,84,0.5334204070899042,0.7295251501245893,36.76363716651602,-0.5259809958003271,-0.6110454740937316,-16.172538356442185,-0.009091457550922043,0.2114799185050452,2426.1387662047346
CONDITIONAL,0~1%,<1,ABOVE_PREV_HIGH,PERSISTENCE,MIXED,369,209,0.5334204070899042,0.6336188221691288,18.78413606743336,-0.5259809958003271,-0.5191548020270728,1.2978023593547645,-0.009091457550922043,0.10023945918651075,1202.5675324892718
CONDITIONAL,0~1%,<1,ABOVE_PREV_HIGH,RETURN_5M,-0.2~-0.05%,369,107,0.5334204070899042,0.6028904185182302,13.02350088316312,-0.5259809958003271,-0.5577212257341994,-6.034482269758942,-0.009091457550922043,-0.03244688152942433,-256.8941651840371
CONDITIONAL,0~1%,<1,ABOVE_PREV_HIGH,RETURN_10M,0~0.2%,369,90,0.5334204070899042,0.45910969636405297,-13.930983842792264,-0.5259809958003271,-0.5840747339526031,-11.044835957215758,-0.009091457550922043,-0.13575818781171484,-1393.2499772596575
CONDITIONAL,0~1%,<1,ABOVE_PREV_HIGH,RANGE_10M,0.2~0.5%,369,276,0.5334204070899042,0.606178381594061,13.639893325621106,-0.5259809958003271,-0.5138776952693153,2.301090843138843,-0.009091457550922043,0.05239883577622683,676.3524218502523
CONDITIONAL,0~1%,<1,ABOVE_PREV_HIGH,NIGHT_RETURN,-2~-1%,369,32,0.5334204070899042,0.6319498304590312,18.471251204403305,-0.5259809958003271,-0.5806071439310626,-10.385574491644315,-0.009091457550922043,0.19955615153531003,2294.9852421086357
CONDITIONAL,0~1%,<1,ABOVE_PREV_HIGH,DIRECTION,DOWN,369,79,0.5334204070899042,0.5733196650956427,7.479889684650501,-0.5259809958003271,-0.5442113986673366,-3.4659812830823498,-0.009091457550922043,-0.12028402142559705,-1223.0444156162616
CONDITIONAL,0~1%,<1,ABOVE_PREV_HIGH,PERSISTENCE,DOWN_PERSISTENT,369,79,0.5334204070899042,0.5733196650956427,7.479889684650501,-0.5259809958003271,-0.5442113986673366,-3.4659812830823498,-0.009091457550922043,-0.12028402142559705,-1223.0444156162616
CONDITIONAL,0~1%,<1,ABOVE_PREV_HIGH,RETURN_10M,-0.2~0%,369,83,0.5334204070899042,0.771338798720225,44.60241649326726,-0.5259809958003271,-0.4322774137772983,17.815012856206035,-0.009091457550922043,0.10555013627611774,1260.9814563277919
CONDITIONAL,0~1%,<1,ABOVE_PREV_HIGH,NIGHT_RETURN,0.5~1%,369,62,0.5334204070899042,0.5977552564520289,12.060815166991063,-0.5259809958003271,-0.6053850516234471,-15.096373530054954,-0.009091457550922043,-0.08581736440489283,-843.9340603442554
CONDITIONAL,0~1%,<1,ABOVE_PREV_HIGH,DIRECTION,UP_MIXED,369,108,0.5334204070899042,0.630677199743002,18.232671896391427,-0.5259809958003271,-0.45596380184512414,13.311734552056492,-0.009091457550922043,0.04227233374053559,564.9676193697719
CONDITIONAL,0~1%,<1,ABOVE_PREV_HIGH,RETURN_5M,0.05~0.2%,369,111,0.5334204070899042,0.5611333885397229,5.195335814204776,-0.5259809958003271,-0.5294621212495413,-0.6618348337694886,-0.009091457550922043,0.0990510638967788,1189.4959729172708
CONDITIONAL,0~1%,<1,ABOVE_PREV_HIGH,RANGE_10M,0.5~1%,369,85,0.5334204070899042,0.32430670657286903,-39.202418530978804,-0.5259809958003271,-0.5852891398123635,-11.27571993771254,-0.009091457550922043,-0.19780450015791332,-2075.7182393471357
CONDITIONAL,0~1%,<1,ABOVE_PREV_HIGH,NIGHT_RETURN,0~0.5%,369,104,0.5334204070899042,0.3522243160306574,-33.96872122830267,-0.5259809958003271,-0.5906522216509313,-12.295354084457216,-0.009091457550922043,-0.1504729378116293,-1555.102462600934
CONDITIONAL,0~1%,<1,ABOVE_PREV_HIGH,RETURN_10M,-0.5~-0.2%,369,93,0.5334204070899042,0.6573294976618842,23.22916201274916,-0.5259809958003271,-0.681829456776113,-29.63005550013238,-0.009091457550922043,0.06643812622893504,830.7753004049056
CONDITIONAL,0~1%,<1,ABOVE_PREV_HIGH,RETURN_5M,-0.5~-0.2%,369,32,0.5334204070899042,0.4796353347074199,-10.083054878967017,-0.5259809958003271,-0.5407530825247372,-2.8084829760689463,-0.009091457550922043,0.06439825912962217,808.3381159612959
CONDITIONAL,0~1%,<1,ABOVE_PREV_HIGH,RETURN_10M,0.2~0.5%,369,88,0.5334204070899042,0.2904981440932824,-45.54048922160547,-0.5259809958003271,-0.40093427296677214,23.77400016958506,-0.009091457550922043,-0.04753570376832839,-422.86119692114045
CONDITIONAL,0~1%,<1,ABOVE_PREV_HIGH,DIRECTION,UP,369,81,0.5334204070899042,0.23596966469470346,-55.7629101627279,-0.5259809958003271,-0.5258139917523817,0.03175096615253731,-0.009091457550922043,-0.18274514955122004,-1910.0753760070766
CONDITIONAL,0~1%,<1,ABOVE_PREV_HIGH,PERSISTENCE,UP_PERSISTENT,369,81,0.5334204070899042,0.23596966469470346,-55.7629101627279,-0.5259809958003271,-0.5258139917523817,0.03175096615253731,-0.009091457550922043,-0.18274514955122004,-1910.0753760070766
CONDITIONAL,0~1%,<1,ABOVE_PREV_HIGH,NIGHT_RETURN,1~2%,369,31,0.5334204070899042,0.8439144528379886,58.20813032669611,-0.5259809958003271,-0.5479569576946629,-4.178090476614545,-0.009091457550922043,0.08772090066058169,1064.8716959766825
CONDITIONAL,0~1%,<1,ABOVE_PREV_HIGH,NIGHT_RETURN,-1~-0.5%,369,49,0.5334204070899042,0.5813144079373674,8.978659273414525,-0.5259809958003271,-0.5069093158278778,3.6259256750198796,-0.009091457550922043,0.12201355377348,1442.0681237312226
CONDITIONAL,0~1%,<1,ABOVE_PREV_HIGH,RETURN_5M,0.2~0.5%,369,40,0.5334204070899042,0.2719127197700949,-49.02468744052645,-0.5259809958003271,-0.3526330240145889,32.95707890015565,-0.009091457550922043,-0.09622709334564661,-958.4341708320179
CONDITIONAL,0~1%,<1,ABOVE_PREV_HIGH,NIGHT_RETURN,-0.5~0%,369,87,0.5334204070899042,0.535945290553484,0.4733383706398521,-0.5259809958003271,-0.38365849905531624,27.05848650072508,-0.009091457550922043,0.0183438291301622,301.76994752950026
CONDITIONAL,0~1%,<1,ABOVE_PREV_HIGH,RETURN_5M,-0.05~0.05%,369,74,0.5334204070899042,0.5920568892618048,10.992545728011072,-0.5259809958003271,-0.5664663588643478,-7.697115178547207,-0.009091457550922043,-0.10025347105168295,-1002.72165370794
CONDITIONAL,0~1%,1~2,ABOVE_PREV_HIGH,DIRECTION,DOWN_MIXED,738,171,0.46936548761356034,0.44685494963017847,-4.795950826686117,-0.6987874746464439,-0.6804869412035389,2.6188983212906356,-0.1413410841726834,-0.15105884276870482,-6.875395539027246
CONDITIONAL,0~1%,1~2,ABOVE_PREV_HIGH,PERSISTENCE,MIXED,738,404,0.46936548761356034,0.41829246634888556,-10.881290297748606,-0.6987874746464439,-0.6555228600008765,6.19138382058972,-0.1413410841726834,-0.15947293616979544,-12.828437041673924
CONDITIONAL,0~1%,1~2,ABOVE_PREV_HIGH,RETURN_5M,-0.2~-0.05%,738,207,0.46936548761356034,0.4321102413096081,-7.93736380008948,-0.6987874746464439,-0.6540293436715154,6.405113514316223,-0.1413410841726834,-0.18761836173225208,-32.74156118898128
CONDITIONAL,0~1%,1~2,ABOVE_PREV_HIGH,RETURN_10M,-0.5~-0.2%,738,165,0.46936548761356034,0.42278574708677924,-9.923980726322872,-0.6987874746464439,-0.760876287826219,-8.885221248590545,-0.1413410841726834,-0.21406469217230595,-51.45256131668873
CONDITIONAL,0~1%,1~2,ABOVE_PREV_HIGH,RANGE_10M,0.2~0.5%,738,584,0.46936548761356034,0.4534938981432785,-3.38149904267126,-0.6987874746464439,-0.6693705677230098,4.209707241578378,-0.1413410841726834,-0.12094192673381605,14.432574617826397
CONDITIONAL,0~1%,1~2,ABOVE_PREV_HIGH,NIGHT_RETURN,0~0.5%,738,245,0.46936548761356034,0.5361325595738554,14.22496406793036,-0.6987874746464439,-0.698839363827984,-0.007425602693628931,-0.1413410841726834,-0.16635679357633087,-17.6988237709317
CONDITIONAL,0~1%,1~2,ABOVE_PREV_HIGH,DIRECTION,DOWN,738,162,0.46936548761356034,0.5139655372531353,9.502200484816056,-0.6987874746464439,-0.7496422766986326,-7.277577789716258,-0.1413410841726834,-0.1381914437415392,2.2283969658080034
CONDITIONAL,0~1%,1~2,ABOVE_PREV_HIGH,PERSISTENCE,DOWN_PERSISTENT,738,162,0.46936548761356034,0.5139655372531353,9.502200484816056,-0.6987874746464439,-0.7496422766986326,-7.277577789716258,-0.1413410841726834,-0.1381914437415392,2.2283969658080034
CONDITIONAL,0~1%,1~2,ABOVE_PREV_HIGH,RETURN_10M,-0.2~0%,738,181,0.46936548761356034,0.5772068114165763,22.975980690724374,-0.6987874746464439,-0.6355240800143117,9.053309758326835,-0.1413410841726834,0.0189651575428679,113.41800768960937
CONDITIONAL,0~1%,1~2,ABOVE_PREV_HIGH,NIGHT_RETURN,0.5~1%,738,131,0.46936548761356034,0.45850707688822573,-2.3134233367994446,-0.6987874746464439,-0.7119488803857139,-1.8834633156424492,-0.1413410841726834,-0.11723626873256919,17.054358668045992
CONDITIONAL,0~1%,1~2,ABOVE_PREV_HIGH,DIRECTION,UP_MIXED,738,176,0.46936548761356034,0.4438341934386441,-5.439533763917629,-0.6987874746464439,-0.6666053928878143,4.60541765934089,-0.1413410841726834,-0.1650115041544277,-16.747020245596087
CONDITIONAL,0~1%,1~2,ABOVE_PREV_HIGH,RETURN_5M,-0.05~0.05%,738,171,0.46936548761356034,0.44482326177098575,-5.228809209504724,-0.6987874746464439,-0.7656349526621334,-9.56621010551334,-0.1413410841726834,-0.18436744668886298,-30.44151158739673
CONDITIONAL,0~1%,1~2,ABOVE_PREV_HIGH,NIGHT_RETURN,-1~-0.5%,738,76,0.46936548761356034,0.2969751035554246,-36.72838941240366,-0.6987874746464439,-0.5547321627511261,20.615039210341234,-0.1413410841726834,-0.11944134365254921,15.494249706885077
CONDITIONAL,0~1%,1~2,ABOVE_PREV_HIGH,RETURN_5M,0.05~0.2%,738,179,0.46936548761356034,0.3724672608726135,-20.64451462624909,-0.6987874746464439,-0.6496882053941524,7.026352222059155,-0.1413410841726834,-0.12149133608908298,14.043862900718235
CONDITIONAL,0~1%,1~2,ABOVE_PREV_HIGH,RETURN_10M,0~0.2%,738,183,0.46936548761356034,0.4183387772750306,-10.87142358889012,-0.6987874746464439,-0.7868773556717976,-12.606104748789813,-0.1413410841726834,-0.2258640096014334,-59.80067715165123
CONDITIONAL,0~1%,1~2,ABOVE_PREV_HIGH,RANGE_10M,0.5~1%,738,142,0.46936548761356034,0.5393848065404039,14.9178669447661,-0.6987874746464439,-0.8141940646870498,-16.51526311329445,-0.1413410841726834,-0.21910628468637489,-55.01953021577356
CONDITIONAL,0~1%,1~2,ABOVE_PREV_HIGH,NIGHT_RETURN,-2~-1%,738,41,0.46936548761356034,0.23390574743778952,-50.16554186225775,-0.6987874746464439,-1.1047809107359847,-58.09970138559738,-0.1413410841726834,-0.6128938553997919,-333.62753228282094
CONDITIONAL,0~1%,1~2,ABOVE_PREV_HIGH,DIRECTION,FLAT_MIXED,738,58,0.46936548761356034,0.24936451677565502,-46.87199562892389,-0.6987874746464439,-0.5407709929639254,22.61295278116826,-0.1413410841726834,-0.16472378220637185,-16.543454559270714
CONDITIONAL,0~1%,1~2,ABOVE_PREV_HIGH,NIGHT_RETURN,1~2%,738,73,0.46936548761356034,0.46175875553829054,-1.6206415418281876,-0.6987874746464439,-0.5284121609873738,24.38156375731729,-0.1413410841726834,0.014595067143366877,110.32613215668796
CONDITIONAL,0~1%,1~2,ABOVE_PREV_HIGH,RETURN_5M,-0.5~-0.2%,738,75,0.46936548761356034,0.5976625374280864,27.334146459476383,-0.6987874746464439,-0.6551406756073297,6.2460763283139205,-0.1413410841726834,0.049064964212656666,134.7138728274587
CONDITIONAL,0~1%,1~2,ABOVE_PREV_HIGH,RETURN_10M,0.2~0.5%,738,167,0.46936548761356034,0.39678336947040505,-15.463880506466607,-0.6987874746464439,-0.6497741352664199,7.014055225420657,-0.1413410841726834,-0.14190783638327265,-0.40098193239894425
CONDITIONAL,0~1%,1~2,ABOVE_PREV_HIGH,DIRECTION,UP,738,171,0.46936548761356034,0.5505213825663718,17.29055439619989,-0.6987874746464439,-0.7556290864206385,-8.13432035297342,-0.1413410841726834,-0.10231368433165909,27.6122120255867
CONDITIONAL,0~1%,1~2,ABOVE_PREV_HIGH,PERSISTENCE,UP_PERSISTENT,738,171,0.46936548761356034,0.5505213825663718,17.29055439619989,-0.6987874746464439,-0.7556290864206385,-8.13432035297342,-0.1413410841726834,-0.10231368433165909,27.6122120255867
CONDITIONAL,0~1%,1~2,ABOVE_PREV_HIGH,RETURN_5M,0.2~0.5%,738,100,0.46936548761356034,0.6562275309257637,39.81162830319797,-0.6987874746464439,-0.8262546228887006,-18.241189613014964,-0.1413410841726834,-0.17203600693787707,-21.716914756145613
CONDITIONAL,0~1%,1~2,ABOVE_PREV_HIGH,NIGHT_RETURN,-0.5~0%,738,168,0.46936548761356034,0.5268569474664497,12.248761651649911,-0.6987874746464439,-0.7333716979162089,-4.949176183683485,-0.1413410841726834,-0.07861646155070989,44.37819547594508
CONDITIONAL,1~3%,2~3,BETWEEN_PREV_HIGH_LOW,DIRECTION,FLAT_MIXED,823,49,1.6837473568517745,1.8977241743192943,12.708368425748146,-1.9234323519007082,-1.8215560322406037,5.29658969079062,-0.27142467587446195,-0.14150889153706633,47.86439697085008
CONDITIONAL,1~3%,2~3,BETWEEN_PREV_HIGH_LOW,PERSISTENCE,MIXED,823,483,1.6837473568517745,1.57304701903712,-6.574640629081016,-1.9234323519007082,-1.8678081823010106,2.891922325457951,-0.27142467587446195,-0.3238287432508454,-19.307038760404048
CONDITIONAL,1~3%,2~3,BETWEEN_PREV_HIGH_LOW,RETURN_5M,-0.05~0.05%,823,210,1.6837473568517745,1.619588071806126,-3.8105054647635384,-1.9234323519007082,-2.062957345609844,-7.253958974499884,-0.27142467587446195,-0.6649808370134058,-144.99645615160267
CONDITIONAL,1~3%,2~3,BETWEEN_PREV_HIGH_LOW,RETURN_10M,-0.2~0%,823,205,1.6837473568517745,1.532225735101689,-8.999071097780162,-1.9234323519007082,-1.8634895933107005,3.11644745554857,-0.27142467587446195,-0.2958151479525691,-8.986092365967528
CONDITIONAL,1~3%,2~3,BETWEEN_PREV_HIGH_LOW,RANGE_10M,0.2~0.5%,823,682,1.6837473568517745,1.6355172596251148,-2.864449766195265,-1.9234323519007082,-1.911292752129938,0.6311425384300041,-0.27142467587446195,-0.2886297213200249,-6.33879192823299
CONDITIONAL,1~3%,2~3,BETWEEN_PREV_HIGH_LOW,NIGHT_RETURN,1~2%,823,88,1.6837473568517745,1.4291419668494887,-15.121353507472765,-1.9234323519007082,-2.0538459235926485,-6.780252581436905,-0.27142467587446195,-0.7807968558683833,-187.66612812665338
CONDITIONAL,1~3%,2~3,BETWEEN_PREV_HIGH_LOW,DIRECTION,UP_MIXED,823,220,1.6837473568517745,1.5592217924518372,-7.395739265347491,-1.9234323519007082,-1.9752771784924537,-2.695432804824832,-0.27142467587446195,-0.47465125404565844,-74.87402444764892
CONDITIONAL,1~3%,2~3,BETWEEN_PREV_HIGH_LOW,RETURN_5M,0.05~0.2%,823,210,1.6837473568517745,1.8118929307477507,7.6107364548788015,-1.9234323519007082,-1.817587588240094,5.502910645961625,-0.27142467587446195,0.06829490360525572,125.16164139654093
CONDITIONAL,1~3%,2~3,BETWEEN_PREV_HIGH_LOW,RETURN_10M,0~0.2%,823,224,1.6837473568517745,1.6491417283019523,-2.0552744097265796,-1.9234323519007082,-1.8078869789923129,6.007249113503525,-0.27142467587446195,-0.47174172876418846,-73.8020786961817
CONDITIONAL,1~3%,2~3,BETWEEN_PREV_HIGH_LOW,NIGHT_RETURN,0.5~1%,823,170,1.6837473568517745,1.5075453064570883,-10.46487465460044,-1.9234323519007082,-1.9032120547648845,1.0512611538348215,-0.27142467587446195,-0.5108737760748475,-88.21935567536035
CONDITIONAL,1~3%,2~3,BETWEEN_PREV_HIGH_LOW,DIRECTION,UP,823,169,1.6837473568517745,1.8665095773874685,10.854491904142787,-1.9234323519007082,-1.7785033602428728,7.534914940710996,-0.27142467587446195,0.19314136568379603,171.1583665197511
CONDITIONAL,1~3%,2~3,BETWEEN_PREV_HIGH_LOW,PERSISTENCE,UP_PERSISTENT,823,169,1.6837473568517745,1.8665095773874685,10.854491904142787,-1.9234323519007082,-1.7785033602428728,7.534914940710996,-0.27142467587446195,0.19314136568379603,171.1583665197511
CONDITIONAL,1~3%,2~3,BETWEEN_PREV_HIGH_LOW,RETURN_10M,0.2~0.5%,823,163,1.6837473568517745,1.9155561283406766,13.767431945510634,-1.9234323519007082,-1.9155614858130243,0.409209405254412,-0.27142467587446195,0.27669427478964703,201.9414590431794
CONDITIONAL,1~3%,2~3,BETWEEN_PREV_HIGH_LOW,NIGHT_RETURN,0~0.5%,823,268,1.6837473568517745,1.7717442288205716,5.226251528218064,-1.9234323519007082,-1.9394951076154758,-0.8351089498361972,-0.27142467587446195,-0.011436369738256243,95.78654015099728
CONDITIONAL,1~3%,2~3,BETWEEN_PREV_HIGH_LOW,DIRECTION,DOWN,823,170,1.6837473568517745,1.826483799503531,8.47730760027094,-1.9234323519007082,-2.2054886608736277,-14.664217782039257,-0.27142467587446195,-0.5545928395397184,-104.32661022913999
CONDITIONAL,1~3%,2~3,BETWEEN_PREV_HIGH_LOW,PERSISTENCE,DOWN_PERSISTENT,823,170,1.6837473568517745,1.826483799503531,8.47730760027094,-1.9234323519007082,-2.2054886608736277,-14.664217782039257,-0.27142467587446195,-0.5545928395397184,-104.32661022913999
CONDITIONAL,1~3%,2~3,BETWEEN_PREV_HIGH_LOW,RETURN_5M,-0.2~-0.05%,823,244,1.6837473568517745,1.6457375779036807,-2.257451439696002,-1.9234323519007082,-1.9982507642090293,-3.889838508455294,-0.27142467587446195,-0.3570871117271443,-31.5602977425319
CONDITIONAL,1~3%,2~3,BETWEEN_PREV_HIGH_LOW,NIGHT_RETURN,-1~-0.5%,823,65,1.6837473568517745,2.1329143164363784,26.676624480316587,-1.9234323519007082,-1.8481047348051571,3.916312264432557,-0.27142467587446195,0.08927004947892402,132.88943762807065
CONDITIONAL,1~3%,2~3,BETWEEN_PREV_HIGH_LOW,DIRECTION,DOWN_MIXED,823,215,1.6837473568517745,1.5058810758785073,-10.563715527122595,-1.9234323519007082,-1.7844998164492638,7.223156838042846,-0.27142467587446195,-0.23435071975874702,13.659021972218252
CONDITIONAL,1~3%,2~3,BETWEEN_PREV_HIGH_LOW,NIGHT_RETURN,-2~-1%,823,34,1.6837473568517745,2.421282913743186,43.80321987678934,-1.9234323519007082,-2.4072680264296715,-25.15480588910985,-0.27142467587446195,-0.9025168690024639,-232.51098710711608
CONDITIONAL,1~3%,2~3,BETWEEN_PREV_HIGH_LOW,RETURN_10M,-0.5~-0.2%,823,202,1.6837473568517745,1.609901692587096,-4.385792438763091,-1.9234323519007082,-2.0978533608343426,-9.06821644968559,-0.27142467587446195,-0.4659438540466823,-71.66598893248323
CONDITIONAL,1~3%,2~3,BETWEEN_PREV_HIGH_LOW,RETURN_5M,-0.5~-0.2%,823,73,1.6837473568517745,1.4956338425083169,-11.172312376791918,-1.9234323519007082,-1.8131399895233393,5.734143042170395,-0.27142467587446195,-0.21891687020979314,19.345258678306195
CONDITIONAL,1~3%,2~3,BETWEEN_PREV_HIGH_LOW,RANGE_10M,0.5~1%,823,132,1.6837473568517745,1.9728709218566798,17.171433934453255,-1.9234323519007082,-2.0105681761857843,-4.530225572995577,-0.27142467587446195,-0.202781314624062,25.290022371491588
CONDITIONAL,1~3%,2~3,BETWEEN_PREV_HIGH_LOW,RETURN_5M,0.2~0.5%,823,83,1.6837473568517745,1.8305156656728632,8.716765506644188,-1.9234323519007082,-1.7174806225977293,10.707510929586912,-0.27142467587446195,0.08625764014741592,131.77958668257244
CONDITIONAL,1~3%,2~3,BETWEEN_PREV_HIGH_LOW,NIGHT_RETURN,-0.5~0%,823,198,1.6837473568517745,1.5549816997424502,-7.647564023505692,-1.9234323519007082,-1.802735987506104,6.275051174809125,-0.27142467587446195,-0.20139331098855587,25.80139947124655
CONDITIONAL,UNKNOWN,<1,BELOW_PREV_LOW,DIRECTION,FLAT_MIXED,1110,53,1.6119032595916787,1.6636228153646462,3.2086017237826607,-0.9798082964776147,-1.2592652551922623,-28.52159547120473,0.25713249326422954,-0.3695644489721868,-243.725300634184
CONDITIONAL,UNKNOWN,<1,BELOW_PREV_LOW,PERSISTENCE,MIXED,1110,632,1.6119032595916787,1.4529303300957646,-9.862436132561985,-0.9798082964776147,-1.0065155027099595,-2.725758327252025,0.25713249326422954,0.14762293336894383,-42.588767566903186
CONDITIONAL,UNKNOWN,<1,BELOW_PREV_LOW,RETURN_5M,-0.05~0.05%,1110,266,1.6119032595916787,1.575931693954171,-2.231620627569168,-0.9798082964776147,-0.8207359633307615,16.23504656152781,0.25713249326422954,0.24965528912820437,-2.907918809133779
CONDITIONAL,UNKNOWN,<1,BELOW_PREV_LOW,RETURN_10M,-0.2~0%,1110,264,1.6119032595916787,1.3628771692755262,-15.449195777371582,-0.9798082964776147,-1.053639283009826,-7.535248149830104,0.25713249326422954,0.2446661578588419,-4.848214726630142
CONDITIONAL,UNKNOWN,<1,BELOW_PREV_LOW,RANGE_10M,0.2~0.5%,1110,827,1.6119032595916787,1.7211402746861857,6.776896469716087,-0.9798082964776147,-0.920835530215314,6.018806584339641,0.25713249326422954,0.3304951777218693,28.531082760610975
CONDITIONAL,UNKNOWN,<1,BELOW_PREV_LOW,NIGHT_RETURN,1~2%,1110,84,1.6119032595916787,2.050371502393065,27.201895659200886,-0.9798082964776147,-1.0106227389824618,-3.1449460691059894,0.25713249326422954,0.4245958005727098,65.12724439551668
CONDITIONAL,UNKNOWN,<1,BELOW_PREV_LOW,DIRECTION,DOWN,1110,220,1.6119032595916787,1.7058171807881226,5.826275282812807,-0.9798082964776147,-0.9087392044071246,7.253367043939268,0.25713249326422954,0.5685316966127512,121.10457118639127
CONDITIONAL,UNKNOWN,<1,BELOW_PREV_LOW,PERSISTENCE,DOWN_PERSISTENT,1110,220,1.6119032595916787,1.7058171807881226,5.826275282812807,-0.9798082964776147,-0.9087392044071246,7.253367043939268,0.25713249326422954,0.5685316966127512,121.10457118639127
CONDITIONAL,UNKNOWN,<1,BELOW_PREV_LOW,RETURN_5M,-0.2~-0.05%,1110,288,1.6119032595916787,1.8520837544382234,14.90042863412202,-0.9798082964776147,-1.1528572034892082,-17.661506606312663,0.25713249326422954,0.2844962591561482,10.641893424103195
CONDITIONAL,UNKNOWN,<1,BELOW_PREV_LOW,NIGHT_RETURN,0.5~1%,1110,163,1.6119032595916787,1.6374882663192754,1.5872544816416443,-0.9798082964776147,-0.852800463043053,12.962518677495542,0.25713249326422954,0.4510011782704596,75.39641627750657
CONDITIONAL,UNKNOWN,<1,BELOW_PREV_LOW,DIRECTION,UP_MIXED,1110,285,1.6119032595916787,1.48958513194659,-7.588428580761963,-0.9798082964776147,-0.8324624886324484,15.038228230447793,0.25713249326422954,0.21808319912892885,-15.18644868238166
CONDITIONAL,UNKNOWN,<1,BELOW_PREV_LOW,NIGHT_RETURN,-1~-0.5%,1110,129,1.6119032595916787,2.4119619649934623,49.63441203068548,-0.9798082964776147,-0.8791796073036205,10.270242611309953,0.25713249326422954,0.44100035394721626,71.50705006155872
CONDITIONAL,UNKNOWN,<1,BELOW_PREV_LOW,RETURN_5M,0.05~0.2%,1110,271,1.6119032595916787,1.5951404554106363,-1.0399385993728096,-0.9798082964776147,-0.8458566968691107,13.671204876510693,0.25713249326422954,0.22951356167496262,-10.74112852819643
CONDITIONAL,UNKNOWN,<1,BELOW_PREV_LOW,RETURN_10M,0~0.2%,1110,276,1.6119032595916787,1.4918933737853608,-7.445228805897343,-0.9798082964776147,-0.953784307634289,2.6560286269141877,0.25713249326422954,0.056515099547234236,-78.02101989142255
CONDITIONAL,UNKNOWN,<1,BELOW_PREV_LOW,NIGHT_RETURN,0~0.5%,1110,333,1.6119032595916787,1.6781101682274822,4.107374821772788,-0.9798082964776147,-0.989031576183532,-0.9413351304612084,0.25713249326422954,0.35491036587676456,38.026260847577284
CONDITIONAL,UNKNOWN,<1,BELOW_PREV_LOW,RANGE_10M,0.5~1%,1110,215,1.6119032595916787,1.255236309815946,-22.127069205510647,-0.9798082964776147,-1.0903094412871908,-11.277833144179816,0.25713249326422954,-0.02604676742661133,-110.12970671110229
CONDITIONAL,UNKNOWN,<1,BELOW_PREV_LOW,DIRECTION,DOWN_MIXED,1110,300,1.6119032595916787,1.3761492660990327,-14.62581529566274,-0.9798082964776147,-1.1265755211969308,-14.979177584731676,0.25713249326422954,0.1769953024404442,-31.16571920042649
CONDITIONAL,UNKNOWN,<1,BELOW_PREV_LOW,NIGHT_RETURN,-2~-1%,1110,114,1.6119032595916787,1.1864465789381249,-26.394678348211105,-0.9798082964776147,-0.8690334678323517,11.30576553020582,0.25713249326422954,0.044469895527150284,-82.70545470056445
CONDITIONAL,UNKNOWN,<1,BELOW_PREV_LOW,RETURN_10M,-0.5~-0.2%,1110,256,1.6119032595916787,1.6470243181008613,2.1788564729423836,-0.9798082964776147,-0.8392318417763308,14.347342761502691,0.25713249326422954,0.47321515156003163,84.03553185857199
CONDITIONAL,UNKNOWN,<1,BELOW_PREV_LOW,RETURN_5M,-0.5~-0.2%,1110,121,1.6119032595916787,1.3922042406666237,-13.629789357253877,-0.9798082964776147,-0.8971978545933637,8.431286220093606,0.25713249326422954,0.5778931463793017,124.74528171959125
CONDITIONAL,UNKNOWN,<1,BELOW_PREV_LOW,RETURN_10M,0.2~0.5%,1110,225,1.6119032595916787,2.003171909027583,24.273705453950075,-0.9798082964776147,-0.7911648516527552,19.25309731536544,0.25713249326422954,0.40166010528595286,56.20744783632096
CONDITIONAL,UNKNOWN,<1,BELOW_PREV_LOW,DIRECTION,UP,1110,252,1.6119032595916787,1.9380328838276324,20.232580478717292,-0.9798082964776147,-0.974996269746301,0.49111920654405117,0.25713249326422954,0.25664566500054425,-0.18932973328463215
CONDITIONAL,UNKNOWN,<1,BELOW_PREV_LOW,PERSISTENCE,UP_PERSISTENT,1110,252,1.6119032595916787,1.9380328838276324,20.232580478717292,-0.9798082964776147,-0.974996269746301,0.49111920654405117,0.25713249326422954,0.25664566500054425,-0.18932973328463215
CONDITIONAL,UNKNOWN,<1,BELOW_PREV_LOW,RETURN_5M,0.2~0.5%,1110,154,1.6119032595916787,1.1839635470779926,-26.5487218272696,-0.9798082964776147,-1.0070005667407405,-2.775264341083992,0.25713249326422954,0.04496823233080828,-82.51164924356765
CONDITIONAL,UNKNOWN,<1,BELOW_PREV_LOW,NIGHT_RETURN,-0.5~0%,1110,230,1.6119032595916787,1.2183090159752832,-24.41798174141662,-0.9798082964776147,-0.9427116073714752,3.78611706386863,0.25713249326422954,0.06286206725463275,-75.55265518697567
CONDITIONAL,UNKNOWN,<1,BELOW_PREV_LOW,RETURN_10M,0.5~1%,1110,37,1.6119032595916787,2.2984861683002857,42.59454806751428,-0.9798082964776147,-2.235955640784252,-128.2033790510301,0.25713249326422954,-0.5607883934287453,-318.0931652432113
CONDITIONAL,UNKNOWN,<1,BELOW_PREV_LOW,RANGE_10M,1~2%,1110,50,1.6119032595916787,1.5729890525452428,-2.414177576407004,-0.9798082964776147,-1.3030253483561571,-32.987784757538726,0.25713249326422954,0.5787963261540386,125.0965324554556
CONDITIONAL,UNKNOWN,<1,BELOW_PREV_LOW,NIGHT_RETURN,<-2%,1110,56,1.6119032595916787,1.153108554722563,-28.4629181149082,-0.9798082964776147,-1.810983687117793,-84.83040954319657,0.25713249326422954,-0.26882096772500796,-204.5457010556684
CONDITIONAL,>=5%,>=10,BETWEEN_PREV_HIGH_LOW,PERSISTENCE,MIXED,710,232,6.145212342170727,6.887780123132689,12.083679775655371,-4.003397575016273,-5.653520983082395,-41.21807482634083,1.095267502645657,0.077612886830591,-92.9137962513163
CONDITIONAL,>=5%,>=10,BETWEEN_PREV_HIGH_LOW,RETURN_5M,-0.05~0.05%,710,70,6.145212342170727,7.355045018491743,19.687402305347447,-4.003397575016273,-5.59637554781366,-39.7906513891744,1.095267502645657,1.1754340928530607,7.319361709697253
CONDITIONAL,>=5%,>=10,BETWEEN_PREV_HIGH_LOW,RETURN_10M,-0.2~0%,710,84,6.145212342170727,7.645072314641376,24.406967391151856,-4.003397575016273,-6.420764312941309,-60.38287960733475,1.095267502645657,-0.4982571790672951,-145.49182531790063
CONDITIONAL,>=5%,>=10,BETWEEN_PREV_HIGH_LOW,RANGE_10M,0.2~0.5%,710,295,6.145212342170727,6.619427974003814,7.716830687506819,-4.003397575016273,-6.309410574771537,-57.60139872557848,1.095267502645657,-0.8159034712769548,-174.4935341645864
CONDITIONAL,>=5%,>=10,BETWEEN_PREV_HIGH_LOW,NIGHT_RETURN,1~2%,710,37,6.145212342170727,6.7561808158306755,9.942186528970788,-4.003397575016273,-3.958201037162557,1.1289545194254844,1.095267502645657,0.6660068470031884,-39.192311887787646
CONDITIONAL,>=5%,>=10,BETWEEN_PREV_HIGH_LOW,DIRECTION,DOWN,710,130,6.145212342170727,4.764804654778642,-22.463140580500625,-4.003397575016273,-6.08041870764515,-51.88146052719817,1.095267502645657,-1.6642907970300844,-251.95290584354336
CONDITIONAL,>=5%,>=10,BETWEEN_PREV_HIGH_LOW,PERSISTENCE,DOWN_PERSISTENT,710,130,6.145212342170727,4.764804654778642,-22.463140580500625,-4.003397575016273,-6.08041870764515,-51.88146052719817,1.095267502645657,-1.6642907970300844,-251.95290584354336
CONDITIONAL,>=5%,>=10,BETWEEN_PREV_HIGH_LOW,RETURN_5M,-0.5~-0.2%,710,99,6.145212342170727,5.279221750358969,-14.092118279933292,-4.003397575016273,-5.68805838616974,-42.080777129576454,1.095267502645657,-1.1146936144145312,-201.77364084316838
CONDITIONAL,>=5%,>=10,BETWEEN_PREV_HIGH_LOW,RETURN_10M,-0.5~-0.2%,710,146,6.145212342170727,5.057743501672082,-17.696196322396062,-4.003397575016273,-5.433687867385676,-35.726911094099584,1.095267502645657,-0.4469337031590373,-140.8058946403005
CONDITIONAL,>=5%,>=10,BETWEEN_PREV_HIGH_LOW,DIRECTION,UP_MIXED,710,98,6.145212342170727,6.1256516963700305,-0.31830707730739116,-4.003397575016273,-5.720824354883366,-42.89923115767764,1.095267502645657,-0.0784555404212292,-107.16313961947353
CONDITIONAL,>=5%,>=10,BETWEEN_PREV_HIGH_LOW,RETURN_5M,0.05~0.2%,710,71,6.145212342170727,6.2032530681337175,0.9444869067370262,-4.003397575016273,-6.269068337259714,-56.593698721872045,1.095267502645657,-0.3749574592661855,-134.23432708086952
CONDITIONAL,>=5%,>=10,BETWEEN_PREV_HIGH_LOW,RETURN_10M,0~0.2%,710,97,6.145212342170727,7.302570610070486,18.833495141535415,-4.003397575016273,-6.11437368940009,-52.72961465425367,1.095267502645657,-0.3441741925640291,-131.42375645517322
CONDITIONAL,>=5%,>=10,BETWEEN_PREV_HIGH_LOW,NIGHT_RETURN,-1~-0.5%,710,32,6.145212342170727,7.243392548925379,17.8705005719417,-4.003397575016273,-6.509654803157309,-62.60325588898944,1.095267502645657,-0.522583086209508,-147.71282677037257
CONDITIONAL,>=5%,>=10,BETWEEN_PREV_HIGH_LOW,RETURN_5M,-0.2~-0.05%,710,127,6.145212342170727,6.243210054233906,1.5947001764395001,-4.003397575016273,-6.350817979234925,-58.635705303616014,1.095267502645657,-1.612318505762748,-247.2077370932796
CONDITIONAL,>=5%,>=10,BETWEEN_PREV_HIGH_LOW,NIGHT_RETURN,0.5~1%,710,64,6.145212342170727,6.192070220089898,0.7625103138847498,-4.003397575016273,-7.191831121326404,-79.64319022941831,1.095267502645657,-1.2565811616391693,-214.72824297295898
CONDITIONAL,>=5%,>=10,BETWEEN_PREV_HIGH_LOW,RANGE_10M,0.5~1%,710,124,6.145212342170727,5.323423807475769,-13.37282568830926,-4.003397575016273,-4.710574231081443,-17.664412360101288,1.095267502645657,0.34503188654461286,-68.49793445791313
CONDITIONAL,>=5%,>=10,BETWEEN_PREV_HIGH_LOW,NIGHT_RETURN,0~0.5%,710,144,6.145212342170727,6.600026951200535,7.401121128210675,-4.003397575016273,-6.077296039313883,-51.80346007201595,1.095267502645657,-1.2135994331223985,-210.80392965105844
CONDITIONAL,>=5%,>=10,BETWEEN_PREV_HIGH_LOW,DIRECTION,DOWN_MIXED,710,115,6.145212342170727,7.796214804409103,26.866483537250357,-4.003397575016273,-5.648967587131139,-41.104336536152715,1.095267502645657,0.26482942619774213,-75.820571179366
CONDITIONAL,>=5%,>=10,BETWEEN_PREV_HIGH_LOW,DIRECTION,UP,710,346,6.145212342170727,6.159170015214512,0.22713085027187704,-4.003397575016273,-2.1097628872402634,47.30069028351031,1.095267502645657,2.8393130425600126,159.23466511163275
CONDITIONAL,>=5%,>=10,BETWEEN_PREV_HIGH_LOW,PERSISTENCE,UP_PERSISTENT,710,346,6.145212342170727,6.159170015214512,0.22713085027187704,-4.003397575016273,-2.1097628872402634,47.30069028351031,1.095267502645657,2.8393130425600126,159.23466511163275
CONDITIONAL,>=5%,>=10,BETWEEN_PREV_HIGH_LOW,RETURN_10M,0.2~0.5%,710,358,6.145212342170727,6.1332658668740585,-0.19440296984837374,-4.003397575016273,-2.230456063761341,44.28592159617636,1.095267502645657,2.7089899325088664,147.3359180259805
CONDITIONAL,>=5%,>=10,BETWEEN_PREV_HIGH_LOW,RETURN_5M,0.2~0.5%,710,62,6.145212342170727,6.518356776432523,6.072116201764757,-4.003397575016273,-5.032348792198445,-25.70194935430537,1.095267502645657,0.34540765123607736,-68.46362642900178
CONDITIONAL,>=5%,>=10,BETWEEN_PREV_HIGH_LOW,NIGHT_RETURN,-0.5~0%,710,79,6.145212342170727,6.464861370246591,5.201594514192996,-4.003397575016273,-5.943963419317648,-48.4729734666307,1.095267502645657,0.03602130563120214,-96.71118648693661
CONDITIONAL,>=5%,>=10,BETWEEN_PREV_HIGH_LOW,RETURN_5M,>=0.5%,710,274,6.145212342170727,6.139331363056339,-0.09570017742154584,-4.003397575016273,-1.0900488993529687,72.77190489009732,1.095267502645657,3.7442260620344596,241.8549398197381
CONDITIONAL,>=5%,>=10,BETWEEN_PREV_HIGH_LOW,RANGE_10M,1~2%,710,287,6.145212342170727,5.960266694891211,-3.009589205084916,-4.003397575016273,-1.3005100197714237,67.51484219585318,1.095267502645657,3.43212545947855,213.3595629549978
CONDITIONAL,>=5%,>=10,BETWEEN_PREV_HIGH_LOW,NIGHT_RETURN,>=2%,710,324,6.145212342170727,5.75154781552885,-6.406036190814839,-4.003397575016273,-1.5109328809954878,62.258735169730286,1.095267502645657,3.20981246157089,193.06196466319648
CONDITIONAL,UNKNOWN,<1,ABOVE_PREV_HIGH,DIRECTION,FLAT_MIXED,1560,88,1.717168477261346,1.5724563374035698,-8.427369927531672,-1.7010336309808798,-1.8579573973516188,-9.225200696370177,-0.2689223922219371,-0.5713644211094544,-112.46442752075365
CONDITIONAL,UNKNOWN,<1,ABOVE_PREV_HIGH,PERSISTENCE,MIXED,1560,880,1.717168477261346,1.6708457189514132,-2.697624544320277,-1.7010336309808798,-1.6374467653111504,3.738131011146605,-0.2689223922219371,-0.23697401619548558,11.880147191344728
CONDITIONAL,UNKNOWN,<1,ABOVE_PREV_HIGH,RETURN_5M,-0.05~0.05%,1560,323,1.717168477261346,2.1202564158229964,23.47398894746319,-1.7010336309808798,-1.5674759113078625,7.85156255823131,-0.2689223922219371,-0.0038416430001097937,98.57146778727918
CONDITIONAL,UNKNOWN,<1,ABOVE_PREV_HIGH,RETURN_10M,-0.2~0%,1560,391,1.717168477261346,1.8054510370048902,5.141170532337224,-1.7010336309808798,-1.830196337662679,-7.593189477818804,-0.2689223922219371,-0.3730630062598473,-38.725155305016294
CONDITIONAL,UNKNOWN,<1,ABOVE_PREV_HIGH,RANGE_10M,0.2~0.5%,1560,1212,1.717168477261346,1.6972057814914268,-1.162535652981302,-1.7010336309808798,-1.6352079322702862,3.86974704742528,-0.2689223922219371,-0.22981117635701948,14.5436813728177
CONDITIONAL,UNKNOWN,<1,ABOVE_PREV_HIGH,NIGHT_RETURN,1~2%,1560,173,1.717168477261346,1.3952202186333924,-18.74878690653686,-1.7010336309808798,-1.2474305115704982,26.66632282565848,-0.2689223922219371,-0.2201769005101946,18.126230139851526
CONDITIONAL,UNKNOWN,<1,ABOVE_PREV_HIGH,DIRECTION,DOWN,1560,328,1.717168477261346,1.9102360401656426,11.243367523972578,-1.7010336309808798,-1.8564804303669642,-9.138373078282289,-0.2689223922219371,-0.27430047667137025,-1.999864869934193
CONDITIONAL,UNKNOWN,<1,ABOVE_PREV_HIGH,PERSISTENCE,DOWN_PERSISTENT,1560,328,1.717168477261346,1.9102360401656426,11.243367523972578,-1.7010336309808798,-1.8564804303669642,-9.138373078282289,-0.2689223922219371,-0.27430047667137025,-1.999864869934193
CONDITIONAL,UNKNOWN,<1,ABOVE_PREV_HIGH,RETURN_5M,-0.5~-0.2%,1560,153,1.717168477261346,1.8573463794613234,8.16331676572251,-1.7010336309808798,-2.327945282780777,-36.85474763002755,-0.2689223922219371,-0.4040552237344427,-50.24975064217887
CONDITIONAL,UNKNOWN,<1,ABOVE_PREV_HIGH,NIGHT_RETURN,0.5~1%,1560,251,1.717168477261346,1.4836865619282558,-13.59691366484101,-1.7010336309808798,-2.0966703538596376,-23.25860674786417,-0.2689223922219371,-0.7903459031343285,-193.89367564530272
CONDITIONAL,UNKNOWN,<1,ABOVE_PREV_HIGH,DIRECTION,UP_MIXED,1560,394,1.717168477261346,1.8049340793693212,5.111065295581801,-1.7010336309808798,-1.8043068556362125,-6.071204165186406,-0.2689223922219371,-0.3292613860368436,-22.437325994448887
CONDITIONAL,UNKNOWN,<1,ABOVE_PREV_HIGH,RETURN_5M,0.05~0.2%,1560,420,1.717168477261346,1.5816455476139484,-7.892232558539544,-1.7010336309808798,-1.6957877761245768,0.308392189358306,-0.2689223922219371,-0.38991250811414224,-44.99071828587412
CONDITIONAL,UNKNOWN,<1,ABOVE_PREV_HIGH,RETURN_10M,0~0.2%,1560,385,1.717168477261346,1.544601458888236,-10.049510031090914,-1.7010336309808798,-1.7148932391341263,-0.8147756693825345,-0.2689223922219371,-0.3014953369973632,-12.112395887265574
CONDITIONAL,UNKNOWN,<1,ABOVE_PREV_HIGH,NIGHT_RETURN,-1~-0.5%,1560,166,1.717168477261346,1.579950580296465,-7.990939665030722,-1.7010336309808798,-1.7367831241332952,-2.1016335304200235,-0.2689223922219371,-0.17851186055785903,33.61956247565423
CONDITIONAL,UNKNOWN,<1,ABOVE_PREV_HIGH,RETURN_5M,-0.2~-0.05%,1560,463,1.717168477261346,1.512576306739348,-11.914507704467944,-1.7010336309808798,-1.519272985244862,10.68530582968002,-0.2689223922219371,-0.24486015271336636,8.947651889364634
CONDITIONAL,UNKNOWN,<1,ABOVE_PREV_HIGH,NIGHT_RETURN,0~0.5%,1560,470,1.717168477261346,1.9897012766585769,15.871057674660102,-1.7010336309808798,-1.721846338763433,-1.2235329980249654,-0.2689223922219371,-0.12246661614910737,54.46023845867111
CONDITIONAL,UNKNOWN,<1,ABOVE_PREV_HIGH,RANGE_10M,0.5~1%,1560,314,1.717168477261346,1.8016987827907707,4.922656492287767,-1.7010336309808798,-1.9742831428060372,-16.06373365279036,-0.2689223922219371,-0.38033093984164085,-41.42776906720366
CONDITIONAL,UNKNOWN,<1,ABOVE_PREV_HIGH,DIRECTION,DOWN_MIXED,1560,409,1.717168477261346,1.6006341170809462,-6.78642554435058,-1.7010336309808798,-1.4198285753969033,16.53142245176088,-0.2689223922219371,-0.05353555908619204,80.09256178190991
CONDITIONAL,UNKNOWN,<1,ABOVE_PREV_HIGH,NIGHT_RETURN,-2~-1%,1560,121,1.717168477261346,1.9219881599607407,11.927756968032318,-1.7010336309808798,-1.757500050952098,-3.319535777705788,-0.2689223922219371,-0.3374668890090424,-25.488579147599104
CONDITIONAL,UNKNOWN,<1,ABOVE_PREV_HIGH,RETURN_10M,-0.5~-0.2%,1560,353,1.717168477261346,1.8028832976489455,4.991637193591111,-1.7010336309808798,-1.702948442959502,-0.11256755561723716,-0.2689223922219371,-0.27473916552989086,-2.1629932933042206
CONDITIONAL,UNKNOWN,<1,ABOVE_PREV_HIGH,RETURN_10M,0.2~0.5%,1560,350,1.717168477261346,1.726778662733908,0.55965303345708,-1.7010336309808798,-1.6470536543282028,3.1733632815684,-0.2689223922219371,-0.16718150204000337,37.83280720557055
CONDITIONAL,UNKNOWN,<1,ABOVE_PREV_HIGH,DIRECTION,UP,1560,341,1.717168477261346,1.6071726231795822,-6.405653000175759,-1.7010336309808798,-1.728973148811927,-1.6425023775065717,-0.2689223922219371,-0.37432045951792287,-39.192744949629386
CONDITIONAL,UNKNOWN,<1,ABOVE_PREV_HIGH,PERSISTENCE,UP_PERSISTENT,1560,341,1.717168477261346,1.6071726231795822,-6.405653000175759,-1.7010336309808798,-1.728973148811927,-1.6425023775065717,-0.2689223922219371,-0.37432045951792287,-39.192744949629386
CONDITIONAL,UNKNOWN,<1,ABOVE_PREV_HIGH,NIGHT_RETURN,-0.5~0%,1560,351,1.717168477261346,1.709663758850881,-0.43704030849868,-1.7010336309808798,-1.5253121290052614,10.330277942493755,-0.2689223922219371,-0.06555382187478932,75.62351675769385
CONDITIONAL,UNKNOWN,<1,ABOVE_PREV_HIGH,RETURN_5M,0.2~0.5%,1560,191,1.717168477261346,1.7621703470925905,2.620702070132128,-1.7010336309808798,-1.8433853068459245,-8.36853976737423,-0.2689223922219371,-0.34907785747175923,-29.806169946484484
CONDITIONAL,UNKNOWN,<1,ABOVE_PREV_HIGH,RETURN_10M,0.5~1%,1560,49,1.717168477261346,2.022079124659056,17.75659473344175,-1.7010336309808798,-1.195022522441902,29.74727244206176,-0.2689223922219371,0.1618735895948574,160.19342169962025
CONDITIONAL,-3~-1%,3~5,BELOW_PREV_LOW,DIRECTION,DOWN,829,117,1.7888595037786221,1.8036732343450272,0.8281103426576517,-1.1625029609399895,-1.3586145627868647,-16.869772244562807,0.26644919722343746,0.05916005347523493,-77.7968730655905
CONDITIONAL,-3~-1%,3~5,BELOW_PREV_LOW,PERSISTENCE,DOWN_PERSISTENT,829,117,1.7888595037786221,1.8036732343450272,0.8281103426576517,-1.1625029609399895,-1.3586145627868647,-16.869772244562807,0.26644919722343746,0.05916005347523493,-77.7968730655905
CONDITIONAL,-3~-1%,3~5,BELOW_PREV_LOW,RETURN_5M,-0.5~-0.2%,829,62,1.7888595037786221,2.1659818474249652,21.08171954531614,-1.1625029609399895,-1.0550734558942543,9.241224208054376,0.26644919722343746,0.556886505689392,109.00288366130873
CONDITIONAL,-3~-1%,3~5,BELOW_PREV_LOW,RETURN_10M,-0.5~-0.2%,829,189,1.7888595037786221,1.6009665322920483,-10.503506345226441,-1.1625029609399895,-1.1509485001469446,0.993929579646151,0.26644919722343746,0.005495028830574366,-97.93768234701552
CONDITIONAL,-3~-1%,3~5,BELOW_PREV_LOW,RANGE_10M,0.2~0.5%,829,582,1.7888595037786221,1.7453062987829129,-2.434691204295892,-1.1625029609399895,-0.9779507535109522,15.875418268165964,0.26644919722343746,0.3710061233980288,39.240848636114514
CONDITIONAL,-3~-1%,3~5,BELOW_PREV_LOW,NIGHT_RETURN,-2~-1%,829,187,1.7888595037786221,1.6684854613634819,-6.729094272684535,-1.1625029609399895,-1.1998237476733227,-3.210382079642697,0.26644919722343746,0.28675284193934,7.620081023879534
CONDITIONAL,-3~-1%,3~5,BELOW_PREV_LOW,DIRECTION,DOWN_MIXED,829,269,1.7888595037786221,1.7615013622060292,-1.5293622285486455,-1.1625029609399895,-1.1868452835103132,-2.0939578984504834,0.26644919722343746,0.27847839953949877,4.5146325984138445
CONDITIONAL,-3~-1%,3~5,BELOW_PREV_LOW,PERSISTENCE,MIXED,829,489,1.7888595037786221,1.6645930284137054,-6.946687266519684,-1.1625029609399895,-1.1698103758749872,-0.6285932320627327,0.26644919722343746,0.26074688210797814,-2.1401134531013457
CONDITIONAL,-3~-1%,3~5,BELOW_PREV_LOW,RETURN_5M,-0.2~-0.05%,829,167,1.7888595037786221,1.6752558459520155,-6.350619351974861,-1.1625029609399895,-1.0504518274758294,9.638782629298124,0.26644919722343746,0.490405258490934,84.05206831217913
CONDITIONAL,-3~-1%,3~5,BELOW_PREV_LOW,RETURN_10M,0~0.2%,829,176,1.7888595037786221,1.7439458571513986,-2.510741985737397,-1.1625029609399895,-0.7607818509544907,34.55656660527305,0.26644919722343746,0.579464459580649,117.4765267146686
CONDITIONAL,-3~-1%,3~5,BELOW_PREV_LOW,NIGHT_RETURN,0.5~1%,829,68,1.7888595037786221,1.7410154775841107,-2.6745547145234227,-1.1625029609399895,-0.7135597829229073,38.61866963797414,0.26644919722343746,0.7370382893774983,176.61494088099536
CONDITIONAL,-3~-1%,3~5,BELOW_PREV_LOW,DIRECTION,UP_MIXED,829,186,1.7888595037786221,1.5375644693085269,-14.047779266023003,-1.1625029609399895,-1.3052105971541277,-12.27589442858245,0.26644919722343746,0.07495686376133026,-71.86823434169578
CONDITIONAL,-3~-1%,3~5,BELOW_PREV_LOW,RETURN_5M,0.05~0.2%,829,161,1.7888595037786221,1.8354753719612031,2.6058987910517253,-1.1625029609399895,-0.8030984565074406,30.916437764763856,0.26644919722343746,0.4973809897319672,86.67010256175637
CONDITIONAL,-3~-1%,3~5,BELOW_PREV_LOW,NIGHT_RETURN,-1~-0.5%,829,82,1.7888595037786221,1.6526927709713013,-7.611929976596528,-1.1625029609399895,-0.6750745131450729,41.929222046951715,0.26644919722343746,0.5940576726655922,122.95344810794482
CONDITIONAL,-3~-1%,3~5,BELOW_PREV_LOW,RETURN_5M,-0.05~0.05%,829,273,1.7888595037786221,1.6572111087953107,-7.35934793678483,-1.1625029609399895,-1.381266009933501,-18.81827886413482,0.26644919722343746,-0.008677083561699293,-103.25656209593414
CONDITIONAL,-3~-1%,3~5,BELOW_PREV_LOW,RETURN_10M,-0.2~0%,829,194,1.7888595037786221,1.719931970390893,-3.85315522220347,-1.1625029609399895,-1.2209928707570608,-5.031377276645974,0.26644919722343746,0.2980323492011853,11.853348520792515
CONDITIONAL,-3~-1%,3~5,BELOW_PREV_LOW,NIGHT_RETURN,0~0.5%,829,215,1.7888595037786221,1.8104038085627732,1.2043598023569113,-1.1625029609399895,-0.9636889141259639,17.10224003672785,0.26644919722343746,0.3587034651309247,34.62358636048927
CONDITIONAL,-3~-1%,3~5,BELOW_PREV_LOW,RANGE_10M,0.5~1%,829,169,1.7888595037786221,1.7089281572933388,-4.468285313432593,-1.1625029609399895,-1.4798295261014274,-27.296839304809208,0.26644919722343746,0.06243888013709496,-76.56630953001697
CONDITIONAL,-3~-1%,3~5,BELOW_PREV_LOW,DIRECTION,FLAT_MIXED,829,35,1.7888595037786221,1.6033119280919987,-10.372395109548279,-1.1625029609399895,-0.2859063276550712,75.40596994059354,0.26644919722343746,1.137972280094396,327.0878996644609
CONDITIONAL,-3~-1%,3~5,BELOW_PREV_LOW,RETURN_10M,0.2~0.5%,829,151,1.7888595037786221,2.0184780909186193,12.836032491929746,-1.1625029609399895,-0.8336538555817825,28.288023033705013,0.26644919722343746,0.649365264980717,143.71072299991806
CONDITIONAL,-3~-1%,3~5,BELOW_PREV_LOW,DIRECTION,UP,829,222,1.7888595037786221,2.0539999324598304,14.821758115779915,-1.1625029609399895,-1.0482872836500836,9.824979473390082,0.26644919722343746,0.38415748784950793,44.176635490991295
CONDITIONAL,-3~-1%,3~5,BELOW_PREV_LOW,PERSISTENCE,UP_PERSISTENT,829,222,1.7888595037786221,2.0539999324598304,14.821758115779915,-1.1625029609399895,-1.0482872836500836,9.824979473390082,0.26644919722343746,0.38415748784950793,44.176635490991295
CONDITIONAL,-3~-1%,3~5,BELOW_PREV_LOW,RETURN_5M,0.2~0.5%,829,160,1.7888595037786221,1.9468132601161963,8.829858130497513,-1.1625029609399895,-1.286900514396016,-10.700837557905201,0.26644919722343746,0.1684467686461395,-36.780905928238035
CONDITIONAL,-3~-1%,3~5,BELOW_PREV_LOW,NIGHT_RETURN,-0.5~0%,829,148,1.7888595037786221,1.7208255764077633,-3.8032012702590774,-1.1625029609399895,-0.9835059165834776,15.397555995193033,0.26644919722343746,0.24209282990078412,-9.14109240202691
CONDITIONAL,-3~-1%,3~5,BELOW_PREV_LOW,RETURN_10M,0.5~1%,829,49,1.7888595037786221,1.4071024338486013,-21.340807879189637,-1.1625029609399895,-2.739693338692151,-135.6719449967559,0.26644919722343746,-1.1073390793489448,-515.5910736035578
CONDITIONAL,-3~-1%,3~5,BELOW_PREV_LOW,RETURN_10M,>=1%,829,54,1.7888595037786221,1.849042506220326,3.3643224811439243,-1.1625029609399895,-1.9057007663909695,-63.93083118257496,0.26644919722343746,-0.5339508242382138,-300.3949832847334
CONDITIONAL,-3~-1%,3~5,BELOW_PREV_LOW,RANGE_10M,1~2%,829,70,1.7888595037786221,2.418963717686656,35.22379552877461,-1.1625029609399895,-1.6717946951744367,-43.8099300687061,0.26644919722343746,0.21889547126926964,-17.847201811717408
CONDITIONAL,-3~-1%,3~5,BELOW_PREV_LOW,NIGHT_RETURN,<-2%,829,103,1.7888595037786221,2.0033084262743106,11.988024886398643,-1.1625029609399895,-2.5509195285142354,-119.43337902998412,0.26644919722343746,-0.7234323949076058,-371.5085661530269
CONDITIONAL,1~3%,2~3,ABOVE_PREV_HIGH,DIRECTION,UP,511,116,1.1803907566319514,0.8812433088653971,-25.343086269170872,-1.5985824216497522,-1.4912970596396153,6.71128122999234,-0.4605578063499823,-0.5307715752531583,-15.245375919178302
CONDITIONAL,1~3%,2~3,ABOVE_PREV_HIGH,PERSISTENCE,UP_PERSISTENT,511,116,1.1803907566319514,0.8812433088653971,-25.343086269170872,-1.5985824216497522,-1.4912970596396153,6.71128122999234,-0.4605578063499823,-0.5307715752531583,-15.245375919178302
CONDITIONAL,1~3%,2~3,ABOVE_PREV_HIGH,RETURN_5M,0.05~0.2%,511,119,1.1803907566319514,0.9980336151079614,-15.448879152893042,-1.5985824216497522,-1.5713451819284552,1.7038370591606968,-0.4605578063499823,-0.46265686365767905,-0.45576413617483635
CONDITIONAL,1~3%,2~3,ABOVE_PREV_HIGH,RETURN_10M,0.2~0.5%,511,88,1.1803907566319514,1.6282811231654442,37.94424549811568,-1.5985824216497522,-1.3234889394524503,17.20858921452438,-0.4605578063499823,-0.028512926919732885,93.80904491757423
CONDITIONAL,1~3%,2~3,ABOVE_PREV_HIGH,RANGE_10M,0.2~0.5%,511,395,1.1803907566319514,1.2102224685418794,2.5272742727203226,-1.5985824216497522,-1.5649220898205005,2.105636304602541,-0.4605578063499823,-0.34303442478264506,25.51761797259171
CONDITIONAL,1~3%,2~3,ABOVE_PREV_HIGH,NIGHT_RETURN,0~0.5%,511,155,1.1803907566319514,1.4128148633272701,19.690437712211697,-1.5985824216497522,-1.602141912175502,-0.22266543642313158,-0.4605578063499823,-0.25735388250052976,44.12126361723981
CONDITIONAL,1~3%,2~3,ABOVE_PREV_HIGH,DIRECTION,DOWN_MIXED,511,139,1.1803907566319514,1.149082059226454,-2.652401099347103,-1.5985824216497522,-1.6580686455766234,-3.7211859157991274,-0.4605578063499823,-0.4797261486895427,-4.161984027905985
CONDITIONAL,1~3%,2~3,ABOVE_PREV_HIGH,PERSISTENCE,MIXED,511,287,1.1803907566319514,1.266036186498023,7.255684559107069,-1.5985824216497522,-1.6253372376585837,-1.6736588396374545,-0.4605578063499823,-0.4730267248542946,-2.7073514621608776
CONDITIONAL,1~3%,2~3,ABOVE_PREV_HIGH,RETURN_10M,-0.5~-0.2%,511,131,1.1803907566319514,0.9831000438126201,-16.714017092294718,-1.5985824216497522,-1.6592420987595229,-3.7945917763295154,-0.4605578063499823,-0.7151962305629002,-55.28913432843123
CONDITIONAL,1~3%,2~3,ABOVE_PREV_HIGH,RANGE_10M,0.5~1%,511,111,1.1803907566319514,0.9569137564901519,-18.93245934756842,-1.5985824216497522,-1.6679387660244942,-4.338615478028691,-0.4605578063499823,-0.8209473505077619,-78.25066456129422
CONDITIONAL,1~3%,2~3,ABOVE_PREV_HIGH,NIGHT_RETURN,-2~-1%,511,31,1.1803907566319514,0.8453388308601768,-28.384831369553375,-1.5985824216497522,-1.829463051638601,-14.442835531156275,-0.4605578063499823,-0.7016977335864082,-52.35823254142855
CONDITIONAL,1~3%,2~3,ABOVE_PREV_HIGH,DIRECTION,DOWN,511,105,1.1803907566319514,1.2860913783060566,8.95471445199252,-1.5985824216497522,-1.6373956915685492,-2.42798052781923,-0.4605578063499823,-0.3572959178069778,22.42104837205491
CONDITIONAL,1~3%,2~3,ABOVE_PREV_HIGH,PERSISTENCE,DOWN_PERSISTENT,511,105,1.1803907566319514,1.2860913783060566,8.95471445199252,-1.5985824216497522,-1.6373956915685492,-2.42798052781923,-0.4605578063499823,-0.3572959178069778,22.42104837205491
CONDITIONAL,1~3%,2~3,ABOVE_PREV_HIGH,RETURN_5M,-0.2~-0.05%,511,140,1.1803907566319514,1.0229178704479256,-13.340742063530595,-1.5985824216497522,-1.718197005066691,-7.482540893543386,-0.4605578063499823,-0.6586939021501548,-43.020896197687506
CONDITIONAL,1~3%,2~3,ABOVE_PREV_HIGH,RETURN_10M,-0.2~0%,511,107,1.1803907566319514,1.6004778505859332,35.58881595723694,-1.5985824216497522,-1.5079019416172588,5.67255580972236,-0.4605578063499823,-0.034940774280829,92.41337921123474
CONDITIONAL,1~3%,2~3,ABOVE_PREV_HIGH,NIGHT_RETURN,0.5~1%,511,104,1.1803907566319514,0.9911669833254313,-16.03060446241028,-1.5985824216497522,-1.6200837978914167,-1.3450276914389474,-0.4605578063499823,-0.6411361796109276,-39.20862284195485
CONDITIONAL,1~3%,2~3,ABOVE_PREV_HIGH,DIRECTION,UP_MIXED,511,130,1.1803907566319514,1.366700625041599,15.78374511685027,-1.5985824216497522,-1.6218312990426855,-1.454343365601399,-0.4605578063499823,-0.5050015330689464,-9.649977941138372
CONDITIONAL,1~3%,2~3,ABOVE_PREV_HIGH,RETURN_5M,-0.05~0.05%,511,131,1.1803907566319514,1.5120054502935563,28.09363694170329,-1.5985824216497522,-1.6072502766400703,-0.5422213376632011,-0.4605578063499823,-0.29292212028286935,36.398402927020406
CONDITIONAL,1~3%,2~3,ABOVE_PREV_HIGH,NIGHT_RETURN,-1~-0.5%,511,42,1.1803907566319514,1.4414078937296309,22.11277372608783,-1.5985824216497522,-1.4483450096456552,9.398164897187508,-0.4605578063499823,-0.24217495985977042,47.41703288474078
CONDITIONAL,1~3%,2~3,ABOVE_PREV_HIGH,RETURN_10M,0~0.2%,511,161,1.1803907566319514,0.774362882193076,-34.39775109705267,-1.5985824216497522,-1.7384995345504743,-8.75257421862092,-0.4605578063499823,-0.7573416486780211,-64.44008509596513
CONDITIONAL,1~3%,2~3,ABOVE_PREV_HIGH,NIGHT_RETURN,1~2%,511,55,1.1803907566319514,1.0364252331110462,-12.19642925124955,-1.5985824216497522,-1.7222098469836185,-7.733565918126486,-0.4605578063499823,-0.6885909585761761,-49.51238456544786
CONDITIONAL,1~3%,2~3,ABOVE_PREV_HIGH,RETURN_5M,-0.5~-0.2%,511,49,1.1803907566319514,1.419155794285249,20.22762685253263,-1.5985824216497522,-1.3800077451662145,13.673031401031329,-0.4605578063499823,-0.03430169581507684,92.55214104676132
CONDITIONAL,1~3%,2~3,ABOVE_PREV_HIGH,RETURN_5M,0.2~0.5%,511,67,1.1803907566319514,1.0717297472888416,-9.20551171149085,-1.5985824216497522,-1.5696198381702695,1.8117666682205227,-0.4605578063499823,-0.6699531823055738,-45.46560129228815
CONDITIONAL,1~3%,2~3,ABOVE_PREV_HIGH,NIGHT_RETURN,-0.5~0%,511,115,1.1803907566319514,1.1597613358075158,-1.7476772592915035,-1.5985824216497522,-1.5420337632772672,3.5374252591947224,-0.4605578063499823,-0.4791946740434456,-4.0465859956135475
CONDITIONAL,3~5%,5~10,BETWEEN_PREV_HIGH_LOW,PERSISTENCE,MIXED,115,50,6.8528376190305496,5.4698920759678495,-20.180626186475163,-3.3285278290682228,-4.09798517641569,-23.117047141013877,1.0055588441738417,-0.5142592717327072,-151.14163877253927
CONDITIONAL,3~5%,5~10,BETWEEN_PREV_HIGH_LOW,RANGE_10M,0.2~0.5%,115,64,6.8528376190305496,6.654417015531471,-2.8954517023438346,-3.3285278290682228,-3.940545593935835,-18.387040646703515,1.0055588441738417,0.33549459771130186,-66.6360054754487
CONDITIONAL,3~5%,5~10,BETWEEN_PREV_HIGH_LOW,NIGHT_RETURN,0~0.5%,115,30,6.8528376190305496,7.3929992147981825,7.882305488569974,-3.3285278290682228,-3.612124483784675,-8.520182773891408,1.0055588441738417,0.7901565934954569,-21.421148242732368
CONDITIONAL,3~5%,5~10,BETWEEN_PREV_HIGH_LOW,RETURN_10M,0.2~0.5%,115,41,6.8528376190305496,7.573935818390712,10.522622006359086,-3.3285278290682228,-1.7431377832269392,47.63036775585837,1.0055588441738417,3.1643491620591533,214.6856278370218
CONDITIONAL,3~5%,5~10,BETWEEN_PREV_HIGH_LOW,DIRECTION,UP,115,44,6.8528376190305496,8.626018687346793,25.875136212071663,-3.3285278290682228,-2.1411819665666916,35.67180217429376,1.0055588441738417,3.0204195758197288,200.37223513272156
CONDITIONAL,3~5%,5~10,BETWEEN_PREV_HIGH_LOW,PERSISTENCE,UP_PERSISTENT,115,44,6.8528376190305496,8.626018687346793,25.875136212071663,-3.3285278290682228,-2.1411819665666916,35.67180217429376,1.0055588441738417,3.0204195758197288,200.37223513272156
CONDITIONAL,3~5%,3~5,ABOVE_PREV_HIGH,DIRECTION,UP_MIXED,133,33,3.6246077994458386,3.7906603291088667,4.581255099887379,-2.9115687792587663,-3.4290392955770908,-17.772910604229768,-0.16262058043674307,-0.45179731945942536,-177.82296573167602
CONDITIONAL,3~5%,3~5,ABOVE_PREV_HIGH,PERSISTENCE,MIXED,133,67,3.6246077994458386,5.050746612384102,39.346017330655854,-2.9115687792587663,-3.098420989134295,-6.417578427362371,-0.16262058043674307,0.41474871350887754,355.0407287902951
CONDITIONAL,3~5%,3~5,ABOVE_PREV_HIGH,RETURN_10M,0~0.2%,133,34,3.6246077994458386,3.438291437829981,-5.140317847474231,-2.9115687792587663,-2.5611700936347055,12.034704044094955,-0.16262058043674307,0.5662699261742618,448.2154132358002
CONDITIONAL,3~5%,3~5,ABOVE_PREV_HIGH,RANGE_10M,0.2~0.5%,133,89,3.6246077994458386,4.495623890038737,24.03063003743652,-2.9115687792587663,-3.0016948402965458,-3.0954467460914294,-0.16262058043674307,0.10223977554828016,162.87013321050705
CONDITIONAL,3~5%,3~5,ABOVE_PREV_HIGH,RETURN_5M,-0.05~0.05%,133,41,3.6246077994458386,5.217934451795579,43.958594709014925,-2.9115687792587663,-3.6752729599827836,-26.22998935022386,-0.16262058043674307,0.1002991533564209,161.67678967019538
CONDITIONAL,3~5%,3~5,ABOVE_PREV_HIGH,NIGHT_RETURN,-0.5~0%,133,30,3.6246077994458386,3.746800199791868,3.3711895771098637,-2.9115687792587663,-2.9908407988813352,-2.7226566031096873,-0.16262058043674307,0.2317971925839898,242.53865775258095
CONDITIONAL,3~5%,3~5,ABOVE_PREV_HIGH,RETURN_10M,-0.5~-0.2%,133,40,3.6246077994458386,2.04861089044326,-43.48048109490716,-2.9115687792587663,-3.4249326625886405,-17.631865233167098,-0.16262058043674307,-1.6482496609046973,-913.5553916226743
CONDITIONAL,3~5%,3~5,ABOVE_PREV_HIGH,DIRECTION,DOWN,133,35,3.6246077994458386,1.7979793472376213,-50.39520282684069,-2.9115687792587663,-2.7676397411456257,4.9433500983542755,-0.16262058043674307,-0.9448074368771884,-480.9888479919084
CONDITIONAL,3~5%,3~5,ABOVE_PREV_HIGH,PERSISTENCE,DOWN_PERSISTENT,133,35,3.6246077994458386,1.7979793472376213,-50.39520282684069,-2.9115687792587663,-2.7676397411456257,4.9433500983542755,-0.16262058043674307,-0.9448074368771884,-480.9888479919084
CONDITIONAL,3~5%,3~5,ABOVE_PREV_HIGH,NIGHT_RETURN,0~0.5%,133,31,3.6246077994458386,4.614406007068473,27.307732653832588,-2.9115687792587663,-2.9378026742159156,-0.9010226769854262,-0.16262058043674307,0.30550304697203395,287.8624748181058
CONDITIONAL,3~5%,3~5,ABOVE_PREV_HIGH,RANGE_10M,0.5~1%,133,41,3.6246077994458386,1.5532096780542481,-57.14820019170857,-2.9115687792587663,-2.7196464984593725,6.591713792461186,-0.16262058043674307,-0.97264482798165,-498.10684808125745
CONDITIONAL,3~5%,3~5,ABOVE_PREV_HIGH,DIRECTION,UP,133,30,3.6246077994458386,2.6522355518336544,-26.826964499741152,-2.9115687792587663,-2.56315658293817,11.966476588243124,-0.16262058043674307,-0.42730096492580605,-162.75946364120844
CONDITIONAL,3~5%,3~5,ABOVE_PREV_HIGH,PERSISTENCE,UP_PERSISTENT,133,30,3.6246077994458386,2.6522355518336544,-26.826964499741152,-2.9115687792587663,-2.56315658293817,11.966476588243124,-0.16262058043674307,-0.42730096492580605,-162.75946364120844
CONDITIONAL,-3~-1%,2~3,BETWEEN_PREV_HIGH_LOW,DIRECTION,DOWN_MIXED,578,154,2.5476229431658317,2.4863898311522856,-2.403539039315374,-1.2779705898328328,-1.2361300430088658,3.273983545226977,0.5513326237430539,0.4947368385616662,-10.265270499894072
CONDITIONAL,-3~-1%,2~3,BETWEEN_PREV_HIGH_LOW,PERSISTENCE,MIXED,578,346,2.5476229431658317,2.6547741835278904,4.205930106317305,-1.2779705898328328,-1.2352933428961628,3.339454544274963,0.5513326237430539,0.5506428822208682,-0.12510442743311267
CONDITIONAL,-3~-1%,2~3,BETWEEN_PREV_HIGH_LOW,RETURN_5M,-0.2~-0.05%,578,153,2.5476229431658317,2.4013282006502408,-5.742401673216059,-1.2779705898328328,-1.3678090620517176,-7.029776188404792,0.5513326237430539,0.4868335070850668,-11.69876656674078
CONDITIONAL,-3~-1%,2~3,BETWEEN_PREV_HIGH_LOW,RETURN_10M,-0.5~-0.2%,578,124,2.5476229431658317,2.466158227048122,-3.197675556198145,-1.2779705898328328,-1.3217870592476777,-3.428597634674546,0.5513326237430539,0.6194106112177936,12.347897538250365
CONDITIONAL,-3~-1%,2~3,BETWEEN_PREV_HIGH_LOW,RANGE_10M,0.2~0.5%,578,453,2.5476229431658317,2.483111653296477,-2.532214982692418,-1.2779705898328328,-1.196496633009919,6.375260704048852,0.5513326237430539,0.583761834656247,5.881968437316082
CONDITIONAL,-3~-1%,2~3,BETWEEN_PREV_HIGH_LOW,NIGHT_RETURN,0~0.5%,578,152,2.5476229431658317,2.839338515466745,11.450500282369482,-1.2779705898328328,-1.195954296336297,6.417698040082762,0.5513326237430539,0.6657021664086148,20.74420009632194
CONDITIONAL,-3~-1%,2~3,BETWEEN_PREV_HIGH_LOW,DIRECTION,UP_MIXED,578,159,2.5476229431658317,2.488031544831294,-2.339098040170953,-1.2779705898328328,-1.3221238049952193,-3.4549476735737708,0.5513326237430539,0.3219104506142382,-41.612297776112904
CONDITIONAL,-3~-1%,2~3,BETWEEN_PREV_HIGH_LOW,RETURN_5M,-0.05~0.05%,578,146,2.5476229431658317,2.517081771681791,-1.1988105055329872,-1.2779705898328328,-1.433901802078494,-12.201471104750379,0.5513326237430539,0.1679186564904217,-69.54313072380796
CONDITIONAL,-3~-1%,2~3,BETWEEN_PREV_HIGH_LOW,RETURN_10M,-0.2~0%,578,160,2.5476229431658317,2.439642811157959,-4.238465990327827,-1.2779705898328328,-1.1389005896790627,10.882097073295045,0.5513326237430539,0.6994170212251669,26.859356966172758
CONDITIONAL,-3~-1%,2~3,BETWEEN_PREV_HIGH_LOW,NIGHT_RETURN,-1~-0.5%,578,95,2.5476229431658317,2.258063515877133,-11.365866682330727,-1.2779705898328328,-1.288735047919104,-0.8423087488796747,0.5513326237430539,0.2724725772552134,-50.57927546435235
CONDITIONAL,-3~-1%,2~3,BETWEEN_PREV_HIGH_LOW,RETURN_5M,0.05~0.2%,578,160,2.5476229431658317,2.58027415414925,1.2816343592370028,-1.2779705898328328,-0.9776746734949103,23.497873795139782,0.5513326237430539,0.9269845052355944,68.1352536227951
CONDITIONAL,-3~-1%,2~3,BETWEEN_PREV_HIGH_LOW,RETURN_10M,0~0.2%,578,147,2.5476229431658317,2.6265287519503695,3.097232618202308,-1.2779705898328328,-1.0830720885227432,15.250624925224901,0.5513326237430539,0.6072017306704749,10.133466535703956
CONDITIONAL,-3~-1%,2~3,BETWEEN_PREV_HIGH_LOW,RANGE_10M,0.5~1%,578,99,2.5476229431658317,2.640292582378906,3.63749429489426,-1.2779705898328328,-1.5694257605340942,-22.806093741123235,0.5513326237430539,0.3612502149593153,-34.47690207288108
CONDITIONAL,-3~-1%,2~3,BETWEEN_PREV_HIGH_LOW,NIGHT_RETURN,-2~-1%,578,91,2.5476229431658317,1.8086157341298748,-29.007715251520754,-1.2779705898328328,-1.440294280016662,-12.701676507677867,0.5513326237430539,0.23700744303670576,-57.01189575402997
CONDITIONAL,-3~-1%,2~3,BETWEEN_PREV_HIGH_LOW,DIRECTION,FLAT_MIXED,578,33,2.5476229431658317,4.243964178030993,66.58525506750162,-1.2779705898328328,-0.8130237886202171,36.38165110461845,0.5513326237430539,1.913612195826058,247.0885112573872
CONDITIONAL,-3~-1%,2~3,BETWEEN_PREV_HIGH_LOW,NIGHT_RETURN,1~2%,578,43,2.5476229431658317,2.596027047598734,1.8999712874603236,-1.2779705898328328,-0.9287156516684362,27.328871332640105,0.5513326237430539,0.7604659234127332,37.93232808351732
CONDITIONAL,-3~-1%,2~3,BETWEEN_PREV_HIGH_LOW,DIRECTION,DOWN,578,115,2.5476229431658317,2.3230382733459876,-8.81545954130722,-1.2779705898328328,-1.3975899428372685,-9.360102177318698,0.5513326237430539,0.561837015422086,1.9052730106404112
CONDITIONAL,-3~-1%,2~3,BETWEEN_PREV_HIGH_LOW,PERSISTENCE,DOWN_PERSISTENT,578,115,2.5476229431658317,2.3230382733459876,-8.81545954130722,-1.2779705898328328,-1.3975899428372685,-9.360102177318698,0.5513326237430539,0.561837015422086,1.9052730106404112
CONDITIONAL,-3~-1%,2~3,BETWEEN_PREV_HIGH_LOW,RETURN_5M,-0.5~-0.2%,578,59,2.5476229431658317,3.1186620148927,22.414583494732558,-1.2779705898328328,-0.8948222992043502,29.980994373164805,0.5513326237430539,1.285861483490139,133.22789693820278
CONDITIONAL,-3~-1%,2~3,BETWEEN_PREV_HIGH_LOW,RETURN_10M,0.2~0.5%,578,118,2.5476229431658317,2.5325001677455776,-0.5936033611575818,-1.2779705898328328,-1.3359590065984661,-4.537539222496391,0.5513326237430539,0.43771300409450553,-20.60818002699951
CONDITIONAL,-3~-1%,2~3,BETWEEN_PREV_HIGH_LOW,NIGHT_RETURN,0.5~1%,578,75,2.5476229431658317,2.7784401017582057,9.060098913442289,-1.2779705898328328,-1.111053918081446,13.061073007417223,0.5513326237430539,0.8530431955871851,54.72387427317235
CONDITIONAL,-3~-1%,2~3,BETWEEN_PREV_HIGH_LOW,DIRECTION,UP,578,117,2.5476229431658317,2.4514939505505278,-3.7732817909014504,-1.2779705898328328,-1.2866039389317896,-0.6755514694658228,0.5513326237430539,0.5430475427480774,-1.50273730198083
CONDITIONAL,-3~-1%,2~3,BETWEEN_PREV_HIGH_LOW,PERSISTENCE,UP_PERSISTENT,578,117,2.5476229431658317,2.4514939505505278,-3.7732817909014504,-1.2779705898328328,-1.2866039389317896,-0.6755514694658228,0.5513326237430539,0.5430475427480774,-1.50273730198083
CONDITIONAL,-3~-1%,2~3,BETWEEN_PREV_HIGH_LOW,NIGHT_RETURN,-0.5~0%,578,105,2.5476229431658317,2.679670274893475,5.183158366581245,-1.2779705898328328,-1.0902783583056521,14.68674107373098,0.5513326237430539,0.9440095737458543,71.22323858451838
CONDITIONAL,-3~-1%,2~3,BETWEEN_PREV_HIGH_LOW,RETURN_5M,0.2~0.5%,578,57,2.5476229431658317,2.4035610527640117,-5.654757144823007,-1.2779705898328328,-1.7454293323646313,-36.578208156804706,0.5513326237430539,0.05324332390366316,-90.3427946015259
CONDITIONAL,UNKNOWN,1~2,ABOVE_PREV_HIGH,DIRECTION,DOWN,195,39,0.8155683452075972,1.5351604096005445,88.23197572850624,-0.8500001072091518,-0.723359314342218,14.898914928698051,-0.15958820299930868,0.20373921826856645,227.66558833264702
CONDITIONAL,UNKNOWN,1~2,ABOVE_PREV_HIGH,PERSISTENCE,DOWN_PERSISTENT,195,39,0.8155683452075972,1.5351604096005445,88.23197572850624,-0.8500001072091518,-0.723359314342218,14.898914928698051,-0.15958820299930868,0.20373921826856645,227.66558833264702
CONDITIONAL,UNKNOWN,1~2,ABOVE_PREV_HIGH,RETURN_5M,-0.2~-0.05%,195,53,0.8155683452075972,0.9129892785455462,11.945158724024676,-0.8500001072091518,-1.0329725732220119,-21.52616975703954,-0.15958820299930868,-0.3681747064849376,-130.70295896904892
CONDITIONAL,UNKNOWN,1~2,ABOVE_PREV_HIGH,RETURN_10M,-0.2~0%,195,43,0.8155683452075972,1.1677556808163405,43.183056046528684,-0.8500001072091518,-0.7038670945046337,17.192116973293565,-0.15958820299930868,0.2469545000739042,254.74483416231837
CONDITIONAL,UNKNOWN,1~2,ABOVE_PREV_HIGH,RANGE_10M,0.2~0.5%,195,147,0.8155683452075972,0.8328705536014801,2.1214909204793497,-0.8500001072091518,-0.8592201225302629,-1.084707548024165,-0.15958820299930868,-0.13888696035508422,12.971662225129595
CONDITIONAL,UNKNOWN,1~2,ABOVE_PREV_HIGH,NIGHT_RETURN,0.5~1%,195,33,0.8155683452075972,0.7004219751984013,-14.11854330612675,-0.8500001072091518,-0.8944241407418252,-5.226356227004854,-0.15958820299930868,-0.41024617375684785,-157.06547604814185
CONDITIONAL,UNKNOWN,1~2,ABOVE_PREV_HIGH,DIRECTION,UP_MIXED,195,46,0.8155683452075972,0.7690441212738209,-5.704515655513076,-0.8500001072091518,-0.958951897916654,-12.817856113598525,-0.15958820299930868,-0.3168207781528511,-98.52393359816422
CONDITIONAL,UNKNOWN,1~2,ABOVE_PREV_HIGH,PERSISTENCE,MIXED,195,102,0.8155683452075972,0.7041910715264789,-13.65639977760148,-0.8500001072091518,-0.9506550241232159,-11.841753437484792,-0.15958820299930868,-0.2372540320345937,-48.6663973750124
CONDITIONAL,UNKNOWN,1~2,ABOVE_PREV_HIGH,RETURN_5M,-0.05~0.05%,195,47,0.8155683452075972,1.0696880436301976,31.158602453840455,-0.8500001072091518,-0.7867562768224758,7.44044969527446,-0.15958820299930868,0.2482326191479509,255.5457198481182
CONDITIONAL,UNKNOWN,1~2,ABOVE_PREV_HIGH,RETURN_5M,0.05~0.2%,195,43,0.8155683452075972,0.6398443358485265,-21.546202766653654,-0.8500001072091518,-0.6855553889468794,19.34643500248512,-0.15958820299930868,-0.11360953022004205,28.810821799569858
CONDITIONAL,UNKNOWN,1~2,ABOVE_PREV_HIGH,RETURN_10M,0~0.2%,195,58,0.8155683452075972,0.8103952315541034,-0.634295541739919,-0.8500001072091518,-0.9667277591812724,-13.73266320581752,-0.15958820299930868,-0.3863360281178957,-142.08307434827702
CONDITIONAL,UNKNOWN,1~2,ABOVE_PREV_HIGH,NIGHT_RETURN,0~0.5%,195,68,0.8155683452075972,0.8815751777084321,8.093353903287316,-0.8500001072091518,-0.8699942900280616,-2.352256505538307,-0.15958820299930868,-0.036152939967572455,77.34610748907983
CONDITIONAL,UNKNOWN,1~2,ABOVE_PREV_HIGH,RANGE_10M,0.5~1%,195,44,0.8155683452075972,0.7588559233262422,-6.953730145929009,-0.8500001072091518,-0.8558833981761222,-0.6921517911671088,-0.15958820299930868,-0.2820935492950576,-76.76340982188991
CONDITIONAL,UNKNOWN,1~2,ABOVE_PREV_HIGH,DIRECTION,DOWN_MIXED,195,46,0.8155683452075972,0.6919325993754445,-15.15945862276964,-0.8500001072091518,-0.885760518349482,-4.207106662344338,-0.15958820299930868,-0.16972756744048417,-6.353454861083573
CONDITIONAL,UNKNOWN,1~2,ABOVE_PREV_HIGH,RETURN_10M,-0.5~-0.2%,195,44,0.8155683452075972,0.8845874432325278,8.462699469700755,-0.8500001072091518,-0.7909292128269072,6.949516109614974,-0.15958820299930868,-0.09771356410745848,38.77143656546984
CONDITIONAL,UNKNOWN,1~2,ABOVE_PREV_HIGH,RETURN_5M,0.2~0.5%,195,31,0.8155683452075972,0.42557322878376497,-47.81881478302861,-0.8500001072091518,-0.889811523970991,-4.683695498881056,-0.15958820299930868,-0.4585777278368454,-187.3506432294572
CONDITIONAL,UNKNOWN,1~2,ABOVE_PREV_HIGH,RETURN_10M,0.2~0.5%,195,39,0.8155683452075972,0.4452431793025315,-45.40700581148746,-0.8500001072091518,-0.9165309747419688,-7.827159898986502,-0.15958820299930868,-0.32081619185356247,-101.02751069573246
CONDITIONAL,UNKNOWN,1~2,ABOVE_PREV_HIGH,NIGHT_RETURN,-0.5~0%,195,41,0.8155683452075972,0.7935886962078226,-2.6950100661618865,-0.8500001072091518,-0.7902515109922305,7.029245727167834,-0.15958820299930868,-0.18657473675995825,-16.910105667877268
CONDITIONAL,UNKNOWN,1~2,ABOVE_PREV_HIGH,DIRECTION,UP,195,54,0.8155683452075972,0.5062422600992487,-37.92767177956273,-0.8500001072091518,-0.7513369478864822,11.607429044522746,-0.15958820299930868,-0.27528921907056947,-72.49972986522192
CONDITIONAL,UNKNOWN,1~2,ABOVE_PREV_HIGH,PERSISTENCE,UP_PERSISTENT,195,54,0.8155683452075972,0.5062422600992487,-37.92767177956273,-0.8500001072091518,-0.7513369478864822,11.607429044522746,-0.15958820299930868,-0.27528921907056947,-72.49972986522192
CONDITIONAL,3~5%,2~3,BETWEEN_PREV_HIGH_LOW,RANGE_10M,0.2~0.5%,79,60,3.0490440908220102,2.429326471112494,-20.324980592276145,-3.873511313688329,-4.256596720107424,-9.889874467781649,0.16982152173165133,-0.6325783365364271,-472.49597700344196
CONDITIONAL,3~5%,2~3,BETWEEN_PREV_HIGH_LOW,PERSISTENCE,MIXED,79,47,3.0490440908220102,3.5212390654222556,15.486656162880989,-3.873511313688329,-3.5456459998867156,8.464292143487308,0.16982152173165133,0.7784550175012329,358.39597335097045
CONDITIONAL,3~5%,2~3,BETWEEN_PREV_HIGH_LOW,NIGHT_RETURN,0~0.5%,79,30,3.0490440908220102,3.3347901724637836,9.371661187252212,-3.873511313688329,-3.8532683410327038,0.5226000653228974,0.16982152173165133,-0.04939412808533232,-129.08590594505682
CONDITIONAL,UNKNOWN,2~3,ABOVE_PREV_HIGH,RANGE_10M,0.2~0.5%,99,77,0.6772967214434887,0.5183183758853686,-23.472481192482014,-0.8846942001179121,-0.7964868918793857,9.970372613132326,-0.3178832637388672,-0.24407838967109943,23.21760296521825
CONDITIONAL,UNKNOWN,2~3,ABOVE_PREV_HIGH,PERSISTENCE,MIXED,99,55,0.6772967214434887,0.5652431890336583,-16.544230742918156,-0.8846942001179121,-0.8453519281975784,4.446991052398687,-0.3178832637388672,-0.17229502868715454,45.799276545527604
CONDITIONAL,UNKNOWN,>=10,BETWEEN_PREV_HIGH_LOW,DIRECTION,DOWN,1881,401,1.1276439495478738,1.217554540970182,7.973313869006046,-0.8401013422318467,-0.9616563665148753,-14.469090593296832,0.1633210956286585,0.11426354576815156,-30.03748515871372
CONDITIONAL,UNKNOWN,>=10,BETWEEN_PREV_HIGH_LOW,PERSISTENCE,DOWN_PERSISTENT,1881,401,1.1276439495478738,1.217554540970182,7.973313869006046,-0.8401013422318467,-0.9616563665148753,-14.469090593296832,0.1633210956286585,0.11426354576815156,-30.03748515871372
CONDITIONAL,UNKNOWN,>=10,BETWEEN_PREV_HIGH_LOW,RETURN_5M,-0.2~-0.05%,1881,519,1.1276439495478738,1.0247946621039818,-9.120723565725616,-0.8401013422318467,-0.8357601410574337,0.5167473203744739,0.1633210956286585,0.12993228415340022,-20.44366121029098
CONDITIONAL,UNKNOWN,>=10,BETWEEN_PREV_HIGH_LOW,RETURN_10M,-0.2~0%,1881,428,1.1276439495478738,1.1131247500944135,-1.2875694902882955,-0.8401013422318467,-0.8643550467015969,-2.886997466914743,0.1633210956286585,0.16023489782516573,-1.889650440816195
CONDITIONAL,UNKNOWN,>=10,BETWEEN_PREV_HIGH_LOW,RANGE_10M,0.2~0.5%,1881,1427,1.1276439495478738,1.1057988533139078,-1.9372334895890464,-0.8401013422318467,-0.8176972026826134,2.6668377281380886,0.1633210956286585,0.16962568622755647,3.860242655506451
CONDITIONAL,UNKNOWN,>=10,BETWEEN_PREV_HIGH_LOW,NIGHT_RETURN,0.5~1%,1881,290,1.1276439495478738,0.8361654983213547,-25.848447228700756,-0.8401013422318467,-0.8045824290680724,4.227931962281282,0.1633210956286585,0.12556048319367713,-23.120474602275078
CONDITIONAL,UNKNOWN,>=10,BETWEEN_PREV_HIGH_LOW,DIRECTION,UP_MIXED,1881,523,1.1276439495478738,1.1353275630644113,0.6813864890259185,-0.8401013422318467,-0.7841354874858707,6.661798039424021,0.1633210956286585,0.2359146036097248,44.448335165544925
CONDITIONAL,UNKNOWN,>=10,BETWEEN_PREV_HIGH_LOW,PERSISTENCE,MIXED,1881,1075,1.1276439495478738,1.0892420912771548,-3.4054949956603062,-0.8401013422318467,-0.8190890922603316,2.501156576621245,0.1633210956286585,0.1860833598895774,13.937124394923972
CONDITIONAL,UNKNOWN,>=10,BETWEEN_PREV_HIGH_LOW,RETURN_5M,-0.05~0.05%,1881,400,1.1276439495478738,1.2280762608382008,8.90638497467175,-0.8401013422318467,-0.7789314297889586,7.281253983047062,0.1633210956286585,0.28451428886101526,74.20547404844287
CONDITIONAL,UNKNOWN,>=10,BETWEEN_PREV_HIGH_LOW,NIGHT_RETURN,-1~-0.5%,1881,213,1.1276439495478738,1.1655953249049247,3.3655459573269875,-0.8401013422318467,-0.7721479516991441,8.088713482134784,0.1633210956286585,0.20078527015569456,22.93896840627248
CONDITIONAL,UNKNOWN,>=10,BETWEEN_PREV_HIGH_LOW,RETURN_5M,0.05~0.2%,1881,476,1.1276439495478738,1.0391505253087427,-7.847638811400737,-0.8401013422318467,-0.7355527747112807,12.444756634100615,0.1633210956286585,0.15993855093645123,-2.0711009065835166
CONDITIONAL,UNKNOWN,>=10,BETWEEN_PREV_HIGH_LOW,RETURN_10M,0~0.2%,1881,525,1.1276439495478738,1.1517781740996424,2.140234473961854,-0.8401013422318467,-0.7582566942160229,9.742235121109562,0.1633210956286585,0.19107678687285076,16.994553665804492
CONDITIONAL,UNKNOWN,>=10,BETWEEN_PREV_HIGH_LOW,NIGHT_RETURN,0~0.5%,1881,616,1.1276439495478738,1.2270965134474827,8.81950051161842,-0.8401013422318467,-0.8335519563086936,0.7795947457664771,0.1633210956286585,0.19220997438432857,17.688393923926647
CONDITIONAL,UNKNOWN,>=10,BETWEEN_PREV_HIGH_LOW,RANGE_10M,0.5~1%,1881,390,1.1276439495478738,1.1373399612058976,0.8598469101804164,-0.8401013422318467,-0.8846865980081857,-5.307128263584488,0.1633210956286585,0.10156741862723209,-37.8112066685097
CONDITIONAL,UNKNOWN,>=10,BETWEEN_PREV_HIGH_LOW,DIRECTION,DOWN_MIXED,1881,456,1.1276439495478738,1.054110308529041,-6.520998143812672,-0.8401013422318467,-0.8379315779939783,0.25827410680051144,0.1633210956286585,0.14912756220531817,-8.690569560965985
CONDITIONAL,UNKNOWN,>=10,BETWEEN_PREV_HIGH_LOW,NIGHT_RETURN,-2~-1%,1881,149,1.1276439495478738,1.1322259499618215,0.4063339687837434,-0.8401013422318467,-0.7637437833831164,9.08908901941232,0.1633210956286585,0.31715706308827274,94.19234353496468
CONDITIONAL,UNKNOWN,>=10,BETWEEN_PREV_HIGH_LOW,RETURN_10M,-0.5~-0.2%,1881,430,1.1276439495478738,1.0924787863082182,-3.118463345966169,-0.8401013422318467,-0.8896626254739946,-5.899441025826876,0.1633210956286585,0.09635661732738664,-41.00173222786132
CONDITIONAL,UNKNOWN,>=10,BETWEEN_PREV_HIGH_LOW,DIRECTION,FLAT_MIXED,1881,108,1.1276439495478738,1.099864785122708,-2.463469469800633,-0.8401013422318467,-0.8632627601892124,-2.7569790444369673,0.1633210956286585,0.15628129641418612,-4.31040410754941
CONDITIONAL,UNKNOWN,>=10,BETWEEN_PREV_HIGH_LOW,NIGHT_RETURN,1~2%,1881,151,1.1276439495478738,1.175556337334136,4.2488932615186314,-0.8401013422318467,-0.8995812989195218,-7.080093043258115,0.1633210956286585,0.11162397457543359,-31.653670246474547
CONDITIONAL,UNKNOWN,>=10,BETWEEN_PREV_HIGH_LOW,RETURN_5M,-0.5~-0.2%,1881,232,1.1276439495478738,1.4026020452894714,24.383414272904258,-0.8401013422318467,-1.0512804546867527,-25.137337823301063,0.1633210956286585,0.1751419845751885,7.237821238602899
CONDITIONAL,UNKNOWN,>=10,BETWEEN_PREV_HIGH_LOW,RETURN_10M,0.2~0.5%,1881,375,1.1276439495478738,1.1109247383646497,-1.4826675733885415,-0.8401013422318467,-0.7597286956870158,9.567017989914135,0.1633210956286585,0.2754891891899755,68.67948878836351
CONDITIONAL,UNKNOWN,>=10,BETWEEN_PREV_HIGH_LOW,DIRECTION,UP,1881,393,1.1276439495478738,1.1186332956878555,-0.79906905576278,-0.8401013422318467,-0.7867032675441186,6.356146812701039,0.1633210956286585,0.1351740787741327,-17.23415872651466
CONDITIONAL,UNKNOWN,>=10,BETWEEN_PREV_HIGH_LOW,PERSISTENCE,UP_PERSISTENT,1881,393,1.1276439495478738,1.1186332956878555,-0.79906905576278,-0.8401013422318467,-0.7867032675441186,6.356146812701039,0.1633210956286585,0.1351740787741327,-17.23415872651466
CONDITIONAL,UNKNOWN,>=10,BETWEEN_PREV_HIGH_LOW,RETURN_5M,0.2~0.5%,1881,227,1.1276439495478738,1.092692148982794,-3.0995422428412427,-0.8401013422318467,-0.8825483748542498,-5.052608594772214,0.1633210956286585,0.07702604084345557,-52.8376658588007
CONDITIONAL,UNKNOWN,>=10,BETWEEN_PREV_HIGH_LOW,NIGHT_RETURN,-0.5~0%,1881,422,1.1276439495478738,1.1032164375218119,-2.1662433462136805,-0.8401013422318467,-0.834504531376264,0.6662066317754014,0.1633210956286585,0.08349344135317528,-48.87773619703516
CONDITIONAL,UNKNOWN,>=10,BETWEEN_PREV_HIGH_LOW,RETURN_10M,0.5~1%,1881,73,1.1276439495478738,1.271782729984585,12.78229537741086,-0.8401013422318467,-1.0257136637454058,-22.0940393953489,0.1633210956286585,0.09697459086346935,-40.62335273334226
CONDITIONAL,UNKNOWN,>=10,BETWEEN_PREV_HIGH_LOW,RANGE_10M,1~2%,1881,47,1.1276439495478738,1.8146023910638593,60.91980024292418,-0.8401013422318467,-1.246563551257189,-48.38252108317297,0.1633210956286585,0.5128024181878091,213.98418937487583
CONDITIONAL,UNKNOWN,>=10,BETWEEN_PREV_HIGH_LOW,NIGHT_RETURN,<-2%,1881,32,1.1276439495478738,1.200805972600387,6.488042886395775,-0.8401013422318467,-2.024391436430586,-140.9699085889456,0.1633210956286585,-0.26098184585543255,-259.79677631408026
CONDITIONAL,UNKNOWN,>=10,BETWEEN_PREV_HIGH_LOW,RETURN_10M,-1~-0.5%,1881,44,1.1276439495478738,1.3034881886308183,15.593950479976307,-0.8401013422318467,-1.4060502866681255,-67.36674684184604,0.1633210956286585,-0.20592380570078006,-226.08524631073186
CONDITIONAL,1~3%,1~2,BETWEEN_PREV_HIGH_LOW,DIRECTION,DOWN,285,52,1.3445671928274836,0.6719470584724339,-50.02502946249939,-2.0118124834334288,-2.1237281809402533,-5.562928872765782,-0.4309092533632139,-0.8070792183772976,-87.29679441276922
CONDITIONAL,1~3%,1~2,BETWEEN_PREV_HIGH_LOW,PERSISTENCE,DOWN_PERSISTENT,285,52,1.3445671928274836,0.6719470584724339,-50.02502946249939,-2.0118124834334288,-2.1237281809402533,-5.562928872765782,-0.4309092533632139,-0.8070792183772976,-87.29679441276922
CONDITIONAL,1~3%,1~2,BETWEEN_PREV_HIGH_LOW,RETURN_5M,-0.2~-0.05%,285,87,1.3445671928274836,0.7848157525496816,-41.630603755897354,-2.0118124834334288,-2.109220215221463,-4.8417898084514706,-0.4309092533632139,-0.7583952455655583,-75.99883029810596
CONDITIONAL,1~3%,1~2,BETWEEN_PREV_HIGH_LOW,RETURN_10M,-0.2~0%,285,62,1.3445671928274836,0.6114416485016152,-54.525021005769325,-2.0118124834334288,-1.8757273476907652,6.764305165778471,-0.4309092533632139,-0.7839224320495629,-81.92285868337893
CONDITIONAL,1~3%,1~2,BETWEEN_PREV_HIGH_LOW,RANGE_10M,0.2~0.5%,285,221,1.3445671928274836,1.4387364663328457,7.003686688750303,-2.0118124834334288,-2.0610001154761095,-2.444941188491654,-0.4309092533632139,-0.4633969432224093,-7.53933446674247
CONDITIONAL,1~3%,1~2,BETWEEN_PREV_HIGH_LOW,NIGHT_RETURN,0.5~1%,285,72,1.3445671928274836,1.1509342534747822,-14.401135204370982,-2.0118124834334288,-2.15917214156007,-7.324721331639831,-0.4309092533632139,-0.7367724404246663,-70.98088162976624
CONDITIONAL,1~3%,1~2,BETWEEN_PREV_HIGH_LOW,DIRECTION,UP_MIXED,285,87,1.3445671928274836,1.6419108662048967,22.114452514056257,-2.0118124834334288,-2.1106578278562935,-4.913248388546226,-0.4309092533632139,-0.597657325005529,-38.69679528598171
CONDITIONAL,1~3%,1~2,BETWEEN_PREV_HIGH_LOW,PERSISTENCE,MIXED,285,179,1.3445671928274836,1.3140059917364455,-2.272939668174642,-2.0118124834334288,-2.0071285480825867,0.23282166650285116,-0.4309092533632139,-0.5023747798752621,-16.584820575159444
CONDITIONAL,1~3%,1~2,BETWEEN_PREV_HIGH_LOW,RETURN_5M,-0.05~0.05%,285,62,1.3445671928274836,1.8669858295813369,38.854037160854844,-2.0118124834334288,-2.1290660785700353,-5.8282566641845985,-0.4309092533632139,-0.41309294282461667,4.134585275099636
CONDITIONAL,1~3%,1~2,BETWEEN_PREV_HIGH_LOW,NIGHT_RETURN,-1~-0.5%,285,36,1.3445671928274836,1.0826532883154862,-19.47942102924733,-2.0118124834334288,-1.9445061480375705,3.3455571008780582,-0.4309092533632139,-0.6453184252390911,-49.75738399731033
CONDITIONAL,1~3%,1~2,BETWEEN_PREV_HIGH_LOW,RETURN_5M,0.05~0.2%,285,78,1.3445671928274836,1.3519390952317147,0.5482732617273517,-2.0118124834334288,-1.8431467932381964,8.38376794975353,-0.4309092533632139,-0.42155364361845404,2.171132244606035
CONDITIONAL,1~3%,1~2,BETWEEN_PREV_HIGH_LOW,RETURN_10M,0~0.2%,285,89,1.3445671928274836,1.9872165663542496,47.79600282938198,-2.0118124834334288,-2.16744961825539,-7.736165080174145,-0.4309092533632139,-0.4357242453960819,-1.1174027931141786
CONDITIONAL,1~3%,1~2,BETWEEN_PREV_HIGH_LOW,NIGHT_RETURN,0~0.5%,285,76,1.3445671928274836,1.4273090348561643,6.153790042629505,-2.0118124834334288,-1.883896845042135,6.358228684066448,-0.4309092533632139,-0.10841802478963339,74.83970837399313
CONDITIONAL,1~3%,1~2,BETWEEN_PREV_HIGH_LOW,RANGE_10M,0.5~1%,285,63,1.3445671928274836,1.0061752229273349,-25.16735286308347,-2.0118124834334288,-1.8418044508961164,8.450490984486326,-0.4309092533632139,-0.3237843294660863,24.86020503412858
CONDITIONAL,1~3%,1~2,BETWEEN_PREV_HIGH_LOW,DIRECTION,DOWN_MIXED,285,73,1.3445671928274836,1.0921269843797496,-18.774830279539895,-2.0118124834334288,-2.048142844582023,-1.8058522574922817,-0.4309092533632139,-0.4501076019420863,-4.455311281674918
CONDITIONAL,1~3%,1~2,BETWEEN_PREV_HIGH_LOW,RETURN_10M,-0.5~-0.2%,285,74,1.3445671928274836,0.9910559646503961,-26.291823128131696,-2.0118124834334288,-1.9832118090241704,1.4216371875994873,-0.4309092533632139,-0.42372730582127927,1.6666960585970427
CONDITIONAL,1~3%,1~2,BETWEEN_PREV_HIGH_LOW,NIGHT_RETURN,1~2%,285,31,1.3445671928274836,0.7269208674254484,-45.93644175589246,-2.0118124834334288,-1.801527101144357,10.452533922554824,-0.4309092533632139,-0.6426727651033889,-49.1434124673297
CONDITIONAL,1~3%,1~2,BETWEEN_PREV_HIGH_LOW,RETURN_10M,0.2~0.5%,285,53,1.3445671928274836,1.609940196140626,19.736685881431534,-2.0118124834334288,-1.8698065768863978,7.05860549710273,-0.4309092533632139,-0.03543862909907726,91.77584866825637
CONDITIONAL,1~3%,1~2,BETWEEN_PREV_HIGH_LOW,DIRECTION,UP,285,53,1.3445671928274836,1.557450109776818,15.83282100626478,-2.0118124834334288,-1.9238069246908274,4.374441428676697,-0.4309092533632139,-0.14839782636976184,65.56169884690846
CONDITIONAL,1~3%,1~2,BETWEEN_PREV_HIGH_LOW,PERSISTENCE,UP_PERSISTENT,285,53,1.3445671928274836,1.557450109776818,15.83282100626478,-2.0118124834334288,-1.9238069246908274,4.374441428676697,-0.4309092533632139,-0.14839782636976184,65.56169884690846
CONDITIONAL,1~3%,1~2,BETWEEN_PREV_HIGH_LOW,RETURN_5M,0.2~0.5%,285,31,1.3445671928274836,2.2733130569214905,69.07396439897897,-2.0118124834334288,-2.103444402637043,-4.554694831559646,-0.4309092533632139,0.38173434925545785,188.58810672457142
CONDITIONAL,1~3%,1~2,BETWEEN_PREV_HIGH_LOW,NIGHT_RETURN,-0.5~0%,285,51,1.3445671928274836,2.159501398894527,60.609407280964675,-2.0118124834334288,-1.977575708234514,1.7017875910823013,-0.4309092533632139,-0.06507736427926424,84.89766377228143
CONDITIONAL,UNKNOWN,5~10,BETWEEN_PREV_HIGH_LOW,DIRECTION,DOWN,643,165,0.6489589535497703,0.6489341567857669,-0.0038210065317255005,-0.5849069419297898,-0.55673454207114,4.816561035452959,0.06876437866062331,0.03763361029762343,-45.271649318088514
CONDITIONAL,UNKNOWN,5~10,BETWEEN_PREV_HIGH_LOW,PERSISTENCE,DOWN_PERSISTENT,643,165,0.6489589535497703,0.6489341567857669,-0.0038210065317255005,-0.5849069419297898,-0.55673454207114,4.816561035452959,0.06876437866062331,0.03763361029762343,-45.271649318088514
CONDITIONAL,UNKNOWN,5~10,BETWEEN_PREV_HIGH_LOW,RETURN_5M,-0.2~-0.05%,643,191,0.6489589535497703,0.6880206345781984,6.019129686825774,-0.5849069419297898,-0.588489130600486,-0.6124373663402778,0.06876437866062331,0.046769232813688735,-31.986249676578115
CONDITIONAL,UNKNOWN,5~10,BETWEEN_PREV_HIGH_LOW,RETURN_10M,-0.2~0%,643,170,0.6489589535497703,0.6774672605125819,4.392929137794108,-0.5849069419297898,-0.5921146133599908,-1.2322766090654902,0.06876437866062331,-0.003879744447472971,-105.64208464184762
CONDITIONAL,UNKNOWN,5~10,BETWEEN_PREV_HIGH_LOW,RANGE_10M,0.2~0.5%,643,501,0.6489589535497703,0.6656524853821899,2.5723555767443997,-0.5849069419297898,-0.5815612878436828,0.571997671128442,0.06876437866062331,0.07825414191488085,13.800405732003926
CONDITIONAL,UNKNOWN,5~10,BETWEEN_PREV_HIGH_LOW,NIGHT_RETURN,0.5~1%,643,110,0.6489589535497703,0.581408356721314,-10.409070783130153,-0.5849069419297898,-0.5221680745970914,10.726298977697782,0.06876437866062331,0.12945425139229896,88.25771993258572
CONDITIONAL,UNKNOWN,5~10,BETWEEN_PREV_HIGH_LOW,DIRECTION,UP_MIXED,643,160,0.6489589535497703,0.7687127151577442,18.453210477015123,-0.5849069419297898,-0.5344749883597303,8.62221833163217,0.06876437866062331,0.20510592545707654,198.27350941298735
CONDITIONAL,UNKNOWN,5~10,BETWEEN_PREV_HIGH_LOW,PERSISTENCE,MIXED,643,354,0.6489589535497703,0.6980886223976883,7.570535636989274,-0.5849069419297898,-0.5915431947912224,-1.134582680714576,0.06876437866062331,0.11869926654478935,72.61737669529815
CONDITIONAL,UNKNOWN,5~10,BETWEEN_PREV_HIGH_LOW,RETURN_5M,-0.05~0.05%,643,140,0.6489589535497703,0.6373802201079439,-1.7842012007833956,-0.5849069419297898,-0.6112541252580016,-4.5045085704205015,0.06876437866062331,0.04193805679311427,-39.01194541421873
CONDITIONAL,UNKNOWN,5~10,BETWEEN_PREV_HIGH_LOW,NIGHT_RETURN,-1~-0.5%,643,73,0.6489589535497703,0.6589536996412618,1.5401199161858876,-0.5849069419297898,-0.5772522006591925,1.3087109626946667,0.06876437866062331,0.011030364911388195,-83.9591876982893
CONDITIONAL,UNKNOWN,5~10,BETWEEN_PREV_HIGH_LOW,RETURN_5M,0.05~0.2%,643,165,0.6489589535497703,0.5585918307216091,-13.92493659789389,-0.5849069419297898,-0.5718899203077006,2.225485917322502,0.06876437866062331,0.0870316529839225,26.565024914214224
CONDITIONAL,UNKNOWN,5~10,BETWEEN_PREV_HIGH_LOW,RETURN_10M,0~0.2%,643,130,0.6489589535497703,0.7399838043490655,14.026287841687711,-0.5849069419297898,-0.4976757065144136,14.913694668689208,0.06876437866062331,0.2122917599776098,208.72344680862346
CONDITIONAL,UNKNOWN,5~10,BETWEEN_PREV_HIGH_LOW,NIGHT_RETURN,0~0.5%,643,208,0.6489589535497703,0.6073770146963064,-6.407483651471775,-0.5849069419297898,-0.6475223863738757,-10.705197691362347,0.06876437866062331,-0.018074916302793915,-126.28528993477867
CONDITIONAL,UNKNOWN,5~10,BETWEEN_PREV_HIGH_LOW,RANGE_10M,0.5~1%,643,120,0.6489589535497703,0.5649765186080519,-12.941101202524298,-0.5849069419297898,-0.6107329340959958,-4.415401889572056,0.06876437866062331,0.00903280108992519,-86.86412752377902
CONDITIONAL,UNKNOWN,5~10,BETWEEN_PREV_HIGH_LOW,DIRECTION,DOWN_MIXED,643,166,0.6489589535497703,0.668405654702878,2.9965995609946297,-0.5849069419297898,-0.6445463277376028,-10.19638878127248,0.06876437866062331,0.05220170789670476,-24.086120003586778
CONDITIONAL,UNKNOWN,5~10,BETWEEN_PREV_HIGH_LOW,NIGHT_RETURN,-2~-1%,643,49,0.6489589535497703,0.9974064353010751,53.693300607891445,-0.5849069419297898,-0.7807379540586074,-33.480712586981824,0.06876437866062331,0.2775474065122855,303.6209036106918
CONDITIONAL,UNKNOWN,5~10,BETWEEN_PREV_HIGH_LOW,RETURN_10M,-0.5~-0.2%,643,181,0.6489589535497703,0.6039079069773617,-6.94204869598944,-0.5849069419297898,-0.6357645461811939,-8.694990708027698,0.06876437866062331,0.04336682849398493,-36.93416658643035
CONDITIONAL,UNKNOWN,5~10,BETWEEN_PREV_HIGH_LOW,DIRECTION,FLAT_MIXED,643,30,0.6489589535497703,0.4391333074288265,-32.332652931777716,-0.5849069419297898,-0.6675104544214105,-14.122505063640745,0.06876437866062331,-0.06329178908482207,-192.04153417453182
CONDITIONAL,UNKNOWN,5~10,BETWEEN_PREV_HIGH_LOW,NIGHT_RETURN,1~2%,643,50,0.6489589535497703,0.9385399673962175,44.62239287438054,-0.5849069419297898,-0.4959960086416287,15.20086819192405,0.06876437866062331,0.04983966835432185,-27.521095478374985
CONDITIONAL,UNKNOWN,5~10,BETWEEN_PREV_HIGH_LOW,RETURN_5M,-0.5~-0.2%,643,73,0.6489589535497703,0.7918834393496607,22.023655736329882,-0.5849069419297898,-0.5619388508434319,3.926794065835331,0.06876437866062331,0.21029750044499212,205.82331221646774
CONDITIONAL,UNKNOWN,5~10,BETWEEN_PREV_HIGH_LOW,RETURN_10M,0.2~0.5%,643,136,0.6489589535497703,0.5785766291749472,-10.845420036172635,-0.5849069419297898,-0.6383516979920383,-9.137309242033897,0.06876437866062331,0.03437752378016306,-50.00678483575286
CONDITIONAL,UNKNOWN,5~10,BETWEEN_PREV_HIGH_LOW,RETURN_5M,0.2~0.5%,643,68,0.6489589535497703,0.6352044937465378,-2.119465295608664,-0.5849069419297898,-0.6011823571904934,-2.782564899470331,0.06876437866062331,-0.010690588553319783,-115.5466954861639
CONDITIONAL,UNKNOWN,5~10,BETWEEN_PREV_HIGH_LOW,DIRECTION,UP,643,122,0.6489589535497703,0.5170745814267963,-20.322452044397206,-0.5849069419297898,-0.5876882134793061,-0.47550667467547436,0.06876437866062331,-0.012932197801374288,-118.8065362521478
CONDITIONAL,UNKNOWN,5~10,BETWEEN_PREV_HIGH_LOW,PERSISTENCE,UP_PERSISTENT,643,122,0.6489589535497703,0.5170745814267963,-20.322452044397206,-0.5849069419297898,-0.5876882134793061,-0.47550667467547436,0.06876437866062331,-0.012932197801374288,-118.8065362521478
CONDITIONAL,UNKNOWN,5~10,BETWEEN_PREV_HIGH_LOW,NIGHT_RETURN,-0.5~0%,643,143,0.6489589535497703,0.5247708329402584,-19.136513939781494,-0.5849069419297898,-0.49935935833319245,14.625845149717193,0.06876437866062331,0.12094134757715781,75.87790354952006
CONDITIONAL,UNKNOWN,>=10,ABOVE_PREV_HIGH,DIRECTION,DOWN,611,163,1.0215928199298556,0.9225175588502215,-9.698116426311302,-1.3584240796009217,-1.4059976362779054,-3.5021137648678815,-0.38653876709939305,-0.3699497426937161,4.291684513344378
CONDITIONAL,UNKNOWN,>=10,ABOVE_PREV_HIGH,PERSISTENCE,DOWN_PERSISTENT,611,163,1.0215928199298556,0.9225175588502215,-9.698116426311302,-1.3584240796009217,-1.4059976362779054,-3.5021137648678815,-0.38653876709939305,-0.3699497426937161,4.291684513344378
CONDITIONAL,UNKNOWN,>=10,ABOVE_PREV_HIGH,RETURN_5M,-0.2~-0.05%,611,164,1.0215928199298556,0.9218268516375547,-9.765727239464251,-1.3584240796009217,-1.3801996326003647,-1.60300110447396,-0.38653876709939305,-0.35283540237731525,8.719271542926883
CONDITIONAL,UNKNOWN,>=10,ABOVE_PREV_HIGH,RETURN_10M,-0.2~0%,611,169,1.0215928199298556,0.9320749065395485,-8.762582473558652,-1.3584240796009217,-1.3335305659402399,1.8325288865605978,-0.38653876709939305,-0.37100997901921723,4.017394735515058
CONDITIONAL,UNKNOWN,>=10,ABOVE_PREV_HIGH,RANGE_10M,0.2~0.5%,611,459,1.0215928199298556,1.038599094203661,1.6646822434571322,-1.3584240796009217,-1.3077798057102363,3.7281637340795424,-0.38653876709939305,-0.31343104813050227,18.91342478207164
CONDITIONAL,UNKNOWN,>=10,ABOVE_PREV_HIGH,NIGHT_RETURN,0.5~1%,611,109,1.0215928199298556,1.0286662709446346,0.6923943548531047,-1.3584240796009217,-1.062384781473859,21.79284824029572,-0.38653876709939305,-0.30622312397237517,20.778159906109973
CONDITIONAL,UNKNOWN,>=10,ABOVE_PREV_HIGH,DIRECTION,UP_MIXED,611,169,1.0215928199298556,1.1271150238974965,10.329184182685058,-1.3584240796009217,-1.4002974020566608,-3.0824926534017716,-0.38653876709939305,-0.3847974743336499,0.45048334448052707
CONDITIONAL,UNKNOWN,>=10,ABOVE_PREV_HIGH,PERSISTENCE,MIXED,611,332,1.0215928199298556,1.020580044901869,-0.09913685846541373,-1.3584240796009217,-1.368755549836702,-0.7605482257657981,-0.38653876709939305,-0.39549871971996803,-2.3179958604956816
CONDITIONAL,UNKNOWN,>=10,ABOVE_PREV_HIGH,RETURN_5M,-0.05~0.05%,611,143,1.0215928199298556,1.0491444112175354,2.696924914720089,-1.3584240796009217,-1.3361761364744715,1.6377759685315785,-0.38653876709939305,-0.2973852263846425,23.064579365160025
CONDITIONAL,UNKNOWN,>=10,ABOVE_PREV_HIGH,NIGHT_RETURN,-1~-0.5%,611,50,1.0215928199298556,1.3744204122664407,34.53700784240152,-1.3584240796009217,-1.7977746688560268,-32.34266793799604,-0.38653876709939305,-0.5866259201642836,-51.76379967431337
CONDITIONAL,UNKNOWN,>=10,ABOVE_PREV_HIGH,RETURN_5M,0.05~0.2%,611,155,1.0215928199298556,1.0249780537326014,0.331368206266195,-1.3584240796009217,-1.3111507261468458,3.480014390496073,-0.38653876709939305,-0.5856541848452561,-51.51240566115411
CONDITIONAL,UNKNOWN,>=10,ABOVE_PREV_HIGH,RETURN_10M,0~0.2%,611,152,1.0215928199298556,1.1861737924306157,16.110231913342982,-1.3584240796009217,-1.2880924622084127,5.177441893784089,-0.38653876709939305,-0.2803837538041292,27.462966804560523
CONDITIONAL,UNKNOWN,>=10,ABOVE_PREV_HIGH,NIGHT_RETURN,0~0.5%,611,177,1.0215928199298556,0.9275740333197758,-9.203156558650763,-1.3584240796009217,-1.2362139805889198,8.996461476735954,-0.38653876709939305,-0.24737675350886404,36.00208450883412
CONDITIONAL,UNKNOWN,>=10,ABOVE_PREV_HIGH,RANGE_10M,0.5~1%,611,136,1.0215928199298556,1.0361184557478371,1.4218615807204726,-1.3584240796009217,-1.4286542930028312,-5.169977068025896,-0.38653876709939305,-0.49760229473392503,-28.732830206904847
CONDITIONAL,UNKNOWN,>=10,ABOVE_PREV_HIGH,DIRECTION,DOWN_MIXED,611,130,1.0215928199298556,1.0378289358070178,1.5892942433049821,-1.3584240796009217,-1.291154830914741,4.95200649755437,-0.38653876709939305,-0.302367076797132,21.7757434613583
CONDITIONAL,UNKNOWN,>=10,ABOVE_PREV_HIGH,NIGHT_RETURN,-2~-1%,611,37,1.0215928199298556,1.3322691217782774,30.41097155222306,-1.3584240796009217,-1.5737856521209077,-15.853780550125038,-0.38653876709939305,-0.34525216828719596,10.681101696995071
CONDITIONAL,UNKNOWN,>=10,ABOVE_PREV_HIGH,RETURN_10M,-0.5~-0.2%,611,144,1.0215928199298556,0.7979394642716934,-21.892612329980814,-1.3584240796009217,-1.4354894500387596,-5.673145197814676,-0.38653876709939305,-0.5956064720287585,-54.087124688222175
CONDITIONAL,UNKNOWN,>=10,ABOVE_PREV_HIGH,DIRECTION,FLAT_MIXED,611,35,1.0215928199298556,0.5572515081502759,-45.45267965092611,-1.3584240796009217,-1.5476348472332682,-13.928696529579545,-0.38653876709939305,-0.8624982774749016,-123.13370634131562
CONDITIONAL,UNKNOWN,>=10,ABOVE_PREV_HIGH,NIGHT_RETURN,1~2%,611,80,1.0215928199298556,1.2376282920994721,21.146925463361214,-1.3584240796009217,-1.12907702724557,16.88331764722026,-0.38653876709939305,-0.14259353490757604,63.110159434303235
CONDITIONAL,UNKNOWN,>=10,ABOVE_PREV_HIGH,RETURN_5M,-0.5~-0.2%,611,81,1.0215928199298556,0.8522126021454947,-16.580012552945597,-1.3584240796009217,-1.3324471736527763,1.9122824998638785,-0.38653876709939305,-0.44759870883122205,-15.796589353773221
CONDITIONAL,UNKNOWN,>=10,ABOVE_PREV_HIGH,RETURN_10M,0.2~0.5%,611,112,1.0215928199298556,1.0649715671483118,4.246187558506391,-1.3584240796009217,-1.4437783665274007,-6.283331413821401,-0.38653876709939305,-0.4564235820792358,-18.07963933456455
CONDITIONAL,UNKNOWN,>=10,ABOVE_PREV_HIGH,DIRECTION,UP,611,114,1.0215928199298556,1.130867082506201,10.696459533050398,-1.3584240796009217,-1.2469463973965664,8.206397683785555,-0.38653876709939305,-0.36269689281594514,6.168042202431227
CONDITIONAL,UNKNOWN,>=10,ABOVE_PREV_HIGH,PERSISTENCE,UP_PERSISTENT,611,114,1.0215928199298556,1.130867082506201,10.696459533050398,-1.3584240796009217,-1.2469463973965664,8.206397683785555,-0.38653876709939305,-0.36269689281594514,6.168042202431227
CONDITIONAL,UNKNOWN,>=10,ABOVE_PREV_HIGH,RETURN_5M,0.2~0.5%,611,63,1.0215928199298556,1.3847606737177827,35.54917837156126,-1.3584240796009217,-1.4724207648275938,-8.391833370633568,-0.38653876709939305,-0.1607419169754439,58.41505932725466
CONDITIONAL,UNKNOWN,>=10,ABOVE_PREV_HIGH,NIGHT_RETURN,-0.5~0%,611,134,1.0215928199298556,0.7860966484511258,-23.05186243330287,-1.3584240796009217,-1.4382259955279773,-5.874595211128749,-0.38653876709939305,-0.4933268434026703,-27.626744169703986
CONDITIONAL,-3~-1%,1~2,BETWEEN_PREV_HIGH_LOW,DIRECTION,DOWN,219,43,2.208752723307502,1.8100706079880138,-18.050101811418738,-0.9388981446550695,-0.8853677294609305,5.701408134511218,0.7107404187903761,0.5676191023381343,-20.136932228481243
CONDITIONAL,-3~-1%,1~2,BETWEEN_PREV_HIGH_LOW,PERSISTENCE,DOWN_PERSISTENT,219,43,2.208752723307502,1.8100706079880138,-18.050101811418738,-0.9388981446550695,-0.8853677294609305,5.701408134511218,0.7107404187903761,0.5676191023381343,-20.136932228481243
CONDITIONAL,-3~-1%,1~2,BETWEEN_PREV_HIGH_LOW,RETURN_5M,-0.2~-0.05%,219,58,2.208752723307502,2.014382893641347,-8.79998143817092,-0.9388981446550695,-0.8010399616720262,14.682975333143231,0.7107404187903761,0.7470220615732129,5.104767060326376
CONDITIONAL,-3~-1%,1~2,BETWEEN_PREV_HIGH_LOW,RETURN_10M,-0.2~0%,219,67,2.208752723307502,2.0470189749629975,-7.3224017626706495,-0.9388981446550695,-0.7423833459579142,20.930363939461238,0.7107404187903761,0.5045959983006438,-29.004178605822606
CONDITIONAL,-3~-1%,1~2,BETWEEN_PREV_HIGH_LOW,RANGE_10M,0.2~0.5%,219,162,2.208752723307502,2.252260648591275,1.969796112741044,-0.9388981446550695,-0.9155918934086507,2.4822981469391476,0.7107404187903761,0.7539024946720434,6.072832603937982
CONDITIONAL,-3~-1%,1~2,BETWEEN_PREV_HIGH_LOW,DIRECTION,UP_MIXED,219,53,2.208752723307502,2.306307472091565,4.416734736968623,-0.9388981446550695,-0.8835800168966029,5.8918135128267,0.7107404187903761,0.8485332880761368,19.38722853559859
CONDITIONAL,-3~-1%,1~2,BETWEEN_PREV_HIGH_LOW,PERSISTENCE,MIXED,219,130,2.208752723307502,2.273092524612326,2.9129472315252385,-0.9388981446550695,-0.8436206353583366,10.147800359296237,0.7107404187903761,0.7754865489716956,9.10967330259791
CONDITIONAL,-3~-1%,1~2,BETWEEN_PREV_HIGH_LOW,RETURN_5M,-0.05~0.05%,219,48,2.208752723307502,2.1365009731222337,-3.271156133633404,-0.9388981446550695,-1.0494370502097845,-11.773258492839453,0.7107404187903761,0.34627918334527424,-51.27909231128096
CONDITIONAL,-3~-1%,1~2,BETWEEN_PREV_HIGH_LOW,NIGHT_RETURN,-1~-0.5%,219,32,2.208752723307502,1.8565999750658133,-15.943511671798039,-0.9388981446550695,-1.4697959431047458,-56.544770215167105,0.7107404187903761,0.15545632042110183,-78.12755313878502
CONDITIONAL,-3~-1%,1~2,BETWEEN_PREV_HIGH_LOW,RETURN_5M,0.05~0.2%,219,61,2.208752723307502,2.6951235392975366,22.02015693552683,-0.9388981446550695,-0.8132468797480624,13.382843029599186,0.7107404187903761,1.1518270829699662,62.06016324923306
CONDITIONAL,-3~-1%,1~2,BETWEEN_PREV_HIGH_LOW,RETURN_10M,0~0.2%,219,46,2.208752723307502,1.7608602630949162,-20.278071668515622,-0.9388981446550695,-1.3170945697313012,-40.280878946157976,0.7107404187903761,0.34438154351832595,-51.546087092607436
CONDITIONAL,-3~-1%,1~2,BETWEEN_PREV_HIGH_LOW,NIGHT_RETURN,0~0.5%,219,59,2.208752723307502,2.635661088227678,19.328028910402473,-0.9388981446550695,-0.8253046386874449,12.098597341392807,0.7107404187903761,1.2721898246522034,78.99500169377869
CONDITIONAL,-3~-1%,1~2,BETWEEN_PREV_HIGH_LOW,RANGE_10M,0.5~1%,219,45,2.208752723307502,2.037924353558098,-7.734155478192071,-0.9388981446550695,-1.0038172603774407,-6.914393866037624,0.7107404187903761,0.5266475495799514,-25.901561856259157
CONDITIONAL,-3~-1%,1~2,BETWEEN_PREV_HIGH_LOW,DIRECTION,DOWN_MIXED,219,64,2.208752723307502,2.2012696137736962,-0.3387934491191078,-0.9388981446550695,-0.8552876011157512,8.905177203224207,0.7107404187903761,0.7066861075943066,-0.5704348717031723
CONDITIONAL,-3~-1%,1~2,BETWEEN_PREV_HIGH_LOW,NIGHT_RETURN,-2~-1%,219,32,2.208752723307502,1.7778762400748256,-19.50768316823892,-0.9388981446550695,-1.3754305814867716,-46.49412072191009,0.7107404187903761,0.12518524248105628,-82.38664367869896
CONDITIONAL,-3~-1%,1~2,BETWEEN_PREV_HIGH_LOW,RETURN_10M,-0.5~-0.2%,219,46,2.208752723307502,2.3471499483727847,6.265854190234545,-0.9388981446550695,-0.8977528739211383,4.382293326295476,0.7107404187903761,0.7563696679798173,6.41995980291913
CONDITIONAL,-3~-1%,1~2,BETWEEN_PREV_HIGH_LOW,RETURN_10M,0.2~0.5%,219,49,2.208752723307502,2.713937321327713,22.871940017971824,-0.9388981446550695,-0.860983886392546,8.298478243467773,0.7107404187903761,1.2712333765753154,78.86043103315468
CONDITIONAL,-3~-1%,1~2,BETWEEN_PREV_HIGH_LOW,DIRECTION,UP,219,43,2.208752723307502,2.5032557679929597,13.333454740214354,-0.9388981446550695,-1.1725910791425882,-24.890126348409428,0.7107404187903761,0.7241572544518496,1.887726560466049
CONDITIONAL,-3~-1%,1~2,BETWEEN_PREV_HIGH_LOW,PERSISTENCE,UP_PERSISTENT,219,43,2.208752723307502,2.5032557679929597,13.333454740214354,-0.9388981446550695,-1.1725910791425882,-24.890126348409428,0.7107404187903761,0.7241572544518496,1.887726560466049
CONDITIONAL,-3~-1%,1~2,BETWEEN_PREV_HIGH_LOW,RETURN_5M,0.2~0.5%,219,30,2.208752723307502,1.9431828594899625,-12.023521737637575,-0.9388981446550695,-1.3926755518947536,-48.33084502540921,0.7107404187903761,0.16991625611551578,-76.09306413096644
CONDITIONAL,-3~-1%,1~2,BETWEEN_PREV_HIGH_LOW,NIGHT_RETURN,-0.5~0%,219,55,2.208752723307502,2.1511959281942605,-2.605850555649926,-0.9388981446550695,-0.6185241063397613,34.1223422518325,0.7107404187903761,0.7427204675174832,4.499539899747737
CONDITIONAL,UNKNOWN,3~5,BETWEEN_PREV_HIGH_LOW,DIRECTION,DOWN,282,62,0.7305212858154903,0.7698946133754817,5.38975774210857,-0.4983232397184774,-0.5852867795089511,-17.45123102017134,0.17013597107101994,0.16922136376610059,-0.5375743290274381
CONDITIONAL,UNKNOWN,3~5,BETWEEN_PREV_HIGH_LOW,PERSISTENCE,DOWN_PERSISTENT,282,62,0.7305212858154903,0.7698946133754817,5.38975774210857,-0.4983232397184774,-0.5852867795089511,-17.45123102017134,0.17013597107101994,0.16922136376610059,-0.5375743290274381
CONDITIONAL,UNKNOWN,3~5,BETWEEN_PREV_HIGH_LOW,RETURN_5M,-0.2~-0.05%,282,82,0.7305212858154903,0.7547794595866191,3.320666247808113,-0.4983232397184774,-0.5194166592918679,-4.232878961315743,0.17013597107101994,0.04036391914013721,-76.27549372067352
CONDITIONAL,UNKNOWN,3~5,BETWEEN_PREV_HIGH_LOW,RETURN_10M,-0.2~0%,282,79,0.7305212858154903,0.7788179753260212,6.611263826024821,-0.4983232397184774,-0.44688170501600555,10.322925082027728,0.17013597107101994,0.18914998302251138,11.175774195072723
CONDITIONAL,UNKNOWN,3~5,BETWEEN_PREV_HIGH_LOW,RANGE_10M,0.2~0.5%,282,238,0.7305212858154903,0.6399194111369749,-12.402359306666238,-0.4983232397184774,-0.4752558332491717,4.629004756498495,0.17013597107101994,0.13329198605591153,-21.655611557727912
CONDITIONAL,UNKNOWN,3~5,BETWEEN_PREV_HIGH_LOW,NIGHT_RETURN,0.5~1%,282,46,0.7305212858154903,0.5193140926317233,-28.91184655187612,-0.4983232397184774,-0.5486095698919106,-10.09110676873948,0.17013597107101994,-0.01685256873908921,-109.90535313196905
CONDITIONAL,UNKNOWN,3~5,BETWEEN_PREV_HIGH_LOW,DIRECTION,UP_MIXED,282,73,0.7305212858154903,0.6148241347272871,-15.837615321372725,-0.4983232397184774,-0.5291222579955733,-6.180530190503557,0.17013597107101994,0.09576578428538293,-43.71220637086359
CONDITIONAL,UNKNOWN,3~5,BETWEEN_PREV_HIGH_LOW,PERSISTENCE,MIXED,282,165,0.7305212858154903,0.6416071970426719,-12.17132074030703,-0.4983232397184774,-0.46750376001959854,6.1846362445969865,0.17013597107101994,0.06708786337283704,-60.56808977518781
CONDITIONAL,UNKNOWN,3~5,BETWEEN_PREV_HIGH_LOW,RETURN_5M,-0.05~0.05%,282,72,0.7305212858154903,0.6801851756601072,-6.890437162168689,-0.4983232397184774,-0.5027238320635097,-0.8830798955951423,0.17013597107101994,0.10121443939896699,-40.50967660641441
CONDITIONAL,UNKNOWN,3~5,BETWEEN_PREV_HIGH_LOW,NIGHT_RETURN,-1~-0.5%,282,41,0.7305212858154903,0.583382830836425,-20.141569840064655,-0.4983232397184774,-0.5321204793899713,-6.78219215515361,0.17013597107101994,-0.016790771114416354,-109.86903063985649
CONDITIONAL,UNKNOWN,3~5,BETWEEN_PREV_HIGH_LOW,RETURN_5M,0.05~0.2%,282,73,0.7305212858154903,0.5374376727471656,-26.430935938133953,-0.4983232397184774,-0.4678586177773566,6.113425887649047,0.17013597107101994,0.15087108090106002,-11.323231676808758
CONDITIONAL,UNKNOWN,3~5,BETWEEN_PREV_HIGH_LOW,RETURN_10M,0~0.2%,282,68,0.7305212858154903,0.5954930488494865,-18.48381964876903,-0.4983232397184774,-0.5015982469494191,-0.6572053980046944,0.17013597107101994,0.07179785907875297,-57.799718291917024
CONDITIONAL,UNKNOWN,3~5,BETWEEN_PREV_HIGH_LOW,NIGHT_RETURN,0~0.5%,282,78,0.7305212858154903,0.6572288738052373,-10.032892050289224,-0.4983232397184774,-0.4513646182717699,9.423325605531929,0.17013597107101994,0.2162019965212543,27.076005832420353
CONDITIONAL,UNKNOWN,3~5,BETWEEN_PREV_HIGH_LOW,DIRECTION,DOWN_MIXED,282,74,0.7305212858154903,0.6783173043642706,-7.146127356568899,-0.4983232397184774,-0.4016994257211692,19.389786848370722,0.17013597107101994,0.07464233950762665,-56.12783173496646
CONDITIONAL,UNKNOWN,3~5,BETWEEN_PREV_HIGH_LOW,NIGHT_RETURN,-2~-1%,282,33,0.7305212858154903,0.2814009911281089,-61.47942618619561,-0.4983232397184774,-0.49302694586569296,1.0628229692391125,0.17013597107101994,-0.046229473370448214,-127.17207482899111
CONDITIONAL,UNKNOWN,3~5,BETWEEN_PREV_HIGH_LOW,RETURN_10M,-0.5~-0.2%,282,66,0.7305212858154903,0.7148288920232715,-2.148109041710009,-0.4983232397184774,-0.6345148379020906,-27.3299712573215,0.17013597107101994,-0.0386919955179009,-122.74180778722548
CONDITIONAL,UNKNOWN,3~5,BETWEEN_PREV_HIGH_LOW,RETURN_10M,0.2~0.5%,282,67,0.7305212858154903,0.8364603318128742,14.501842458857691,-0.4983232397184774,-0.424948249071622,14.724376629175046,0.17013597107101994,0.4678308592853173,174.97469014946313
CONDITIONAL,UNKNOWN,3~5,BETWEEN_PREV_HIGH_LOW,RANGE_10M,0.5~1%,282,38,0.7305212858154903,1.0765349975462535,47.36531548762521,-0.4983232397184774,-0.6143322489948053,-23.279871382652352,0.17013597107101994,0.3718751299825097,118.57525345259157
CONDITIONAL,UNKNOWN,3~5,BETWEEN_PREV_HIGH_LOW,DIRECTION,UP,282,54,0.7305212858154903,0.968359073968889,32.55727009896739,-0.4983232397184774,-0.49898717497626965,-0.13323385402762267,0.17013597107101994,0.49209383798360257,189.23562423973684
CONDITIONAL,UNKNOWN,3~5,BETWEEN_PREV_HIGH_LOW,PERSISTENCE,UP_PERSISTENT,282,54,0.7305212858154903,0.968359073968889,32.55727009896739,-0.4983232397184774,-0.49898717497626965,-0.13323385402762267,0.17013597107101994,0.49209383798360257,189.23562423973684
CONDITIONAL,UNKNOWN,3~5,BETWEEN_PREV_HIGH_LOW,NIGHT_RETURN,-0.5~0%,282,59,0.7305212858154903,1.229753300339549,68.33914688286733,-0.4983232397184774,-0.525714467326004,-5.496678746710868,0.17013597107101994,0.41866782961132637,146.07837306583548
CONDITIONAL,UNKNOWN,5~10,ABOVE_PREV_HIGH,DIRECTION,DOWN,268,59,0.6764823905571254,0.6651468713458034,-1.67565621360617,-0.9453045933772083,-0.9848850277486227,-4.187056177311996,-0.25585175177523073,-0.1511402134977754,40.92664503991587
CONDITIONAL,UNKNOWN,5~10,ABOVE_PREV_HIGH,PERSISTENCE,DOWN_PERSISTENT,268,59,0.6764823905571254,0.6651468713458034,-1.67565621360617,-0.9453045933772083,-0.9848850277486227,-4.187056177311996,-0.25585175177523073,-0.1511402134977754,40.92664503991587
CONDITIONAL,UNKNOWN,5~10,ABOVE_PREV_HIGH,RETURN_5M,-0.2~-0.05%,268,82,0.6764823905571254,0.7415781815566339,9.622688174617231,-0.9453045933772083,-1.0686306426083154,-13.04617052483695,-0.25585175177523073,-0.41794280682531887,-63.35350605396181
CONDITIONAL,UNKNOWN,5~10,ABOVE_PREV_HIGH,RETURN_10M,-0.2~0%,268,66,0.6764823905571254,0.5754161927509722,-14.939959889113878,-0.9453045933772083,-0.8844353326084299,6.439116153166678,-0.25585175177523073,-0.2808297343365078,-9.762677952356015
CONDITIONAL,UNKNOWN,5~10,ABOVE_PREV_HIGH,RANGE_10M,0.2~0.5%,268,205,0.6764823905571254,0.70415354923594,4.090447743366329,-0.9453045933772083,-0.9250779112740523,2.1396999702385777,-0.25585175177523073,-0.24582217630058054,3.9200730130084525
CONDITIONAL,UNKNOWN,5~10,ABOVE_PREV_HIGH,NIGHT_RETURN,0.5~1%,268,41,0.6764823905571254,0.983507928693538,45.38559206006203,-0.9453045933772083,-0.8254060590949868,12.683587398414131,-0.25585175177523073,-0.23461520555738233,8.300332544334111
CONDITIONAL,UNKNOWN,5~10,ABOVE_PREV_HIGH,DIRECTION,UP_MIXED,268,72,0.6764823905571254,0.846850083057397,25.1843499370269,-0.9453045933772083,-0.8227006642224677,12.969780324109514,-0.25585175177523073,-0.1680865935684267,34.30312968265581
CONDITIONAL,UNKNOWN,5~10,ABOVE_PREV_HIGH,PERSISTENCE,MIXED,268,153,0.6764823905571254,0.6844273558716498,1.1744526428812436,-0.9453045933772083,-0.9530657875780764,-0.8210257577550027,-0.25585175177523073,-0.2633993515920552,-2.9499895015200552
CONDITIONAL,UNKNOWN,5~10,ABOVE_PREV_HIGH,RETURN_5M,0.05~0.2%,268,78,0.6764823905571254,0.5172688906012158,-23.535498067405324,-0.9453045933772083,-0.877892929759864,7.131210838245106,-0.25585175177523073,-0.28952875860671173,-13.162703244286057
CONDITIONAL,UNKNOWN,5~10,ABOVE_PREV_HIGH,RETURN_10M,0~0.2%,268,62,0.6764823905571254,1.0075744346070457,48.94318738692448,-0.9453045933772083,-0.7113368293665229,24.750515934214278,-0.25585175177523073,-0.058248017242718164,77.2336844135076
CONDITIONAL,UNKNOWN,5~10,ABOVE_PREV_HIGH,NIGHT_RETURN,0~0.5%,268,88,0.6764823905571254,0.708938563315332,4.797785309899475,-0.9453045933772083,-1.083300622160072,-14.598049110272196,-0.25585175177523073,-0.16697654968249986,34.736991822830646
CONDITIONAL,UNKNOWN,5~10,ABOVE_PREV_HIGH,RANGE_10M,0.5~1%,268,57,0.6764823905571254,0.6223913555490425,-7.995926540458155,-0.9453045933772083,-0.9884500182849301,-4.564182297430698,-0.25585175177523073,-0.2607074798002529,-1.8978678048247166
CONDITIONAL,UNKNOWN,5~10,ABOVE_PREV_HIGH,DIRECTION,DOWN_MIXED,268,70,0.6764823905571254,0.5680296237509536,-16.03186842999036,-0.9453045933772083,-1.0619270591589127,-12.337025187305754,-0.25585175177523073,-0.2850798576113774,-11.42384432912695
CONDITIONAL,UNKNOWN,5~10,ABOVE_PREV_HIGH,RETURN_10M,-0.5~-0.2%,268,65,0.6764823905571254,0.4931123156636283,-27.106407713359758,-0.9453045933772083,-1.182276939860937,-25.0683587220409,-0.25585175177523073,-0.37652093345305954,-47.16371134477841
CONDITIONAL,UNKNOWN,5~10,ABOVE_PREV_HIGH,DIRECTION,UP,268,55,0.6764823905571254,0.6251621991748766,-7.586330715864382,-0.9453045933772083,-0.8571516740992194,9.325345491346077,-0.25585175177523073,-0.4055128171406398,-58.49522793062146
CONDITIONAL,UNKNOWN,5~10,ABOVE_PREV_HIGH,PERSISTENCE,UP_PERSISTENT,268,55,0.6764823905571254,0.6251621991748766,-7.586330715864382,-0.9453045933772083,-0.8571516740992194,9.325345491346077,-0.25585175177523073,-0.4055128171406398,-58.49522793062146
CONDITIONAL,UNKNOWN,5~10,ABOVE_PREV_HIGH,RETURN_10M,0.2~0.5%,268,61,0.6764823905571254,0.6534197190259902,-3.4092050071165536,-0.9453045933772083,-1.0790449323646685,-14.147856672277195,-0.25585175177523073,-0.35115193412060897,-37.24820396348146
CONDITIONAL,UNKNOWN,5~10,ABOVE_PREV_HIGH,NIGHT_RETURN,1~2%,268,36,0.6764823905571254,0.494473781359127,-26.90515107837515,-0.9453045933772083,-0.7590652621572143,19.701515524708583,-0.25585175177523073,-0.08991317693105141,64.85731432081757
CONDITIONAL,UNKNOWN,5~10,ABOVE_PREV_HIGH,RETURN_5M,-0.05~0.05%,268,52,0.6764823905571254,0.6850539598734982,1.2670794444942588,-0.9453045933772083,-1.0010194304462283,-5.8938502424887655,-0.25585175177523073,-0.3659264347133498,-43.02283731667438
CONDITIONAL,UNKNOWN,5~10,ABOVE_PREV_HIGH,NIGHT_RETURN,-0.5~0%,268,53,0.6764823905571254,0.47358770940119355,-29.992603501302597,-0.9453045933772083,-0.7898197688644881,16.448119008629053,-0.25585175177523073,-0.3424261706542449,-33.837727620904076
CONDITIONAL,-5~-3%,2~3,BETWEEN_PREV_HIGH_LOW,RANGE_10M,0.2~0.5%,73,51,5.012644710568582,4.775975044348241,-4.721453042968507,-2.0775051015825596,-1.663090452082017,19.947707911035135,1.6594035934738143,2.2527012645522815,35.75366917438398
CONDITIONAL,-5~-3%,2~3,BETWEEN_PREV_HIGH_LOW,PERSISTENCE,MIXED,73,45,5.012644710568582,4.340583110639345,-13.407325648120885,-2.0775051015825596,-2.4717022655002445,-18.974546133119066,1.6594035934738143,1.0545408093560231,-36.45061312971877
CONDITIONAL,3~5%,2~3,ABOVE_PREV_HIGH,RANGE_10M,0.2~0.5%,57,37,3.4059517761737994,3.973774408725396,16.6714818607761,-3.3391129734870866,-3.2593890632121205,2.3875775066007776,-1.4480907422483007,-1.5432957514080614,-6.574519564426311
CONDITIONAL,UNKNOWN,>=10,BELOW_PREV_LOW,DIRECTION,DOWN,478,87,1.5589975228612423,1.8683728535015431,19.84450431149509,-0.7215367646996362,-0.5267690941062765,26.993450662827733,0.5615360600013926,0.81635197269231,45.37837030275233
CONDITIONAL,UNKNOWN,>=10,BELOW_PREV_LOW,PERSISTENCE,DOWN_PERSISTENT,478,87,1.5589975228612423,1.8683728535015431,19.84450431149509,-0.7215367646996362,-0.5267690941062765,26.993450662827733,0.5615360600013926,0.81635197269231,45.37837030275233
CONDITIONAL,UNKNOWN,>=10,BELOW_PREV_LOW,RETURN_5M,-0.2~-0.05%,478,135,1.5589975228612423,1.7026679252448294,9.215563224238323,-0.7215367646996362,-0.6019049267716395,16.58014446121778,0.5615360600013926,0.7922573056052877,41.087520826947966
CONDITIONAL,UNKNOWN,>=10,BELOW_PREV_LOW,RETURN_10M,-0.2~0%,478,113,1.5589975228612423,1.7221448482578212,10.464886762433926,-0.7215367646996362,-1.021550652583655,-41.57984770310486,0.5615360600013926,0.3489506424930895,-37.85783899751262
CONDITIONAL,UNKNOWN,>=10,BELOW_PREV_LOW,RANGE_10M,0.2~0.5%,478,337,1.5589975228612423,1.5073730398495084,-3.311389675397749,-0.7215367646996362,-0.5774991454477854,19.962616778344113,0.5615360600013926,0.6171287120947541,9.900103671565391
CONDITIONAL,UNKNOWN,>=10,BELOW_PREV_LOW,NIGHT_RETURN,0.5~1%,478,70,1.5589975228612423,1.471207279547543,-5.631198383983125,-0.7215367646996362,-0.5484262222112603,23.991922651431217,0.5615360600013926,0.9646567004348375,71.788914220833
CONDITIONAL,UNKNOWN,>=10,BELOW_PREV_LOW,DIRECTION,UP_MIXED,478,97,1.5589975228612423,1.3522904356663286,-13.258974704176715,-0.7215367646996362,-0.6945271435563667,3.743346488312789,0.5615360600013926,0.5131741698319828,-8.612428232888515
CONDITIONAL,UNKNOWN,>=10,BELOW_PREV_LOW,PERSISTENCE,MIXED,478,273,1.5589975228612423,1.4526621420393744,-6.820753674239944,-0.7215367646996362,-0.7948525278947636,-10.16105717435583,0.5615360600013926,0.48083884926083525,-14.370797619009041
CONDITIONAL,UNKNOWN,>=10,BELOW_PREV_LOW,RETURN_5M,-0.05~0.05%,478,112,1.5589975228612423,1.369763100563764,-12.138211865159002,-0.7215367646996362,-0.7150917368586199,0.8932362363682552,0.5615360600013926,0.4989959880872984,-11.137320711681289
CONDITIONAL,UNKNOWN,>=10,BELOW_PREV_LOW,NIGHT_RETURN,-1~-0.5%,478,52,1.5589975228612423,1.2968151462339217,-16.81736967395143,-0.7215367646996362,-0.6609656840082766,8.39473241763008,0.5615360600013926,0.5309335555932788,-5.449784366125632
CONDITIONAL,UNKNOWN,>=10,BELOW_PREV_LOW,RETURN_5M,0.05~0.2%,478,120,1.5589975228612423,1.4716432980735636,-5.6032305059315695,-0.7215367646996362,-0.8626806909639164,-19.561570964860824,0.5615360600013926,0.376979175598991,-32.8664350428259
CONDITIONAL,UNKNOWN,>=10,BELOW_PREV_LOW,RETURN_10M,0~0.2%,478,119,1.5589975228612423,1.3297528385798323,-14.704621458325034,-0.7215367646996362,-0.6330036758570702,12.270073151355069,0.5615360600013926,0.5877869201930269,4.674830711952722
CONDITIONAL,UNKNOWN,>=10,BELOW_PREV_LOW,RANGE_10M,0.5~1%,478,86,1.5589975228612423,1.3641252408047964,-12.49984552244798,-0.7215367646996362,-0.7283058110508628,-0.9381429585288547,0.5615360600013926,0.5991533211943605,6.698992971684604
CONDITIONAL,UNKNOWN,>=10,BELOW_PREV_LOW,NIGHT_RETURN,0~0.5%,478,127,1.5589975228612423,1.534705649164618,-1.558172693696211,-0.7215367646996362,-0.46045368934138037,36.18430662600268,0.5615360600013926,0.7095003488286522,26.349917550600882
CONDITIONAL,UNKNOWN,>=10,BELOW_PREV_LOW,DIRECTION,DOWN_MIXED,478,156,1.5589975228612423,1.5414388410725224,-1.1262802878925864,-0.7215367646996362,-0.8989157435710143,-24.58349838143286,0.5615360600013926,0.42772929811833255,-23.828703339680125
CONDITIONAL,UNKNOWN,>=10,BELOW_PREV_LOW,NIGHT_RETURN,-2~-1%,478,66,1.5589975228612423,1.1951451192684164,-23.338869899231415,-0.7215367646996362,-0.9272327378777818,-28.508037738558397,0.5615360600013926,0.1736783874780276,-69.07083981791003
CONDITIONAL,UNKNOWN,>=10,BELOW_PREV_LOW,RETURN_10M,-0.5~-0.2%,478,108,1.5589975228612423,1.442875722147991,-7.448491675607784,-0.7215367646996362,-0.5180234571017412,28.205535400904235,0.5615360600013926,0.6962334207293487,23.987303812264894
CONDITIONAL,UNKNOWN,>=10,BELOW_PREV_LOW,RETURN_5M,-0.5~-0.2%,478,41,1.5589975228612423,1.8289441084151719,17.315395412463143,-0.7215367646996362,-0.4174504341315011,42.14426006341079,0.5615360600013926,0.8100406676187003,44.254434455498995
CONDITIONAL,UNKNOWN,>=10,BELOW_PREV_LOW,RETURN_10M,0.2~0.5%,478,98,1.5589975228612423,1.4836870891858527,-4.830696173087669,-0.7215367646996362,-0.4861515464608331,32.62276154934255,0.5615360600013926,0.7091688615617705,26.29088531910343
CONDITIONAL,UNKNOWN,>=10,BELOW_PREV_LOW,DIRECTION,UP,478,118,1.5589975228612423,1.5769119736973727,1.149100660740747,-0.7215367646996362,-0.6955162900331304,3.606257635026775,0.5615360600013926,0.5603610949849729,-0.20924124025387744
CONDITIONAL,UNKNOWN,>=10,BELOW_PREV_LOW,PERSISTENCE,UP_PERSISTENT,478,118,1.5589975228612423,1.5769119736973727,1.149100660740747,-0.7215367646996362,-0.6955162900331304,3.606257635026775,0.5615360600013926,0.5603610949849729,-0.20924124025387744
CONDITIONAL,UNKNOWN,>=10,BELOW_PREV_LOW,RETURN_5M,0.2~0.5%,478,67,1.5589975228612423,1.5919804356947842,2.1156488288068664,-0.7215367646996362,-0.9111819157742812,-26.28350492349355,0.5615360600013926,0.3940308233851919,-29.829827244894165
CONDITIONAL,UNKNOWN,>=10,BELOW_PREV_LOW,NIGHT_RETURN,-0.5~0%,478,90,1.5589975228612423,1.6248596413399743,4.224645486148989,-0.7215367646996362,-0.5268053684962717,26.988423283521524,0.5615360600013926,0.6100388162787105,8.637514085417354
CONDITIONAL,UNKNOWN,>=10,BELOW_PREV_LOW,RANGE_10M,1~2%,478,33,1.5589975228612423,2.480488669784883,59.107928871652064,-0.7215367646996362,-1.04990566220253,-45.50965571928802,0.5615360600013926,0.629549436898381,12.112023027839001
CONDITIONAL,UNKNOWN,>=10,BELOW_PREV_LOW,NIGHT_RETURN,<-2%,478,50,1.5589975228612423,2.2517021323573427,44.43269468605527,-0.7215367646996362,-1.996722707620471,-176.73194289021066,0.5615360600013926,-0.11321057565306529,-120.16087366727339
CONDITIONAL,1~3%,<1,ABOVE_PREV_HIGH,RANGE_10M,0.2~0.5%,87,68,0.6885476173890053,0.7495907143771806,8.865486633974964,-1.5056628777301464,-1.378099404525146,8.472246682292385,-0.62796331514977,-0.5185251711119964,17.427474089258304
CONDITIONAL,1~3%,<1,ABOVE_PREV_HIGH,PERSISTENCE,MIXED,87,41,0.6885476173890053,0.6102937577607768,-11.365061420874516,-1.5056628777301464,-1.431518555380854,4.924364108721881,-0.62796331514977,-0.7169702421171659,-14.173905516465975
CONDITIONAL,0~1%,<1,BETWEEN_PREV_HIGH_LOW,DIRECTION,DOWN,717,136,0.48840141242324253,0.4199075996087979,-14.024081641084349,-0.35372369953444643,-0.36681659054529875,-3.7014457974075605,0.02443172200769512,0.004771927943119941,-80.46831106863056
CONDITIONAL,0~1%,<1,BETWEEN_PREV_HIGH_LOW,PERSISTENCE,DOWN_PERSISTENT,717,136,0.48840141242324253,0.4199075996087979,-14.024081641084349,-0.35372369953444643,-0.36681659054529875,-3.7014457974075605,0.02443172200769512,0.004771927943119941,-80.46831106863056
CONDITIONAL,0~1%,<1,BETWEEN_PREV_HIGH_LOW,RETURN_5M,-0.2~-0.05%,717,195,0.48840141242324253,0.6190745165925579,26.755267459397857,-0.35372369953444643,-0.39925385792638846,-12.871673131279174,0.02443172200769512,0.024378713901739676,-0.2169642644867476
CONDITIONAL,0~1%,<1,BETWEEN_PREV_HIGH_LOW,RETURN_10M,-0.2~0%,717,173,0.48840141242324253,0.4429826656418452,-9.299470809482022,-0.35372369953444643,-0.40043532632668727,-13.205681964120686,0.02443172200769512,-0.027569572196831905,-212.84334435431313
CONDITIONAL,0~1%,<1,BETWEEN_PREV_HIGH_LOW,RANGE_10M,0.2~0.5%,717,565,0.48840141242324253,0.5068185517028472,3.7709021331913313,-0.35372369953444643,-0.3187373906755388,9.890858007239796,0.02443172200769512,0.06337308585455405,159.38853525999434
CONDITIONAL,0~1%,<1,BETWEEN_PREV_HIGH_LOW,NIGHT_RETURN,0.5~1%,717,112,0.48840141242324253,0.4374586222721707,-10.430516549556055,-0.35372369953444643,-0.3164163828110286,10.54702208885633,0.02443172200769512,0.06642739956957382,171.8899615371015
CONDITIONAL,0~1%,<1,BETWEEN_PREV_HIGH_LOW,DIRECTION,UP_MIXED,717,203,0.48840141242324253,0.4522865508778598,-7.394503911484607,-0.35372369953444643,-0.3316066570438891,6.252632356742481,0.02443172200769512,0.037218449515102926,52.33657907281544
CONDITIONAL,0~1%,<1,BETWEEN_PREV_HIGH_LOW,PERSISTENCE,MIXED,717,432,0.48840141242324253,0.5005647884153697,2.4904465226211316,-0.35372369953444643,-0.3781223575228615,-6.897659959037905,0.02443172200769512,0.006518650530827403,-73.3189067525643
CONDITIONAL,0~1%,<1,BETWEEN_PREV_HIGH_LOW,RETURN_5M,-0.05~0.05%,717,154,0.48840141242324253,0.4138680792274245,-15.260671099621709,-0.35372369953444643,-0.3742676005454358,-5.807894986405551,0.02443172200769512,-0.0335705177456464,-237.4054507294774
CONDITIONAL,0~1%,<1,BETWEEN_PREV_HIGH_LOW,NIGHT_RETURN,-1~-0.5%,717,85,0.48840141242324253,0.2181380632979132,-55.33631604061016,-0.35372369953444643,-0.23556024190575633,33.40558118786244,0.02443172200769512,-0.01096774842213149,-144.89142606762243
CONDITIONAL,0~1%,<1,BETWEEN_PREV_HIGH_LOW,RETURN_5M,0.05~0.2%,717,205,0.48840141242324253,0.4640280470553718,-4.99043711748095,-0.35372369953444643,-0.28383078140109674,19.759184421439468,0.02443172200769512,0.07246445373298147,196.5998618933113
CONDITIONAL,0~1%,<1,BETWEEN_PREV_HIGH_LOW,RETURN_10M,0~0.2%,717,195,0.48840141242324253,0.6325082926779747,29.505827909001,-0.35372369953444643,-0.2837908932561239,19.770461060529627,0.02443172200769512,0.11497501481689718,370.5972619559283
CONDITIONAL,0~1%,<1,BETWEEN_PREV_HIGH_LOW,NIGHT_RETURN,0~0.5%,717,216,0.48840141242324253,0.5711519297289114,16.94313636299608,-0.35372369953444643,-0.31777170001570226,10.163865063625199,0.02443172200769512,0.04104635845206297,68.0043610480458
CONDITIONAL,0~1%,<1,BETWEEN_PREV_HIGH_LOW,RANGE_10M,0.5~1%,717,134,0.48840141242324253,0.4439178598302735,-9.107990161670571,-0.35372369953444643,-0.416611361536352,-17.778752762304354,0.02443172200769512,-0.06658467919649931,-372.53371324185633
CONDITIONAL,0~1%,<1,BETWEEN_PREV_HIGH_LOW,DIRECTION,DOWN_MIXED,717,186,0.48840141242324253,0.5595397507796072,14.565547221373928,-0.35372369953444643,-0.4631488563230223,-30.935206471207838,0.02443172200769512,-0.0698801080025326,-386.02203307864613
CONDITIONAL,0~1%,<1,BETWEEN_PREV_HIGH_LOW,NIGHT_RETURN,-2~-1%,717,54,0.48840141242324253,0.31861762740332733,-34.76316421312531,-0.35372369953444643,-0.37149950190579833,-5.0253354227459255,0.02443172200769512,-0.003713836609830009,-115.20087944951356
CONDITIONAL,0~1%,<1,BETWEEN_PREV_HIGH_LOW,RETURN_10M,-0.5~-0.2%,717,152,0.48840141242324253,0.4295497626309805,-12.04985249740882,-0.35372369953444643,-0.3958476863585613,-11.908726183616306,0.02443172200769512,-0.007215383829183972,-129.53285006644796
CONDITIONAL,0~1%,<1,BETWEEN_PREV_HIGH_LOW,DIRECTION,FLAT_MIXED,717,45,0.48840141242324253,0.46328968799257136,-5.141615849568769,-0.35372369953444643,-0.21971155097521258,37.88610962047892,0.02443172200769512,0.18352026369383587,651.1556640830865
CONDITIONAL,0~1%,<1,BETWEEN_PREV_HIGH_LOW,NIGHT_RETURN,1~2%,717,49,0.48840141242324253,0.7670274823567402,57.048579886588016,-0.35372369953444643,-0.4814848404575438,-36.118908936904774,0.02443172200769512,0.07706405025093192,215.4261915171575
CONDITIONAL,0~1%,<1,BETWEEN_PREV_HIGH_LOW,RETURN_5M,-0.5~-0.2%,717,73,0.48840141242324253,0.29356317514686253,-39.89305360721104,-0.35372369953444643,-0.38303709303314865,-8.28708778554647,0.02443172200769512,-0.02382193150967837,-197.50410348552307
CONDITIONAL,0~1%,<1,BETWEEN_PREV_HIGH_LOW,RETURN_10M,0.2~0.5%,717,159,0.48840141242324253,0.4330591580217119,-11.33130515060258,-0.35372369953444643,-0.3043785744677198,13.950189125487553,0.02443172200769512,0.03752500103277418,53.591306502894675
CONDITIONAL,0~1%,<1,BETWEEN_PREV_HIGH_LOW,DIRECTION,UP,717,147,0.48840141242324253,0.5193182294407488,6.330206307985477,-0.35372369953444643,-0.27472093742966924,22.33459680783524,0.02443172200769512,0.09559527516963022,291.27522464245914
CONDITIONAL,0~1%,<1,BETWEEN_PREV_HIGH_LOW,PERSISTENCE,UP_PERSISTENT,717,147,0.48840141242324253,0.5193182294407488,6.330206307985477,-0.35372369953444643,-0.27472093742966924,22.33459680783524,0.02443172200769512,0.09559527516963022,291.27522464245914
CONDITIONAL,0~1%,<1,BETWEEN_PREV_HIGH_LOW,RETURN_5M,0.2~0.5%,717,87,0.48840141242324253,0.5614598096528465,14.958678531890168,-0.35372369953444643,-0.36759956101046737,-3.9227966614291474,0.02443172200769512,0.055371760763828014,126.63879666929697
CONDITIONAL,0~1%,<1,BETWEEN_PREV_HIGH_LOW,NIGHT_RETURN,-0.5~0%,717,189,0.48840141242324253,0.5237008438962762,7.22754492004697,-0.35372369953444643,-0.4148553261118997,-17.282310079282688,0.02443172200769512,0.00417035579566799,-82.93056955070756
CONDITIONAL,<-5%,>=10,BETWEEN_PREV_HIGH_LOW,DIRECTION,DOWN,393,59,7.112181851404869,7.627958837396036,7.252021907866224,-4.766894652323983,-5.716104049258588,-19.91253145214445,-0.04143529660674715,-1.4513077521655704,-3402.588061428877
CONDITIONAL,<-5%,>=10,BETWEEN_PREV_HIGH_LOW,PERSISTENCE,DOWN_PERSISTENT,393,59,7.112181851404869,7.627958837396036,7.252021907866224,-4.766894652323983,-5.716104049258588,-19.91253145214445,-0.04143529660674715,-1.4513077521655704,-3402.588061428877
CONDITIONAL,<-5%,>=10,BETWEEN_PREV_HIGH_LOW,RETURN_5M,-0.2~-0.05%,393,91,7.112181851404869,7.2114685656172295,1.396009217519494,-4.766894652323983,-5.50507379965133,-15.485535157934866,-0.04143529660674715,-1.1395800494104986,-2650.264008548051
CONDITIONAL,<-5%,>=10,BETWEEN_PREV_HIGH_LOW,RETURN_10M,-0.2~0%,393,100,7.112181851404869,7.012432396268793,-1.4025155320848846,-4.766894652323983,-4.490265888701888,5.803123076932933,-0.04143529660674715,-0.46916916336729797,-1032.2934835487588
CONDITIONAL,<-5%,>=10,BETWEEN_PREV_HIGH_LOW,RANGE_10M,0.2~0.5%,393,255,7.112181851404869,7.432829201662327,4.508424516649844,-4.766894652323983,-5.305584559773092,-11.300646369151126,-0.04143529660674715,-0.4651504407822789,-1022.5946931113214
CONDITIONAL,<-5%,>=10,BETWEEN_PREV_HIGH_LOW,NIGHT_RETURN,0.5~1%,393,30,7.112181851404869,8.714459442532151,22.528636424148583,-4.766894652323983,-5.519868049251405,-15.79588918669156,-0.04143529660674715,0.9291502919518572,2342.4125517193916
CONDITIONAL,<-5%,>=10,BETWEEN_PREV_HIGH_LOW,DIRECTION,UP_MIXED,393,86,7.112181851404869,7.740406155108089,8.833074249628856,-4.766894652323983,-5.169805703183474,-8.4522751234509,-0.04143529660674715,0.3905543561742996,1042.5644031970157
CONDITIONAL,<-5%,>=10,BETWEEN_PREV_HIGH_LOW,PERSISTENCE,MIXED,393,253,7.112181851404869,6.858403165270461,-3.568225495869157,-4.766894652323983,-4.474318322891492,6.137671393468975,-0.04143529660674715,0.3901722781227535,1041.6422955186943
CONDITIONAL,<-5%,>=10,BETWEEN_PREV_HIGH_LOW,RETURN_5M,0.05~0.2%,393,104,7.112181851404869,7.31498920934265,2.851549105113506,-4.766894652323983,-4.581094310003927,3.8977228546360645,-0.04143529660674715,0.26677448280013755,743.8338919883516
CONDITIONAL,<-5%,>=10,BETWEEN_PREV_HIGH_LOW,RETURN_10M,0~0.2%,393,108,7.112181851404869,7.163651318485263,0.7236804141928281,-4.766894652323983,-5.159079378272058,-8.227258090481929,-0.04143529660674715,-0.4197382361167276,-912.996817907125
CONDITIONAL,<-5%,>=10,BETWEEN_PREV_HIGH_LOW,NIGHT_RETURN,0~0.5%,393,104,7.112181851404869,7.770406771993543,9.254894409915225,-4.766894652323983,-5.384225683824904,-12.950381255015914,-0.04143529660674715,-0.7534063690731997,-1718.2719342487296
CONDITIONAL,<-5%,>=10,BETWEEN_PREV_HIGH_LOW,RANGE_10M,0.5~1%,393,57,7.112181851404869,7.535129923090496,5.946811829650871,-4.766894652323983,-5.192040542950632,-8.918717983821605,-0.04143529660674715,-0.4176792129576546,-908.0275686735193
CONDITIONAL,<-5%,>=10,BETWEEN_PREV_HIGH_LOW,DIRECTION,DOWN_MIXED,393,158,7.112181851404869,6.402492835274275,-9.978499298220404,-4.766894652323983,-4.132459238444634,13.309197289897016,-0.04143529660674715,0.37612599217113946,1007.7429703010566
CONDITIONAL,<-5%,>=10,BETWEEN_PREV_HIGH_LOW,NIGHT_RETURN,-2~-1%,393,47,7.112181851404869,7.707493129401897,8.37030450619645,-4.766894652323983,-4.194097722488858,12.01614408566532,-0.04143529660674715,1.719504367907343,4249.854130952078
CONDITIONAL,<-5%,>=10,BETWEEN_PREV_HIGH_LOW,RETURN_10M,-0.5~-0.2%,393,73,7.112181851404869,7.903320164831824,11.123707604167647,-4.766894652323983,-5.965293359111474,-25.140029184476333,-0.04143529660674715,-0.2030530011568669,-390.04838334812985
CONDITIONAL,<-5%,>=10,BETWEEN_PREV_HIGH_LOW,RETURN_5M,-0.05~0.05%,393,75,7.112181851404869,7.16971882170443,0.8089918326286345,-4.766894652323983,-5.483932674509969,-15.04203626225328,-0.04143529660674715,-0.3613124915098347,-771.9920480815385
CONDITIONAL,<-5%,>=10,BETWEEN_PREV_HIGH_LOW,RETURN_5M,-0.5~-0.2%,393,33,7.112181851404869,8.736622361588626,22.84025555199888,-4.766894652323983,-4.202093005558079,11.848418896577645,-0.04143529660674715,1.6221191603537968,4014.8245413782256
CONDITIONAL,<-5%,>=10,BETWEEN_PREV_HIGH_LOW,RETURN_10M,0.2~0.5%,393,54,7.112181851404869,7.7407298589822044,8.837625650041254,-4.766894652323983,-5.067935409225455,-6.315238302040231,-0.04143529660674715,-0.5018000492059547,-1111.0449068783635
CONDITIONAL,<-5%,>=10,BETWEEN_PREV_HIGH_LOW,DIRECTION,UP,393,78,7.112181851404869,7.386685166592799,3.859621715573928,-4.766894652323983,-4.973664539349097,-4.337622332901958,-0.04143529660674715,-0.25020317601183917,-503.84067812150556
CONDITIONAL,<-5%,>=10,BETWEEN_PREV_HIGH_LOW,PERSISTENCE,UP_PERSISTENT,393,78,7.112181851404869,7.386685166592799,3.859621715573928,-4.766894652323983,-4.973664539349097,-4.337622332901958,-0.04143529660674715,-0.25020317601183917,-503.84067812150556
CONDITIONAL,<-5%,>=10,BETWEEN_PREV_HIGH_LOW,RETURN_5M,0.2~0.5%,393,56,7.112181851404869,7.83884788658009,10.217202686285116,-4.766894652323983,-4.56204907149708,4.29725420357329,-0.04143529660674715,0.09323825051982605,325.0213179471811
CONDITIONAL,<-5%,>=10,BETWEEN_PREV_HIGH_LOW,NIGHT_RETURN,-0.5~0%,393,92,7.112181851404869,7.805441946432226,9.747502377071775,-4.766894652323983,-6.014703479809693,-26.1765555669952,-0.04143529660674715,-1.3496254283848053,-3157.1878058308334
CONDITIONAL,<-5%,>=10,BETWEEN_PREV_HIGH_LOW,RANGE_10M,1~2%,393,51,7.112181851404869,5.6340308437564195,-20.783369133854055,-4.766894652323983,-2.425058871980921,49.12707225869481,-0.04143529660674715,2.5081557913547115,6153.186526354668
CONDITIONAL,<-5%,>=10,BETWEEN_PREV_HIGH_LOW,NIGHT_RETURN,<-2%,393,78,7.112181851404869,5.579010370143564,-21.55697805953116,-4.766894652323983,-2.732061465721502,42.68676643840761,-0.04143529660674715,1.527718660231223,3786.9982486922895
CONDITIONAL,<-5%,>=10,BETWEEN_PREV_HIGH_LOW,RETURN_5M,<-0.5%,393,32,7.112181851404869,2.9272835209749273,-58.84127287329272,-4.766894652323983,-2.757255653723958,42.15824231861878,-0.04143529660674715,0.6051162785252244,1560.3884322785077
CONDITIONAL,<-5%,>=10,BETWEEN_PREV_HIGH_LOW,RETURN_10M,-1~-0.5%,393,44,7.112181851404869,4.112809391846273,-42.17232520518482,-4.766894652323983,-2.6262777094133636,44.90589994194678,-0.04143529660674715,1.4206746224926872,3528.658025489675
CONDITIONAL,UNKNOWN,5~10,BELOW_PREV_LOW,DIRECTION,DOWN,226,47,1.0197501898219044,0.9215125517364537,-9.633500348022238,-0.5243482993084976,-0.5152766146426854,1.7300875539742961,0.42261235923629487,0.32182163245024126,-23.849450822544114
CONDITIONAL,UNKNOWN,5~10,BELOW_PREV_LOW,PERSISTENCE,DOWN_PERSISTENT,226,47,1.0197501898219044,0.9215125517364537,-9.633500348022238,-0.5243482993084976,-0.5152766146426854,1.7300875539742961,0.42261235923629487,0.32182163245024126,-23.849450822544114
CONDITIONAL,UNKNOWN,5~10,BELOW_PREV_LOW,RETURN_5M,-0.2~-0.05%,226,61,1.0197501898219044,1.3263501172064467,30.06617997669497,-0.5243482993084976,-0.5149834390573528,1.7859999285770614,0.42261235923629487,0.8067743719762702,90.90174585385923
CONDITIONAL,UNKNOWN,5~10,BELOW_PREV_LOW,RETURN_10M,-0.2~0%,226,55,1.0197501898219044,0.924456144685521,-9.344842108146716,-0.5243482993084976,-0.45840728604757564,12.575803783073948,0.42261235923629487,0.39458228103731574,-6.632574174979745
CONDITIONAL,UNKNOWN,5~10,BELOW_PREV_LOW,RANGE_10M,0.2~0.5%,226,168,1.0197501898219044,0.9075671734088308,-11.0010292258603,-0.5243482993084976,-0.4174804381757028,20.381082817228638,0.42261235923629487,0.40787293248462686,-3.4876942023900357
CONDITIONAL,UNKNOWN,5~10,BELOW_PREV_LOW,DIRECTION,UP_MIXED,226,60,1.0197501898219044,0.8273362738723075,-18.868730584222916,-0.5243482993084976,-0.5929530878584099,-13.08382017075049,0.42261235923629487,0.21221827526822334,-49.78417676858193
CONDITIONAL,UNKNOWN,5~10,BELOW_PREV_LOW,PERSISTENCE,MIXED,226,134,1.0197501898219044,1.0814458963888307,6.050080419960627,-0.5243482993084976,-0.5299575464688154,-1.0697559556720682,0.42261235923629487,0.5132632843787631,21.450135842284414
CONDITIONAL,UNKNOWN,5~10,BELOW_PREV_LOW,RETURN_5M,-0.05~0.05%,226,60,1.0197501898219044,1.0561117619239742,3.5657333006645695,-0.5243482993084976,-0.5305480378673149,-1.182370299854772,0.42261235923629487,0.3576292298897196,-15.376533110391428
CONDITIONAL,UNKNOWN,5~10,BELOW_PREV_LOW,RETURN_5M,0.05~0.2%,226,50,1.0197501898219044,0.9267666184639068,-9.118269580732978,-0.5243482993084976,-0.39869678362682703,23.963368594382363,0.42261235923629487,0.4386956791112185,3.80569084727855
CONDITIONAL,UNKNOWN,5~10,BELOW_PREV_LOW,RETURN_10M,0~0.2%,226,49,1.0197501898219044,0.832807720907095,-18.332182801305308,-0.5243482993084976,-0.5508647707868182,-5.057033943523819,0.42261235923629487,0.37402223883054425,-11.49756256384884
CONDITIONAL,UNKNOWN,5~10,BELOW_PREV_LOW,RANGE_10M,0.5~1%,226,43,1.0197501898219044,1.494014826730833,46.5079233759944,-0.5243482993084976,-0.533292974823711,-1.7058652668482923,0.42261235923629487,0.833169978650657,97.14756571631817
CONDITIONAL,UNKNOWN,5~10,BELOW_PREV_LOW,NIGHT_RETURN,0~0.5%,226,56,1.0197501898219044,1.015766458386482,-0.39065758213960655,-0.5243482993084976,-0.5141514310415823,1.9446746142521505,0.42261235923629487,0.3511034589178009,-16.9206836372978
CONDITIONAL,UNKNOWN,5~10,BELOW_PREV_LOW,DIRECTION,DOWN_MIXED,226,63,1.0197501898219044,1.2173003027657672,19.372402664456892,-0.5243482993084976,-0.47485670672614494,9.438686584398459,0.42261235923629487,0.7314407851147445,73.07605164139905
CONDITIONAL,UNKNOWN,5~10,BELOW_PREV_LOW,NIGHT_RETURN,-2~-1%,226,30,1.0197501898219044,0.7914730766236892,-22.38559163574002,-0.5243482993084976,-0.42832506387581476,18.312872485581963,0.42261235923629487,0.36312823299541724,-14.075339951811092
CONDITIONAL,UNKNOWN,5~10,BELOW_PREV_LOW,RETURN_10M,-0.5~-0.2%,226,61,1.0197501898219044,1.2433946298711092,21.931296731434145,-0.5243482993084976,-0.36463857739364125,30.45870886307423,0.42261235923629487,0.6727745992984685,59.194255585483404
CONDITIONAL,UNKNOWN,5~10,BELOW_PREV_LOW,DIRECTION,UP,226,44,1.0197501898219044,0.9452698254916524,-7.303785287184862,-0.5243482993084976,-0.5288728074702962,-0.8628822040169605,0.42261235923629487,0.24910604147922785,-41.055665780956154
CONDITIONAL,UNKNOWN,5~10,BELOW_PREV_LOW,PERSISTENCE,UP_PERSISTENT,226,44,1.0197501898219044,0.9452698254916524,-7.303785287184862,-0.5243482993084976,-0.5288728074702962,-0.8628822040169605,0.42261235923629487,0.24910604147922785,-41.055665780956154
CONDITIONAL,UNKNOWN,5~10,BELOW_PREV_LOW,RETURN_10M,0.2~0.5%,226,45,1.0197501898219044,0.9934315757774219,-2.5808883692464804,-0.5243482993084976,-0.39407868558526654,24.844099598497525,0.42261235923629487,0.4227237278432303,0.02635242545596673
CONDITIONAL,UNKNOWN,5~10,BELOW_PREV_LOW,RETURN_5M,0.2~0.5%,226,31,1.0197501898219044,0.943774280111689,-7.450443301558425,-0.5243482993084976,-0.62339693965225,-18.889856317714045,0.42261235923629487,0.18049921203166347,-57.2896513585536
CONDITIONAL,UNKNOWN,5~10,BELOW_PREV_LOW,NIGHT_RETURN,-0.5~0%,226,57,1.0197501898219044,0.809350565144986,-20.63246732159607,-0.5243482993084976,-0.4186060087007883,20.16642196554477,0.42261235923629487,0.3137443264928954,-25.76073093085481
CONDITIONAL,1~3%,1~2,ABOVE_PREV_HIGH,DIRECTION,DOWN,220,39,1.0305471785742322,1.1860604687082745,15.090361059373903,-1.6424581826994984,-1.5918687523974084,3.0801046160543692,-0.6430789249385024,-0.40427199412141956,37.13493345158527
CONDITIONAL,1~3%,1~2,ABOVE_PREV_HIGH,PERSISTENCE,DOWN_PERSISTENT,220,39,1.0305471785742322,1.1860604687082745,15.090361059373903,-1.6424581826994984,-1.5918687523974084,3.0801046160543692,-0.6430789249385024,-0.40427199412141956,37.13493345158527
CONDITIONAL,1~3%,1~2,ABOVE_PREV_HIGH,RETURN_5M,-0.2~-0.05%,220,65,1.0305471785742322,1.0085972317544925,-2.129931290492454,-1.6424581826994984,-1.7301315893333256,-5.337938436260801,-0.6430789249385024,-0.8013471228937054,-24.611006801433923
CONDITIONAL,1~3%,1~2,ABOVE_PREV_HIGH,RETURN_10M,-0.2~0%,220,46,1.0305471785742322,1.3276925492012805,28.83374743096679,-1.6424581826994984,-1.5139402732012153,7.824729472689203,-0.6430789249385024,-0.2839325909299584,55.84794028864951
CONDITIONAL,1~3%,1~2,ABOVE_PREV_HIGH,RANGE_10M,0.2~0.5%,220,171,1.0305471785742322,0.8921217745682344,-13.432223859708209,-1.6424581826994984,-1.5353942984172404,6.518515077582723,-0.6430789249385024,-0.5454204369274724,15.186081245061642
CONDITIONAL,1~3%,1~2,ABOVE_PREV_HIGH,NIGHT_RETURN,0.5~1%,220,47,1.0305471785742322,0.844104879749666,-18.091583063912722,-1.6424581826994984,-1.487370026765884,9.442441674753374,-0.6430789249385024,-0.44750447623440615,30.41219998350887
CONDITIONAL,1~3%,1~2,ABOVE_PREV_HIGH,DIRECTION,UP_MIXED,220,66,1.0305471785742322,0.8760190301713183,-14.994767014616878,-1.6424581826994984,-1.584506431707867,3.5283547308573504,-0.6430789249385024,-0.6793654439647935,-5.642622953280762
CONDITIONAL,1~3%,1~2,ABOVE_PREV_HIGH,PERSISTENCE,MIXED,220,135,1.0305471785742322,1.0828989335482482,5.079995953843176,-1.6424581826994984,-1.6240156036798465,1.1228644487825037,-0.6430789249385024,-0.6551072002480045,-1.870419763896381
CONDITIONAL,1~3%,1~2,ABOVE_PREV_HIGH,RETURN_5M,0.05~0.2%,220,67,1.0305471785742322,1.2824254547046054,24.441217381124492,-1.6424581826994984,-1.509604860046514,8.088688287614753,-0.6430789249385024,-0.4750360860591296,26.130982117854774
CONDITIONAL,1~3%,1~2,ABOVE_PREV_HIGH,RETURN_10M,0~0.2%,220,69,1.0305471785742322,1.1703625345317377,13.567098999867316,-1.6424581826994984,-1.588031727061035,3.3137194122659293,-0.6430789249385024,-0.7018058113427014,-9.132142902959389
CONDITIONAL,1~3%,1~2,ABOVE_PREV_HIGH,NIGHT_RETURN,0~0.5%,220,62,1.0305471785742322,1.0697254754747052,3.8016985262796434,-1.6424581826994984,-1.6182865253103402,1.471675665399913,-0.6430789249385024,-0.6522160346518954,-1.420837996559562
CONDITIONAL,1~3%,1~2,ABOVE_PREV_HIGH,RANGE_10M,0.5~1%,220,42,1.0305471785742322,1.5904721960610164,54.33278836020333,-1.6424581826994984,-2.0725266001255136,-26.1844363501034,-0.6430789249385024,-0.9903789463131396,-54.00581606804321
CONDITIONAL,1~3%,1~2,ABOVE_PREV_HIGH,DIRECTION,DOWN_MIXED,220,59,1.0305471785742322,1.2194665991397156,18.33195262606555,-1.6424581826994984,-1.6944311102685496,-3.1643379488438486,-0.6430789249385024,-0.7425717324704295,-15.471321430949029
CONDITIONAL,1~3%,1~2,ABOVE_PREV_HIGH,RETURN_10M,-0.5~-0.2%,220,56,1.0305471785742322,0.6767200358902908,-34.333910182885866,-1.6424581826994984,-1.5986943373939648,2.6645333054144813,-0.6430789249385024,-0.6424634581553758,0.09570625925666669
CONDITIONAL,1~3%,1~2,ABOVE_PREV_HIGH,RETURN_10M,0.2~0.5%,220,39,1.0305471785742322,0.9130923583474398,-11.397325873939291,-1.6424581826994984,-1.4388190486079662,12.398436455583706,-0.6430789249385024,-0.532016147863658,17.270473773567574
CONDITIONAL,1~3%,1~2,ABOVE_PREV_HIGH,DIRECTION,UP,220,46,1.0305471785742322,0.7450579342977166,-27.702685545313077,-1.6424581826994984,-1.7394741816002486,-5.906756100255619,-0.6430789249385024,-0.8102452974403166,-25.994689923604685
CONDITIONAL,1~3%,1~2,ABOVE_PREV_HIGH,PERSISTENCE,UP_PERSISTENT,220,46,1.0305471785742322,0.7450579342977166,-27.702685545313077,-1.6424581826994984,-1.7394741816002486,-5.906756100255619,-0.6430789249385024,-0.8102452974403166,-25.994689923604685
CONDITIONAL,1~3%,1~2,ABOVE_PREV_HIGH,NIGHT_RETURN,-0.5~0%,220,46,1.0305471785742322,1.2259708473715982,18.96309774655206,-1.6424581826994984,-1.7876314715310044,-8.838781428998288,-0.6430789249385024,-0.8688350566181987,-35.10550928119521
CONDITIONAL,1~3%,1~2,ABOVE_PREV_HIGH,RETURN_5M,-0.05~0.05%,220,41,1.0305471785742322,0.48438702456186955,-52.997103419173705,-1.6424581826994984,-1.6615397550679587,-1.1617691439241618,-0.6430789249385024,-0.799689430619101,-24.353232489398607
CONDITIONAL,<-5%,1~2,BETWEEN_PREV_HIGH_LOW,RANGE_10M,0.2~0.5%,84,65,10.30793805478679,10.44830320509053,1.3617189932428588,-0.30623360455293236,-0.08547008547008551,72.08990646377215,5.750147864118453,6.15794085251099,7.091869601079459
CONDITIONAL,<-5%,1~2,BETWEEN_PREV_HIGH_LOW,PERSISTENCE,MIXED,84,45,10.30793805478679,10.331696807187003,0.23048986396633644,-0.30623360455293236,-0.31746031746031755,-3.666061705989116,5.750147864118453,5.707932408912801,-0.7341629502970075
CONDITIONAL,-3~-1%,1~2,BELOW_PREV_LOW,DIRECTION,UP_MIXED,150,38,1.8238927520728472,1.62573797829208,-10.864387369025126,-0.6460812795474967,-0.579720596895314,10.271259167060302,0.7909207922978923,0.506144586271037,-36.00565427032006
CONDITIONAL,-3~-1%,1~2,BELOW_PREV_LOW,PERSISTENCE,MIXED,150,89,1.8238927520728472,1.772290186800171,-2.8292543634503744,-0.6460812795474967,-0.5837223667260191,9.651868084639856,0.7909207922978923,0.7733471171131947,-2.221926058314901
CONDITIONAL,-3~-1%,1~2,BELOW_PREV_LOW,RETURN_5M,-0.05~0.05%,150,48,1.8238927520728472,1.7384375765150575,-4.685318007907549,-0.6460812795474967,-0.6616833588533743,-2.4148787156942455,0.7909207922978923,0.6118897336324054,-22.635775972628196
CONDITIONAL,-3~-1%,1~2,BELOW_PREV_LOW,RETURN_10M,-0.2~0%,150,34,1.8238927520728472,1.7604731485027099,-3.4771564006743914,-0.6460812795474967,-0.5437948952595323,15.831813662764525,0.7909207922978923,0.779176664171378,-1.4848677947122368
CONDITIONAL,-3~-1%,1~2,BELOW_PREV_LOW,RANGE_10M,0.2~0.5%,150,110,1.8238927520728472,1.9004021431716622,4.194840459334158,-0.6460812795474967,-0.5539739546274872,14.25630610819118,0.7909207922978923,0.7914263634713765,0.06392184633500528
CONDITIONAL,-3~-1%,1~2,BELOW_PREV_LOW,RETURN_10M,0~0.2%,150,38,1.8238927520728472,1.4830043498855294,-18.690156085104203,-0.6460812795474967,-0.5345828843033829,17.25764215335341,0.7909207922978923,0.6817099742127024,-13.808060067291377
CONDITIONAL,-3~-1%,1~2,BELOW_PREV_LOW,NIGHT_RETURN,0~0.5%,150,37,1.8238927520728472,2.1185300903084228,16.15431268646259,-0.6460812795474967,-0.369344615283366,42.83310367047811,0.7909207922978923,0.8275454523211525,4.630635631268871
CONDITIONAL,-3~-1%,1~2,BELOW_PREV_LOW,RANGE_10M,0.5~1%,150,31,1.8238927520728472,1.5076641531948758,-17.33811368670547,-0.6460812795474967,-0.6058683310644175,6.224131507299456,0.7909207922978923,0.722787170244832,-8.614468441916804
CONDITIONAL,-3~-1%,1~2,BELOW_PREV_LOW,DIRECTION,DOWN_MIXED,150,45,1.8238927520728472,1.7890763333584963,-1.9089071259690134,-0.6460812795474967,-0.6649312879243059,-2.9175908625631997,0.7909207922978923,0.8154494923780209,3.1012840121277474
CONDITIONAL,-3~-1%,1~2,BELOW_PREV_LOW,RETURN_5M,-0.2~-0.05%,150,33,1.8238927520728472,1.5995672959732017,-12.299267917189784,-0.6460812795474967,-0.332440615256489,48.54507849394364,0.7909207922978923,0.7215512144478162,-8.770736403140187
CONDITIONAL,-3~-1%,1~2,BELOW_PREV_LOW,NIGHT_RETURN,-2~-1%,150,32,1.8238927520728472,1.3394719172206013,-26.55972146946159,-0.6460812795474967,-0.5895475827855361,8.750245294455176,0.7909207922978923,0.586611991237773,-25.831765083142287
CONDITIONAL,-3~-1%,1~2,BELOW_PREV_LOW,DIRECTION,DOWN,150,31,1.8238927520728472,1.8649442812539827,2.2507644232085804,-0.6460812795474967,-0.6671978825216428,-3.2684127589853333,0.7909207922978923,0.5611678290852092,-29.048795460942806
CONDITIONAL,-3~-1%,1~2,BELOW_PREV_LOW,PERSISTENCE,DOWN_PERSISTENT,150,31,1.8238927520728472,1.8649442812539827,2.2507644232085804,-0.6460812795474967,-0.6671978825216428,-3.2684127589853333,0.7909207922978923,0.5611678290852092,-29.048795460942806
CONDITIONAL,-3~-1%,1~2,BELOW_PREV_LOW,RETURN_10M,-0.5~-0.2%,150,43,1.8238927520728472,1.8454218342018782,1.1803918900693762,-0.6460812795474967,-0.5805766398747155,10.13876144479212,0.7909207922978923,0.6424112484323454,-18.77679096462699
CONDITIONAL,-3~-1%,1~2,BELOW_PREV_LOW,NIGHT_RETURN,-0.5~0%,150,31,1.8238927520728472,2.084255024021832,14.275086715108875,-0.6460812795474967,-0.6435800871349998,0.3871327790597337,0.7909207922978923,1.0240723105394585,29.4784914636246
CONDITIONAL,-3~-1%,1~2,BELOW_PREV_LOW,DIRECTION,UP,150,30,1.8238927520728472,1.9345604488946202,6.067664707587637,-0.6460812795474967,-0.8092588978445955,-25.256515466813294,0.7909207922978923,1.080467423998934,36.6088026159751
CONDITIONAL,-3~-1%,1~2,BELOW_PREV_LOW,PERSISTENCE,UP_PERSISTENT,150,30,1.8238927520728472,1.9345604488946202,6.067664707587637,-0.6460812795474967,-0.8092588978445955,-25.256515466813294,0.7909207922978923,1.080467423998934,36.6088026159751
CONDITIONAL,UNKNOWN,2~3,BELOW_PREV_LOW,PERSISTENCE,MIXED,73,47,1.1012834972490066,1.2095703805356455,9.832789064499577,-0.4969943807247427,-0.5698111428716308,-14.651425644029004,0.2741337486202131,0.3600060187463527,31.3249538075327
CONDITIONAL,UNKNOWN,2~3,BELOW_PREV_LOW,RANGE_10M,0.2~0.5%,73,55,1.1012834972490066,0.7868986353716728,-28.5471327467145,-0.4969943807247427,-0.48957059662007046,1.4937360245092746,0.2741337486202131,0.1783703623850289,-34.93308894551889
CONDITIONAL,UNKNOWN,<1,BETWEEN_PREV_HIGH_LOW,DIRECTION,UP_MIXED,957,262,0.8042502092682997,0.9573829166313352,19.040431149200995,-0.6324487945313055,-0.6280519601226249,0.6952079673009832,0.05806129865031954,0.09536442828383222,64.24783892309199
CONDITIONAL,UNKNOWN,<1,BETWEEN_PREV_HIGH_LOW,PERSISTENCE,MIXED,957,539,0.8042502092682997,0.8518766467743244,5.921843346407685,-0.6324487945313055,-0.6409248276727337,-1.3401927894746968,0.05806129865031954,0.06579745319436733,13.324115587974743
CONDITIONAL,UNKNOWN,<1,BETWEEN_PREV_HIGH_LOW,RETURN_5M,-0.05~0.05%,957,222,0.8042502092682997,0.8495978399909361,5.63849784557635,-0.6324487945313055,-0.7312227620798325,-15.617701923477659,0.05806129865031954,-0.0983270109182768,-269.3503473121776
CONDITIONAL,UNKNOWN,<1,BETWEEN_PREV_HIGH_LOW,RETURN_10M,-0.2~0%,957,193,0.8042502092682997,0.7331693354261403,-8.838154224022924,-0.6324487945313055,-0.7031684962616517,-11.18188576559072,0.05806129865031954,0.0059745818588718535,-89.7098721562285
CONDITIONAL,UNKNOWN,<1,BETWEEN_PREV_HIGH_LOW,RANGE_10M,0.2~0.5%,957,772,0.8042502092682997,0.7911725026146009,-1.6260743861784972,-0.6324487945313055,-0.6135725401224378,2.9846296762817848,0.05806129865031954,0.08684623502556484,49.57680424719001
CONDITIONAL,UNKNOWN,<1,BETWEEN_PREV_HIGH_LOW,NIGHT_RETURN,-1~-0.5%,957,114,0.8042502092682997,0.6635860237381795,-17.49010244686107,-0.6324487945313055,-0.6695817182773524,-5.871293307399731,0.05806129865031954,-0.1471062362120719,-353.363668453293
CONDITIONAL,UNKNOWN,<1,BETWEEN_PREV_HIGH_LOW,RETURN_5M,0.05~0.2%,957,272,0.8042502092682997,0.7040854720427333,-12.454424763743049,-0.6324487945313055,-0.5516157204775602,12.780967368852206,0.05806129865031954,0.07406776251477709,27.56821538019364
CONDITIONAL,UNKNOWN,<1,BETWEEN_PREV_HIGH_LOW,RETURN_10M,0~0.2%,957,303,0.8042502092682997,0.8819446049479651,9.660475655996551,-0.6324487945313055,-0.5648645619521813,10.686119281673944,0.05806129865031954,0.14207674258019445,144.7012827526767
CONDITIONAL,UNKNOWN,<1,BETWEEN_PREV_HIGH_LOW,NIGHT_RETURN,0~0.5%,957,307,0.8042502092682997,0.870064372782212,8.183294546331487,-0.6324487945313055,-0.7043456160988583,-11.368006736550734,0.05806129865031954,-0.042540652048778486,-173.2685162710262
CONDITIONAL,UNKNOWN,<1,BETWEEN_PREV_HIGH_LOW,RANGE_10M,0.5~1%,957,167,0.8042502092682997,0.7595064709535538,-5.563410217257308,-0.6324487945313055,-0.7082435319587465,-11.984327914422035,0.05806129865031954,-0.07899234745215969,-236.04991498364453
CONDITIONAL,UNKNOWN,<1,BETWEEN_PREV_HIGH_LOW,DIRECTION,DOWN_MIXED,957,235,0.8042502092682997,0.7286308748068103,-9.402463759417264,-0.6324487945313055,-0.6314550595483523,0.15712497067681552,0.05806129865031954,0.02991535473812318,-48.47625624378186
CONDITIONAL,UNKNOWN,<1,BETWEEN_PREV_HIGH_LOW,RETURN_5M,-0.2~-0.05%,957,258,0.8042502092682997,0.8092739534827658,0.624649413400416,-0.6324487945313055,-0.6573000507958836,-3.929370484925157,0.05806129865031954,0.07931711385558006,36.609265895473634
CONDITIONAL,UNKNOWN,<1,BETWEEN_PREV_HIGH_LOW,NIGHT_RETURN,-2~-1%,957,69,0.8042502092682997,1.031054727050861,28.200740909835282,-0.6324487945313055,-0.8026757715721518,-26.91553506193301,0.05806129865031954,0.38680736286060385,566.2051518864452
CONDITIONAL,UNKNOWN,<1,BETWEEN_PREV_HIGH_LOW,RETURN_10M,-0.5~-0.2%,957,211,0.8042502092682997,0.7000177671056391,-12.960200813312865,-0.6324487945313055,-0.5892476176936591,6.830778588116678,0.05806129865031954,0.08871278927267051,52.79160358942864
CONDITIONAL,UNKNOWN,<1,BETWEEN_PREV_HIGH_LOW,DIRECTION,FLAT_MIXED,957,49,0.8042502092682997,1.6052900772074896,99.60082803931994,-0.6324487945313055,-0.7480166804909275,-18.27308186195009,0.05806129865031954,0.2689320549086948,363.1864273797375
CONDITIONAL,UNKNOWN,<1,BETWEEN_PREV_HIGH_LOW,NIGHT_RETURN,1~2%,957,73,0.8042502092682997,0.9685203179494768,20.425249106323353,-0.6324487945313055,-0.5222720440658368,17.420659414351224,0.05806129865031954,0.28945874127442844,398.53990179883004
CONDITIONAL,UNKNOWN,<1,BETWEEN_PREV_HIGH_LOW,DIRECTION,DOWN,957,177,0.8042502092682997,0.5847147082277541,-27.296915625334716,-0.6324487945313055,-0.7174735465114639,-13.443736902553258,0.05806129865031954,-0.020247048853451657,-134.87184979342558
CONDITIONAL,UNKNOWN,<1,BETWEEN_PREV_HIGH_LOW,PERSISTENCE,DOWN_PERSISTENT,957,177,0.8042502092682997,0.5847147082277541,-27.296915625334716,-0.6324487945313055,-0.7174735465114639,-13.443736902553258,0.05806129865031954,-0.020247048853451657,-134.87184979342558
CONDITIONAL,UNKNOWN,<1,BETWEEN_PREV_HIGH_LOW,RETURN_5M,-0.5~-0.2%,957,78,0.8042502092682997,0.5993609496970302,-25.475810538821747,-0.6324487945313055,-0.7741429174420479,-22.404046641554416,0.05806129865031954,-0.0016717758956311525,-102.87932914780222
CONDITIONAL,UNKNOWN,<1,BETWEEN_PREV_HIGH_LOW,RETURN_10M,0.2~0.5%,957,209,0.8042502092682997,0.826041689750955,2.709539920727039,-0.6324487945313055,-0.685212793073763,-8.342809567936609,0.05806129865031954,-0.020331501967259264,-135.0173048827377
CONDITIONAL,UNKNOWN,<1,BETWEEN_PREV_HIGH_LOW,NIGHT_RETURN,0.5~1%,957,165,0.8042502092682997,0.690359602368827,-14.161091360248381,-0.6324487945313055,-0.6201266682956522,1.9483199813488437,0.05806129865031954,0.04377848623781359,-24.599540045643376
CONDITIONAL,UNKNOWN,<1,BETWEEN_PREV_HIGH_LOW,DIRECTION,UP,957,234,0.8042502092682997,0.7070562110823623,-12.085044811410587,-0.6324487945313055,-0.5498560202730087,13.059203365152205,0.05806129865031954,0.05963731278233991,2.7143969712287874
CONDITIONAL,UNKNOWN,<1,BETWEEN_PREV_HIGH_LOW,PERSISTENCE,UP_PERSISTENT,957,234,0.8042502092682997,0.7070562110823623,-12.085044811410587,-0.6324487945313055,-0.5498560202730087,13.059203365152205,0.05806129865031954,0.05963731278233991,2.7143969712287874
CONDITIONAL,UNKNOWN,<1,BETWEEN_PREV_HIGH_LOW,RETURN_5M,0.2~0.5%,957,121,0.8042502092682997,0.9273035498548022,15.300380300610112,-0.6324487945313055,-0.5000065948418856,20.941173551855698,0.05806129865031954,0.3105662840536984,434.8937954766004
CONDITIONAL,UNKNOWN,<1,BETWEEN_PREV_HIGH_LOW,NIGHT_RETURN,-0.5~0%,957,221,0.8042502092682997,0.6845014490235396,-14.889490716291705,-0.6324487945313055,-0.4709419229890534,25.5367506332179,0.05806129865031954,0.16500391786886756,184.18916163522545
CONDITIONAL,>=5%,3~5,ABOVE_PREV_HIGH,DIRECTION,UP_MIXED,155,38,5.623141048167802,5.838445047617983,3.8288920303774816,-5.7312864830449675,-5.8825372608486095,-2.6390371210912535,-0.9856022689564568,-0.8484934171190894,13.91117453316503
CONDITIONAL,>=5%,3~5,ABOVE_PREV_HIGH,PERSISTENCE,MIXED,155,75,5.623141048167802,6.490651903096303,15.427513688477799,-5.7312864830449675,-5.92158359408513,-3.3203210414123183,-0.9856022689564568,-0.6913269043891054,29.857415494682904
CONDITIONAL,>=5%,3~5,ABOVE_PREV_HIGH,RETURN_5M,-0.05~0.05%,155,31,5.623141048167802,7.527718389134046,33.8703462113371,-5.7312864830449675,-6.106225587709573,-6.541971087535035,-0.9856022689564568,0.3567848990477233,136.19968320745474
CONDITIONAL,>=5%,3~5,ABOVE_PREV_HIGH,RETURN_10M,-0.2~0%,155,33,5.623141048167802,6.83182210264725,21.494766788275296,-5.7312864830449675,-5.908191031062373,-3.086646402003234,-0.9856022689564568,-0.8698911322657013,11.740145120938998
CONDITIONAL,>=5%,3~5,ABOVE_PREV_HIGH,RANGE_10M,0.2~0.5%,155,105,5.623141048167802,6.258113242085339,11.292126384139548,-5.7312864830449675,-6.199512531215109,-8.169650035036776,-0.9856022689564568,-0.9472167806559367,3.8946225581605134
CONDITIONAL,>=5%,3~5,ABOVE_PREV_HIGH,RETURN_5M,-0.2~-0.05%,155,34,5.623141048167802,7.108177893318408,26.409382806331678,-5.7312864830449675,-6.189460234421594,-7.994256660037062,-0.9856022689564568,-0.62625599633428,36.459562233216865
CONDITIONAL,>=5%,3~5,ABOVE_PREV_HIGH,RETURN_10M,0~0.2%,155,33,5.623141048167802,5.937904461396892,5.597643924148944,-5.7312864830449675,-5.517638483773341,3.7277494311908397,-0.9856022689564568,0.028750913908617913,102.91709088079301
CONDITIONAL,>=5%,3~5,ABOVE_PREV_HIGH,DIRECTION,DOWN,155,52,5.623141048167802,4.565688542867608,-18.805370454734458,-5.7312864830449675,-5.196336382446386,9.33385727935848,-0.9856022689564568,-1.4738092386642556,-49.533872342309664
CONDITIONAL,>=5%,3~5,ABOVE_PREV_HIGH,PERSISTENCE,DOWN_PERSISTENT,155,52,5.623141048167802,4.565688542867608,-18.805370454734458,-5.7312864830449675,-5.196336382446386,9.33385727935848,-0.9856022689564568,-1.4738092386642556,-49.533872342309664
CONDITIONAL,>=5%,3~5,ABOVE_PREV_HIGH,RETURN_5M,-0.5~-0.2%,155,42,5.623141048167802,2.961413969290624,-47.335235877543084,-5.7312864830449675,-4.85894771279025,15.220645012867237,-0.9856022689564568,-1.9775822541971975,-100.64708823073599
CONDITIONAL,>=5%,3~5,ABOVE_PREV_HIGH,RETURN_10M,-0.5~-0.2%,155,59,5.623141048167802,4.680098391966546,-16.770745178240347,-5.7312864830449675,-5.6415654690726385,1.5654602895484864,-0.9856022689564568,-1.6957844819539556,-72.05565930255324
CONDITIONAL,>=5%,3~5,ABOVE_PREV_HIGH,RETURN_5M,0.05~0.2%,155,37,5.623141048167802,5.842052662914237,3.893048615911275,-5.7312864830449675,-6.532231596902268,-13.974962100163033,-0.9856022689564568,-1.8669079647712121,-89.41798568989402
CONDITIONAL,>=5%,3~5,ABOVE_PREV_HIGH,RANGE_10M,0.5~1%,155,45,5.623141048167802,4.421707882046363,-21.365872842775378,-5.7312864830449675,-4.589126485782976,19.92850995393228,-0.9856022689564568,-0.8065131229716361,18.170528987766836
CONDITIONAL,>=5%,3~5,ABOVE_PREV_HIGH,NIGHT_RETURN,0~0.5%,155,34,5.623141048167802,5.881699262185226,4.598110056330004,-5.7312864830449675,-6.386905771961364,-11.439304087414476,-0.9856022689564568,-2.888235087954822,-193.04265817212948
CONDITIONAL,>=5%,3~5,ABOVE_PREV_HIGH,NIGHT_RETURN,-0.5~0%,155,30,5.623141048167802,6.063310820175816,7.827827334180694,-5.7312864830449675,-6.909010537346339,-20.54903480720197,-0.9856022689564568,-0.6206478718000061,37.028567065177285
CONDITIONAL,>=5%,3~5,ABOVE_PREV_HIGH,NIGHT_RETURN,>=2%,155,32,5.623141048167802,2.4314113712139735,-56.76061919154234,-5.7312864830449675,-4.782148527888295,16.56064407117904,-0.9856022689564568,-2.2632204356730106,-129.6281681726727
CONDITIONAL,UNKNOWN,2~3,BETWEEN_PREV_HIGH_LOW,DIRECTION,UP_MIXED,167,45,0.5363541527775028,0.46811026921122634,-12.723660889521668,-0.4716600692590217,-0.29934043946542555,36.534708156302145,0.01909510632458526,0.0016185632959392965,-91.52367487027098
CONDITIONAL,UNKNOWN,2~3,BETWEEN_PREV_HIGH_LOW,PERSISTENCE,MIXED,167,103,0.5363541527775028,0.4365908237130785,-18.600271583206954,-0.4716600692590217,-0.42834227886821785,9.18411229062832,0.01909510632458526,-0.05530599585933998,-389.63439595061385
CONDITIONAL,UNKNOWN,2~3,BETWEEN_PREV_HIGH_LOW,RETURN_5M,-0.05~0.05%,167,44,0.5363541527775028,0.4262786772355374,-20.522909158424703,-0.4716600692590217,-0.31861280573823797,32.44863695186686,0.01909510632458526,-0.09834849761910061,-615.0455616603472
CONDITIONAL,UNKNOWN,2~3,BETWEEN_PREV_HIGH_LOW,RETURN_10M,-0.2~0%,167,41,0.5363541527775028,0.6426444404286227,19.817183683709185,-0.4716600692590217,-0.43109301305391473,8.600909606114811,0.01909510632458526,0.21438128537818807,1022.7027581520648
CONDITIONAL,UNKNOWN,2~3,BETWEEN_PREV_HIGH_LOW,RANGE_10M,0.2~0.5%,167,131,0.5363541527775028,0.5608568205677291,4.568374769420471,-0.4716600692590217,-0.45003795756601894,4.584257413813113,0.01909510632458526,0.05837504275772924,205.70682228970063
CONDITIONAL,UNKNOWN,2~3,BETWEEN_PREV_HIGH_LOW,RETURN_5M,0.05~0.2%,167,37,0.5363541527775028,0.6143678858196183,14.545190456365912,-0.4716600692590217,-0.46492858264591114,1.4271902694001086,0.01909510632458526,-0.05863830416232391,-407.0855074885136
CONDITIONAL,UNKNOWN,2~3,BETWEEN_PREV_HIGH_LOW,RETURN_10M,0~0.2%,167,38,0.5363541527775028,0.5804507170175811,8.221538700078089,-0.4716600692590217,-0.5080660658116072,-7.718693806278602,0.01909510632458526,-0.1578987786881869,-926.9070410196651
CONDITIONAL,UNKNOWN,2~3,BETWEEN_PREV_HIGH_LOW,NIGHT_RETURN,0~0.5%,167,53,0.5363541527775028,0.5804326650508745,8.218173019657216,-0.4716600692590217,-0.5229347835922115,-10.871116228631006,0.01909510632458526,-0.026016273545781416,-236.2457642473823
CONDITIONAL,UNKNOWN,2~3,BETWEEN_PREV_HIGH_LOW,RANGE_10M,0.5~1%,167,35,0.5363541527775028,0.45996857198486996,-14.24163127983089,-0.4716600692590217,-0.5388993179241515,-14.255870498166754,0.01909510632458526,-0.10021328135125478,-624.8113293940058
CONDITIONAL,UNKNOWN,2~3,BETWEEN_PREV_HIGH_LOW,DIRECTION,DOWN_MIXED,167,50,0.5363541527775028,0.3917605837060884,-26.958599709285085,-0.4716600692590217,-0.5283625036189359,-12.021885687502387,0.01909510632458526,-0.10726368920945802,-661.7339196030256
CONDITIONAL,UNKNOWN,2~3,BETWEEN_PREV_HIGH_LOW,RETURN_5M,-0.2~-0.05%,167,52,0.5363541527775028,0.5019093477802639,-6.422026345627593,-0.4716600692590217,-0.589249811720457,-24.93103616894448,0.01909510632458526,0.030658373264448886,60.556179909696205
CONDITIONAL,UNKNOWN,2~3,BETWEEN_PREV_HIGH_LOW,RETURN_10M,-0.5~-0.2%,167,51,0.5363541527775028,0.37362527296795717,-30.33981912265548,-0.4716600692590217,-0.5311464278641157,-12.612125232171362,0.01909510632458526,-0.08054815064566642,-521.8261437065652
CONDITIONAL,UNKNOWN,2~3,BETWEEN_PREV_HIGH_LOW,DIRECTION,DOWN,167,37,0.5363541527775028,0.6354789249732319,18.481216502643417,-0.4716600692590217,-0.404672543631613,14.202500909743362,0.01909510632458526,0.28382597168085744,1386.3806823396783
CONDITIONAL,UNKNOWN,2~3,BETWEEN_PREV_HIGH_LOW,PERSISTENCE,DOWN_PERSISTENT,167,37,0.5363541527775028,0.6354789249732319,18.481216502643417,-0.4716600692590217,-0.404672543631613,14.202500909743362,0.01909510632458526,0.28382597168085744,1386.3806823396783
CONDITIONAL,UNKNOWN,2~3,BETWEEN_PREV_HIGH_LOW,RETURN_10M,0.2~0.5%,167,31,0.5363541527775028,0.637149152539868,18.792620368538163,-0.4716600692590217,-0.41270360658417,12.499778233818343,0.01909510632458526,0.1937790181917588,914.8098413165952
CONDITIONAL,UNKNOWN,1~2,BETWEEN_PREV_HIGH_LOW,DIRECTION,UP_MIXED,203,60,0.5771417074297863,0.5525878684650894,-4.254386513503537,-0.40285580888613154,-0.4706501241875953,-16.82843186223635,0.16246546606465878,0.11341079185426725,-30.193908526300916
CONDITIONAL,UNKNOWN,1~2,BETWEEN_PREV_HIGH_LOW,PERSISTENCE,MIXED,203,115,0.5771417074297863,0.600869502825431,4.1112598674098235,-0.40285580888613154,-0.4052196037395555,-0.5867595306518484,0.16246546606465878,0.17311256721929102,6.553454966481836
CONDITIONAL,UNKNOWN,1~2,BETWEEN_PREV_HIGH_LOW,RETURN_5M,-0.05~0.05%,203,54,0.5771417074297863,0.5932506123366159,2.791152449988093,-0.40285580888613154,-0.45328981879752256,-12.519121928721239,0.16246546606465878,0.1781886799525347,9.677880640565377
CONDITIONAL,UNKNOWN,1~2,BETWEEN_PREV_HIGH_LOW,RETURN_10M,-0.2~0%,203,49,0.5771417074297863,0.5400014255205436,-6.435210179947197,-0.40285580888613154,-0.3174226214332077,21.206889802368913,0.16246546606465878,0.24112839238381029,48.41824433498061
CONDITIONAL,UNKNOWN,1~2,BETWEEN_PREV_HIGH_LOW,RANGE_10M,0.2~0.5%,203,163,0.5771417074297863,0.6177389657382101,7.034192432430075,-0.40285580888613154,-0.337089107309702,16.32512182417574,0.16246546606465878,0.22997117593832345,41.55080553968215
CONDITIONAL,UNKNOWN,1~2,BETWEEN_PREV_HIGH_LOW,RETURN_5M,0.05~0.2%,203,56,0.5771417074297863,0.5774282323743382,0.04964551008240794,-0.40285580888613154,-0.3786770434489761,6.001841081554224,0.16246546606465878,0.17732704815832154,9.147532982638952
CONDITIONAL,UNKNOWN,1~2,BETWEEN_PREV_HIGH_LOW,RETURN_10M,0~0.2%,203,56,0.5771417074297863,0.5188838319164205,-10.094206459763319,-0.40285580888613154,-0.3496857619188806,13.198282312041727,0.16246546606465878,0.08986940686769089,-44.68399405451234
CONDITIONAL,UNKNOWN,1~2,BETWEEN_PREV_HIGH_LOW,NIGHT_RETURN,0~0.5%,203,77,0.5771417074297863,0.5081561594282442,-11.95296529664419,-0.40285580888613154,-0.37148029551943396,7.78827378794629,0.16246546606465878,0.12851466763911612,-20.89724003994225
CONDITIONAL,UNKNOWN,1~2,BETWEEN_PREV_HIGH_LOW,RANGE_10M,0.5~1%,203,36,0.5771417074297863,0.41675552538468413,-27.78974036712022,-0.40285580888613154,-0.5922237041805837,-47.00637079505972,0.16246546606465878,-0.06405459637106808,-139.4265919537481
CONDITIONAL,UNKNOWN,1~2,BETWEEN_PREV_HIGH_LOW,DIRECTION,DOWN_MIXED,203,43,0.5771417074297863,0.6154609894293009,6.639492780752889,-0.40285580888613154,-0.3885758273182285,3.544688013159402,0.16246546606465878,0.1918539179874819,18.08904540434885
CONDITIONAL,UNKNOWN,1~2,BETWEEN_PREV_HIGH_LOW,RETURN_5M,-0.2~-0.05%,203,48,0.5771417074297863,0.5832111284340905,1.0516344471678265,-0.40285580888613154,-0.30424335858798973,24.47834885906161,0.16246546606465878,0.2187300371840918,34.63171126905246
CONDITIONAL,UNKNOWN,1~2,BETWEEN_PREV_HIGH_LOW,RETURN_10M,-0.5~-0.2%,203,52,0.5771417074297863,0.5917994861082401,2.539719186771297,-0.40285580888613154,-0.46595761110643863,-15.663619793587987,0.16246546606465878,0.14271981688615604,-12.153751598289988
CONDITIONAL,UNKNOWN,1~2,BETWEEN_PREV_HIGH_LOW,DIRECTION,DOWN,203,49,0.5771417074297863,0.33460017834856765,-42.024606081813225,-0.40285580888613154,-0.4065046626455676,-0.9057468401721462,0.16246546606465878,-0.03015043363269142,-118.5580568984993
CONDITIONAL,UNKNOWN,1~2,BETWEEN_PREV_HIGH_LOW,PERSISTENCE,DOWN_PERSISTENT,203,49,0.5771417074297863,0.33460017834856765,-42.024606081813225,-0.40285580888613154,-0.4065046626455676,-0.9057468401721462,0.16246546606465878,-0.03015043363269142,-118.5580568984993
CONDITIONAL,UNKNOWN,1~2,BETWEEN_PREV_HIGH_LOW,DIRECTION,UP,203,36,0.5771417074297863,0.8533495947225924,47.85789759032601,-0.40285580888613154,-0.4119537173064972,-2.2583535398237804,0.16246546606465878,0.4065671840697523,150.24837211124284
CONDITIONAL,UNKNOWN,1~2,BETWEEN_PREV_HIGH_LOW,PERSISTENCE,UP_PERSISTENT,203,36,0.5771417074297863,0.8533495947225924,47.85789759032601,-0.40285580888613154,-0.4119537173064972,-2.2583535398237804,0.16246546606465878,0.4065671840697523,150.24837211124284
CONDITIONAL,UNKNOWN,1~2,BETWEEN_PREV_HIGH_LOW,RETURN_10M,0.2~0.5%,203,37,0.5771417074297863,0.7622134969009421,32.066958095152245,-0.40285580888613154,-0.47170210922594963,-17.089563764805416,0.16246546606465878,0.24019966106457313,47.846595884553906
CONDITIONAL,UNKNOWN,1~2,BETWEEN_PREV_HIGH_LOW,NIGHT_RETURN,-0.5~0%,203,39,0.5771417074297863,0.5607605563222173,-2.8383239153725315,-0.40285580888613154,-0.2946926840367544,26.849091526926394,0.16246546606465878,0.24684745902701913,51.93841805665802
CONDITIONAL,3~5%,3~5,BETWEEN_PREV_HIGH_LOW,PERSISTENCE,MIXED,70,35,5.077687308662226,5.666205268138073,11.590275723987016,-3.1896562066559913,-3.571626322841604,-11.975275435281688,0.18850999953415948,0.5331286287504402,182.81185617096835
CONDITIONAL,3~5%,3~5,BETWEEN_PREV_HIGH_LOW,RANGE_10M,0.2~0.5%,70,49,5.077687308662226,5.858389049560383,15.375144104803931,-3.1896562066559913,-3.192364595271055,-0.08491161553436792,0.18850999953415948,0.6720276170647113,256.4944134132973
CONDITIONAL,UNKNOWN,3~5,ABOVE_PREV_HIGH,DIRECTION,UP_MIXED,133,32,0.8740429932638608,0.8964724564613905,2.5661739033881337,-0.850552124704985,-0.7591474295039906,10.746513064404866,-0.07907065005788227,0.22099987402922797,379.49672080278697
CONDITIONAL,UNKNOWN,3~5,ABOVE_PREV_HIGH,PERSISTENCE,MIXED,133,75,0.8740429932638608,0.9243445907583802,5.755048422353068,-0.850552124704985,-0.8944145324578172,-5.156933535148826,-0.07907065005788227,-0.09666127258761291,-22.246715458711584
CONDITIONAL,UNKNOWN,3~5,ABOVE_PREV_HIGH,RETURN_5M,-0.05~0.05%,133,31,0.8740429932638608,0.5600197764842515,-35.92766250627791,-0.850552124704985,-1.3969455034090639,-64.23984642841214,-0.07907065005788227,-0.628681451931331,-695.0882552136801
CONDITIONAL,UNKNOWN,3~5,ABOVE_PREV_HIGH,RETURN_10M,-0.2~0%,133,30,0.8740429932638608,0.7054472912905869,-19.289177222701824,-0.850552124704985,-1.0165161049309182,-19.512499634692933,-0.07907065005788227,-0.2934517969128034,-271.1260710491025
CONDITIONAL,UNKNOWN,3~5,ABOVE_PREV_HIGH,RANGE_10M,0.2~0.5%,133,100,0.8740429932638608,0.903446960801462,3.3641328589341586,-0.850552124704985,-0.7744006626342221,8.953179923826076,-0.07907065005788227,0.044641529814194454,156.45777514351457
CONDITIONAL,UNKNOWN,3~5,ABOVE_PREV_HIGH,RETURN_5M,0.05~0.2%,133,45,0.8740429932638608,0.6645323009761211,-23.97029595825516,-0.850552124704985,-0.5537771437666833,34.89203921996415,-0.07907065005788227,0.2622180120917054,431.6249605887309
CONDITIONAL,UNKNOWN,3~5,ABOVE_PREV_HIGH,RETURN_10M,0~0.2%,133,41,0.8740429932638608,0.6392592410624027,-26.861808173157026,-0.850552124704985,-0.6350540185234991,25.336260991204,-0.07907065005788227,0.07118116558951729,190.02223396090758
CONDITIONAL,UNKNOWN,3~5,ABOVE_PREV_HIGH,NIGHT_RETURN,0~0.5%,133,30,0.8740429932638608,1.625129341209998,85.93242594868504,-0.850552124704985,-0.5514877225085891,35.161208056487624,-0.07907065005788227,0.35584437540140407,550.0334512754283
CONDITIONAL,UNKNOWN,3~5,ABOVE_PREV_HIGH,DIRECTION,DOWN_MIXED,133,34,0.8740429932638608,1.0916915005400023,24.9013502715005,-0.850552124704985,-1.0234841458925235,-20.331737017001767,-0.07907065005788227,-0.3795646968565246,-380.0323464884517
CONDITIONAL,UNKNOWN,3~5,ABOVE_PREV_HIGH,RETURN_5M,-0.2~-0.05%,133,36,0.8740429932638608,1.4621888778345915,67.2902693692984,-0.850552124704985,-0.8441913500101972,0.7478406684356986,-0.07907065005788227,-0.04364810833811302,44.79859681669343
CONDITIONAL,UNKNOWN,3~5,ABOVE_PREV_HIGH,RETURN_10M,-0.5~-0.2%,133,33,0.8740429932638608,1.3763833005155524,57.473180509787845,-0.850552124704985,-1.1099530042602912,-30.497940340256008,-0.07907065005788227,-0.17628957060836908,-122.9519682452584
CONDITIONAL,UNKNOWN,3~5,ABOVE_PREV_HIGH,NIGHT_RETURN,-0.5~0%,133,34,0.8740429932638608,0.6792437876909151,-22.287142288679007,-0.850552124704985,-0.9514390817673176,-11.861349132168167,-0.07907065005788227,-0.19995306416549494,-152.8789936836523
CONDITIONAL,-1~0%,<1,BELOW_PREV_LOW,DIRECTION,UP_MIXED,288,78,0.7851585086198036,1.0403422747484732,32.50092348578711,-0.5302969752059482,-0.43146932837982466,18.636283336849594,0.10814405505061306,0.27127047921979824,150.84178607214196
CONDITIONAL,-1~0%,<1,BELOW_PREV_LOW,PERSISTENCE,MIXED,288,163,0.7851585086198036,0.7828130346819198,-0.2987261695739471,-0.5302969752059482,-0.5457795207011092,-2.9195990584611904,0.10814405505061306,0.10532058567211838,-2.61084104639247
CONDITIONAL,-1~0%,<1,BELOW_PREV_LOW,RETURN_5M,-0.05~0.05%,288,62,0.7851585086198036,0.9666479165009513,23.11500237069074,-0.5302969752059482,-0.6118692252459254,-15.382371360556494,0.10814405505061306,0.09506430063791765,-12.094751215472623
CONDITIONAL,-1~0%,<1,BELOW_PREV_LOW,RETURN_10M,-0.2~0%,288,65,0.7851585086198036,0.6429784469911116,-18.10845326998038,-0.5302969752059482,-0.5194034842770773,2.0542246020996613,0.10814405505061306,-0.0661702548866139,-161.18714048187414
CONDITIONAL,-1~0%,<1,BELOW_PREV_LOW,RANGE_10M,0.2~0.5%,288,223,0.7851585086198036,0.8195830417665015,4.384405539616621,-0.5302969752059482,-0.4766506038537027,10.116288393199143,0.10814405505061306,0.10880583249657336,0.6119406616023201
CONDITIONAL,-1~0%,<1,BELOW_PREV_LOW,RETURN_5M,0.05~0.2%,288,83,0.7851585086198036,0.9090055847044394,15.77351257421144,-0.5302969752059482,-0.44232325552845997,16.589519418496103,0.10814405505061306,0.27983028979604696,158.75697898056637
CONDITIONAL,-1~0%,<1,BELOW_PREV_LOW,RETURN_10M,0~0.2%,288,70,0.7851585086198036,1.1780697612030213,50.04228423556148,-0.5302969752059482,-0.39602235323227686,25.320646402239788,0.10814405505061306,0.27739205767451286,156.50236394842892
CONDITIONAL,-1~0%,<1,BELOW_PREV_LOW,NIGHT_RETURN,0~0.5%,288,90,0.7851585086198036,0.7737347197863128,-1.4549659346584947,-0.5302969752059482,-0.5059814877504334,4.585258561218751,0.10814405505061306,0.03730974610742199,-65.49995643314793
CONDITIONAL,-1~0%,<1,BELOW_PREV_LOW,RANGE_10M,0.5~1%,288,56,0.7851585086198036,0.6362325974647879,-18.96762367344222,-0.5302969752059482,-0.4926255925401305,7.103827558357749,0.10814405505061306,0.20397458612365257,88.6137763450699
CONDITIONAL,-1~0%,<1,BELOW_PREV_LOW,DIRECTION,DOWN_MIXED,288,75,0.7851585086198036,0.5547244749723648,-29.348727819623193,-0.5302969752059482,-0.6661952652814129,-25.6268273117505,0.10814405505061306,-0.04716320150791923,-143.61146018229678
CONDITIONAL,-1~0%,<1,BELOW_PREV_LOW,RETURN_5M,-0.2~-0.05%,288,78,0.7851585086198036,0.620824792222696,-20.930005163668515,-0.5302969752059482,-0.4887959620017578,7.825994705716155,0.10814405505061306,0.014595626283212777,-86.50353338758954
CONDITIONAL,-1~0%,<1,BELOW_PREV_LOW,RETURN_10M,-0.5~-0.2%,288,74,0.7851585086198036,0.5308920172377687,-32.38409678944944,-0.5302969752059482,-0.6932513963047409,-30.728898846822016,0.10814405505061306,0.06588780664437296,-39.07403729817929
CONDITIONAL,-1~0%,<1,BELOW_PREV_LOW,DIRECTION,DOWN,288,61,0.7851585086198036,0.6924478609253153,-11.80788932128627,-0.5302969752059482,-0.6481794672288576,-22.229523745091708,0.10814405505061306,-0.008465835984857012,-107.82829530564103
CONDITIONAL,-1~0%,<1,BELOW_PREV_LOW,PERSISTENCE,DOWN_PERSISTENT,288,61,0.7851585086198036,0.6924478609253153,-11.80788932128627,-0.5302969752059482,-0.6481794672288576,-22.229523745091708,0.10814405505061306,-0.008465835984857012,-107.82829530564103
CONDITIONAL,-1~0%,<1,BELOW_PREV_LOW,RETURN_5M,-0.5~-0.2%,288,30,0.7851585086198036,0.6168758641585332,-21.432951768820185,-0.5302969752059482,-0.6423015935152078,-21.121112045898624,0.10814405505061306,0.1320890790476711,22.141784849709396
CONDITIONAL,-1~0%,<1,BELOW_PREV_LOW,NIGHT_RETURN,0.5~1%,288,51,0.7851585086198036,0.6326191174216297,-19.427846673446407,-0.5302969752059482,-0.497498298671391,6.184963910423849,0.10814405505061306,0.19674506647839132,81.9286935248652
CONDITIONAL,-1~0%,<1,BELOW_PREV_LOW,DIRECTION,UP,288,62,0.7851585086198036,0.896813407184647,14.220682491375747,-0.5302969752059482,-0.38723634388859646,26.977455653370864,0.10814405505061306,0.22420994253073284,107.32525928105727
CONDITIONAL,-1~0%,<1,BELOW_PREV_LOW,PERSISTENCE,UP_PERSISTENT,288,62,0.7851585086198036,0.896813407184647,14.220682491375747,-0.5302969752059482,-0.38723634388859646,26.977455653370864,0.10814405505061306,0.22420994253073284,107.32525928105727
CONDITIONAL,-1~0%,<1,BELOW_PREV_LOW,RETURN_10M,0.2~0.5%,288,65,0.7851585086198036,0.7213505945784043,-8.126755723957507,-0.5302969752059482,-0.3507212242297867,33.863242555064694,0.10814405505061306,0.2054789763115294,90.00487471582429
CONDITIONAL,-1~0%,<1,BELOW_PREV_LOW,RETURN_5M,0.2~0.5%,288,32,0.7851585086198036,0.7088681656066451,-9.716553049557602,-0.5302969752059482,-0.41828453647921937,21.1225867700315,0.10814405505061306,0.04827123867317644,-55.36394612668744
CONDITIONAL,-1~0%,<1,BELOW_PREV_LOW,NIGHT_RETURN,-0.5~0%,288,69,0.7851585086198036,1.0200825419986381,29.920586836892,-0.5302969752059482,-0.5352405815393986,-0.9322335530068693,0.10814405505061306,0.04367224169627249,-59.61660428228514
CONDITIONAL,-3~-1%,<1,BELOW_PREV_LOW,PERSISTENCE,MIXED,81,43,1.6480259435942424,1.7154879831588943,4.093505920029474,-0.36951489680600835,-0.34953959028050663,5.40581900707201,1.0888632477113955,1.1941430061352951,9.668776923564979
CONDITIONAL,-3~-1%,<1,BELOW_PREV_LOW,RANGE_10M,0.2~0.5%,81,60,1.6480259435942424,1.6986237320448296,3.0702058209251626,-0.36951489680600835,-0.2936923301402559,20.51948847560496,1.0888632477113955,1.1641157506518856,6.911106890480317
CONDITIONAL,UNKNOWN,1~2,BELOW_PREV_LOW,DIRECTION,UP_MIXED,151,37,1.1471496106907892,1.2002606074210898,4.629823018317392,-0.6068765903483401,-0.5903987266332704,2.715191849072898,0.34335037265109036,0.3064427863060625,-10.749248955245216
CONDITIONAL,UNKNOWN,1~2,BELOW_PREV_LOW,PERSISTENCE,MIXED,151,88,1.1471496106907892,1.0458494399688254,-8.830598012491416,-0.6068765903483401,-0.553597253383665,8.779270417086513,0.34335037265109036,0.23141641325327858,-32.60050616329405
CONDITIONAL,UNKNOWN,1~2,BELOW_PREV_LOW,RETURN_5M,-0.05~0.05%,151,35,1.1471496106907892,1.4296591619065506,24.627088618862896,-0.6068765903483401,-0.5493292516977109,9.482543826183463,0.34335037265109036,0.553530698311991,61.21453255985949
CONDITIONAL,UNKNOWN,1~2,BELOW_PREV_LOW,RETURN_10M,-0.2~0%,151,32,1.1471496106907892,1.3261593580182738,15.604742891355613,-0.6068765903483401,-0.5090563463126366,16.11863854882848,0.34335037265109036,0.5399543978820226,57.26046653536605
CONDITIONAL,UNKNOWN,1~2,BELOW_PREV_LOW,RANGE_10M,0.2~0.5%,151,116,1.1471496106907892,1.1416967614245122,-0.4753389806751974,-0.6068765903483401,-0.6343045815178815,-4.519533560158924,0.34335037265109036,0.3447236710925848,0.39996998718564175
CONDITIONAL,UNKNOWN,1~2,BELOW_PREV_LOW,RETURN_5M,0.05~0.2%,151,34,1.1471496106907892,1.1862284860219818,3.4066066855621484,-0.6068765903483401,-0.6653900108064984,-9.641732996254198,0.34335037265109036,0.2689866804780737,-21.65825293819744
CONDITIONAL,UNKNOWN,1~2,BELOW_PREV_LOW,RETURN_10M,0~0.2%,151,39,1.1471496106907892,0.6810069529468507,-40.634861695436335,-0.6068765903483401,-0.6525943804391533,-7.533292734948262,0.34335037265109036,-0.035246952638781956,-110.26559323836808
CONDITIONAL,UNKNOWN,1~2,BELOW_PREV_LOW,NIGHT_RETURN,0~0.5%,151,41,1.1471496106907892,0.5698476424711078,-50.32490643239137,-0.6068765903483401,-0.7400961214589922,-21.951667477268426,0.34335037265109036,-0.09446440878573675,-127.51254004949944
CONDITIONAL,UNKNOWN,1~2,BELOW_PREV_LOW,DIRECTION,DOWN_MIXED,151,44,1.1471496106907892,1.0058791250616759,-12.314913792634535,-0.6068765903483401,-0.5244350482199646,13.584564545660763,0.34335037265109036,0.1797011483577506,-47.66245716577062
CONDITIONAL,UNKNOWN,1~2,BELOW_PREV_LOW,RETURN_5M,-0.2~-0.05%,151,43,1.1471496106907892,0.6344504994063991,-44.693308222948666,-0.6068765903483401,-0.7276277770015736,-19.897156781731145,0.34335037265109036,-0.007898655308808749,-102.30046504619213
CONDITIONAL,UNKNOWN,1~2,BELOW_PREV_LOW,RETURN_10M,-0.5~-0.2%,151,40,1.1471496106907892,1.2868937325794292,12.18185671566318,-0.6068765903483401,-0.702504441017851,-15.757380032507381,0.34335037265109036,0.40199481942757265,17.08005916046471
CONDITIONAL,UNKNOWN,1~2,BELOW_PREV_LOW,DIRECTION,DOWN,151,31,1.1471496106907892,1.4528877283105486,26.651982859990714,-0.6068765903483401,-0.6821106739303759,-12.396932881997044,0.34335037265109036,0.6025868227945661,75.50201508210085
CONDITIONAL,UNKNOWN,1~2,BELOW_PREV_LOW,PERSISTENCE,DOWN_PERSISTENT,151,31,1.1471496106907892,1.4528877283105486,26.651982859990714,-0.6068765903483401,-0.6821106739303759,-12.396932881997044,0.34335037265109036,0.6025868227945661,75.50201508210085
CONDITIONAL,UNKNOWN,1~2,BELOW_PREV_LOW,NIGHT_RETURN,-0.5~0%,151,30,1.1471496106907892,0.9678009957026154,-15.634282862213059,-0.6068765903483401,-0.26409995727463353,56.48209842415519,0.34335037265109036,0.5679006827439255,65.39975720982285
CONDITIONAL,UNKNOWN,1~2,BELOW_PREV_LOW,DIRECTION,UP,151,32,1.1471496106907892,1.129541278732047,-1.5349638612647023,-0.6068765903483401,-0.6805117485310984,-12.133464917553109,0.34335037265109036,0.40003344991858014,16.508814838273274
CONDITIONAL,UNKNOWN,1~2,BELOW_PREV_LOW,PERSISTENCE,UP_PERSISTENT,151,32,1.1471496106907892,1.129541278732047,-1.5349638612647023,-0.6068765903483401,-0.6805117485310984,-12.133464917553109,0.34335037265109036,0.40003344991858014,16.508814838273274
CONDITIONAL,-5~-3%,3~5,BELOW_PREV_LOW,DIRECTION,UP_MIXED,125,33,3.592347027692616,3.154952016513244,-12.175744932424116,-1.776723888508403,-2.3919827879769273,-34.62884151262508,0.6835095705111239,-0.4212626792481833,-161.63230149552487
CONDITIONAL,-5~-3%,3~5,BELOW_PREV_LOW,PERSISTENCE,MIXED,125,77,3.592347027692616,3.65988928547217,1.880170742383341,-1.776723888508403,-1.8573128228278115,-4.5358164451238805,0.6835095705111239,0.5817473795653751,-14.88818815947986
CONDITIONAL,-5~-3%,3~5,BELOW_PREV_LOW,RANGE_10M,0.2~0.5%,125,70,3.592347027692616,2.8901192715907724,-19.547881947053657,-1.776723888508403,-1.4550460570713766,18.10511095829761,0.6835095705111239,0.02316417153097375,-96.61099529101666
CONDITIONAL,-5~-3%,3~5,BELOW_PREV_LOW,NIGHT_RETURN,0~0.5%,125,37,3.592347027692616,3.3557674602862004,-6.585654603596909,-1.776723888508403,-1.5670652092155384,11.800296075766584,0.6835095705111239,0.027875531879497567,-95.92170569628566
CONDITIONAL,-5~-3%,3~5,BELOW_PREV_LOW,DIRECTION,DOWN_MIXED,125,44,3.592347027692616,4.038592237191366,12.422107498488959,-1.776723888508403,-1.4563103489659732,18.0339523555021,0.6835095705111239,1.3340049236755442,95.16989684255397
CONDITIONAL,-5~-3%,3~5,BELOW_PREV_LOW,RETURN_10M,-0.5~-0.2%,125,31,3.592347027692616,2.891942230943761,-19.497136310873866,-1.776723888508403,-1.0495592801313467,40.92727142806225,0.6835095705111239,0.02785434744090892,-95.92480505867978
CONDITIONAL,-5~-3%,3~5,BELOW_PREV_LOW,DIRECTION,UP,125,38,3.592347027692616,3.8220840646689815,6.395179396794718,-1.776723888508403,-1.7755879046813847,0.06393699293207937,0.6835095705111239,0.9179057437611782,34.29303456201416
CONDITIONAL,-5~-3%,3~5,BELOW_PREV_LOW,PERSISTENCE,UP_PERSISTENT,125,38,3.592347027692616,3.8220840646689815,6.395179396794718,-1.776723888508403,-1.7755879046813847,0.06393699293207937,0.6835095705111239,0.9179057437611782,34.29303456201416
CONDITIONAL,-5~-3%,3~5,BELOW_PREV_LOW,RETURN_5M,-0.05~0.05%,125,50,3.592347027692616,3.4370789887292297,-4.322189303161943,-1.776723888508403,-2.040100735191439,-14.82373532469058,0.6835095705111239,-0.28008500698081157,-140.9774813791365
CONDITIONAL,-5~-3%,3~5,BELOW_PREV_LOW,RANGE_10M,1~2%,125,32,3.592347027692616,5.050120639232626,40.57997738810734,-1.776723888508403,-1.7936523598611622,-0.9527913404131202,0.6835095705111239,2.4702803247818728,261.41122690273573
CONDITIONAL,-5~-3%,3~5,BELOW_PREV_LOW,NIGHT_RETURN,<-2%,125,41,3.592347027692616,5.0861956260652335,41.58419514754188,-1.776723888508403,-2.6746806201814946,-50.5400269271409,0.6835095705111239,1.6931500286937264,147.71416549845821
CONDITIONAL,UNKNOWN,3~5,BELOW_PREV_LOW,PERSISTENCE,MIXED,109,65,1.1254609492303074,1.1787372248802224,4.733729383178525,-0.38620818929608475,-0.41645425294338484,-7.831543837127722,0.5716770996548417,0.5857188566022608,2.4562391874533653
CONDITIONAL,UNKNOWN,3~5,BELOW_PREV_LOW,NIGHT_RETURN,0~0.5%,109,31,1.1254609492303074,1.1502840944380035,2.2055980906909705,-0.38620818929608475,-0.25793968300016346,33.21226992356313,0.5716770996548417,0.7579142906021198,32.57733973596659
CONDITIONAL,UNKNOWN,3~5,BELOW_PREV_LOW,RETURN_5M,-0.05~0.05%,109,34,1.1254609492303074,1.047105038193227,-6.962117263212668,-0.38620818929608475,-0.28925890295182777,25.102856187736418,0.5716770996548417,0.49686197487378553,-13.086955000686032
CONDITIONAL,UNKNOWN,3~5,BELOW_PREV_LOW,RANGE_10M,0.2~0.5%,109,81,1.1254609492303074,1.0610235700577983,-5.725421145582809,-0.38620818929608475,-0.349109260290779,9.605940535057902,0.5716770996548417,0.5895064472390457,3.1187793939915878
CONDITIONAL,UNKNOWN,3~5,BELOW_PREV_LOW,DIRECTION,DOWN_MIXED,109,35,1.1254609492303074,1.1658134617782583,3.585420940242097,-0.38620818929608475,-0.3864437033161236,-0.06098110463895315,0.5716770996548417,0.6914787338993676,20.956171642498518
CONDITIONAL,<-5%,5~10,BELOW_PREV_LOW,DIRECTION,DOWN_MIXED,312,162,3.914715603892189,4.0540687184049276,3.5597251144933097,-2.41118957014635,-2.6233938328951156,-8.800812071192134,0.27693723917965735,0.1323221019865699,-52.219462294585576
CONDITIONAL,<-5%,5~10,BELOW_PREV_LOW,PERSISTENCE,MIXED,312,212,3.914715603892189,3.94120592597206,0.6766857355751011,-2.41118957014635,-2.603764902549226,-7.986735459841404,0.27693723917965735,0.03479693231547904,-87.4350836967414
CONDITIONAL,<-5%,5~10,BELOW_PREV_LOW,RETURN_5M,-0.2~-0.05%,312,42,3.914715603892189,3.2074826610525453,-18.066010775763132,-2.41118957014635,-2.1607406188934553,10.386945694929056,0.27693723917965735,0.15604003429454671,-43.65509140021471
CONDITIONAL,<-5%,5~10,BELOW_PREV_LOW,RETURN_10M,0~0.2%,312,44,3.914715603892189,3.701004153553392,-5.459182018901072,-2.41118957014635,-2.211780810259123,8.270140280804366,0.27693723917965735,0.024197386648912387,-91.26250166984049
CONDITIONAL,<-5%,5~10,BELOW_PREV_LOW,RANGE_10M,0.2~0.5%,312,167,3.914715603892189,3.4473501628853636,-11.938681842996443,-2.41118957014635,-2.105443513000495,12.680299422798896,0.27693723917965735,0.3278368046994562,18.379458707168954
CONDITIONAL,<-5%,5~10,BELOW_PREV_LOW,RETURN_10M,-0.5~-0.2%,312,71,3.914715603892189,3.0416812669340136,-22.30134766597514,-2.41118957014635,-1.6534600219024993,31.42554851868654,0.27693723917965735,0.8014851460366559,189.4103907480311
CONDITIONAL,<-5%,5~10,BELOW_PREV_LOW,NIGHT_RETURN,0~0.5%,312,101,3.914715603892189,3.232747467669354,-17.420630391254754,-2.41118957014635,-1.9889748463887647,17.510639934128385,0.27693723917965735,0.23977681989103022,-13.418354064156777
CONDITIONAL,<-5%,5~10,BELOW_PREV_LOW,DIRECTION,UP_MIXED,312,49,3.914715603892189,3.6230697552137805,-7.449988152100776,-2.41118957014635,-2.5570400565877116,-6.048901681028303,0.27693723917965735,-0.2678500292181733,-196.71867532571562
CONDITIONAL,<-5%,5~10,BELOW_PREV_LOW,RETURN_5M,0.05~0.2%,312,108,3.914715603892189,4.084245396291299,4.330577481300441,-2.41118957014635,-3.5331892493978465,-46.53303469554223,0.27693723917965735,-1.0457132828911964,-477.5993744968373
CONDITIONAL,<-5%,5~10,BELOW_PREV_LOW,RETURN_10M,-0.2~0%,312,122,3.914715603892189,4.127793748117183,5.443004442344216,-2.41118957014635,-3.265260821320137,-35.42115733031924,0.27693723917965735,-0.7023146138648574,-353.60064104966585
CONDITIONAL,<-5%,5~10,BELOW_PREV_LOW,NIGHT_RETURN,-0.5~0%,312,33,3.914715603892189,3.410454754078804,-12.881161771037103,-2.41118957014635,-2.0995235184618,12.925821160782178,0.27693723917965735,0.3657550889860144,32.07147224744964
CONDITIONAL,<-5%,5~10,BELOW_PREV_LOW,DIRECTION,UP,312,71,3.914715603892189,4.227258920937237,7.983806454147089,-2.41118957014635,-1.5985130053186085,33.704382885930244,0.27693723917965735,1.563537692593934,464.5819598785055
CONDITIONAL,<-5%,5~10,BELOW_PREV_LOW,PERSISTENCE,UP_PERSISTENT,312,71,3.914715603892189,4.227258920937237,7.983806454147089,-2.41118957014635,-1.5985130053186085,33.704382885930244,0.27693723917965735,1.563537692593934,464.5819598785055
CONDITIONAL,<-5%,5~10,BELOW_PREV_LOW,RETURN_5M,0.2~0.5%,312,51,3.914715603892189,5.07365768509432,29.60475800719362,-2.41118957014635,-1.6386106909167437,32.04139934889954,0.27693723917965735,2.1410521780637937,673.1181925572783
CONDITIONAL,<-5%,5~10,BELOW_PREV_LOW,RETURN_5M,-0.05~0.05%,312,92,3.914715603892189,3.5379495557985017,-9.624352985414554,-2.41118957014635,-1.7854246085935974,25.952540990577155,0.27693723917965735,0.7009948923687763,153.12409932490885
CONDITIONAL,<-5%,5~10,BELOW_PREV_LOW,RETURN_10M,>=1%,312,37,3.914715603892189,5.487709453086461,40.18156127689915,-2.41118957014635,-1.4986033285736096,37.84796736315303,0.27693723917965735,2.480204119111335,795.583463768971
CONDITIONAL,<-5%,5~10,BELOW_PREV_LOW,RANGE_10M,1~2%,312,42,3.914715603892189,5.5244895547876,41.12109572646606,-2.41118957014635,-1.3621118569020847,43.5087197719004,0.27693723917965735,2.7837821449240545,905.2032558604852
CONDITIONAL,<-5%,5~10,BELOW_PREV_LOW,NIGHT_RETURN,<-2%,312,125,3.914715603892189,4.759674588861223,21.584172912303963,-2.41118957014635,-2.9562608988905645,-22.60590936079451,0.27693723917965735,0.15950862848539288,-42.40260755184501
CONDITIONAL,<-5%,5~10,BELOW_PREV_LOW,RANGE_10M,>=2%,312,82,3.914715603892189,4.422215651685034,12.963905916646048,-2.41118957014635,-3.6608184206992798,-51.82623821971336,0.27693723917965735,-1.099170183648484,-496.9022681472678
CONDITIONAL,3~5%,1~2,BETWEEN_PREV_HIGH_LOW,PERSISTENCE,MIXED,88,56,2.00800707193581,1.54359155573026,-23.12818130455249,-3.8870266703313976,-4.113122196261126,-5.816670301118678,-1.1964333898004476,-1.6987876741635703,-41.98765168589203
CONDITIONAL,3~5%,1~2,BETWEEN_PREV_HIGH_LOW,RETURN_10M,0~0.2%,88,30,2.00800707193581,2.0101760577106385,0.10801683943959428,-3.8870266703313976,-3.785174612795751,2.620307658629028,-1.1964333898004476,-1.208658676188514,-1.0218108665544325
CONDITIONAL,3~5%,1~2,BETWEEN_PREV_HIGH_LOW,RANGE_10M,0.2~0.5%,88,72,2.00800707193581,1.8583292485558762,-7.454048617251005,-3.8870266703313976,-3.9237439361909643,-0.944610597602004,-1.1964333898004476,-1.2484629004754892,-4.348717707027523
CONDITIONAL,3~5%,1~2,BETWEEN_PREV_HIGH_LOW,NIGHT_RETURN,0~0.5%,88,39,2.00800707193581,2.5576315097840276,27.371638552963606,-3.8870266703313976,-3.872242615525986,0.3803435391440471,-1.1964333898004476,-0.38480611853447794,67.8372300693932
CONDITIONAL,3~5%,1~2,BETWEEN_PREV_HIGH_LOW,RETURN_5M,-0.05~0.05%,88,32,2.00800707193581,2.4383078961780176,21.42924844519488,-3.8870266703313976,-4.2060413420301455,-8.207164466704045,-1.1964333898004476,-1.0297654525360442,13.930398356084142
CONDITIONAL,>=5%,2~3,ABOVE_PREV_HIGH,RANGE_10M,0.2~0.5%,50,32,8.796191266731554,12.231053773467773,39.04942949259592,-6.555821908386249,-7.445913505313079,-13.577116788182117,-1.2357194698587548,-1.3004654036558463,-5.23953335496867
CONDITIONAL,-5~-3%,3~5,BETWEEN_PREV_HIGH_LOW,PERSISTENCE,MIXED,67,48,4.674117941231989,5.4153228763769015,15.85764297059111,-2.8663702361866807,-2.460741050522756,14.151318644850285,0.914247722746752,1.732080165610057,89.45414054805863
CONDITIONAL,-5~-3%,3~5,BETWEEN_PREV_HIGH_LOW,RANGE_10M,0.2~0.5%,67,38,4.674117941231989,5.551857663115057,18.77872430518337,-2.8663702361866807,-3.065737521901354,-6.955391986622936,0.914247722746752,1.0468499622562786,14.503972633493511
CONDITIONAL,-5~-3%,3~5,BETWEEN_PREV_HIGH_LOW,DIRECTION,DOWN_MIXED,67,31,4.674117941231989,4.380753054071569,-6.276368950225848,-2.8663702361866807,-2.297241922623289,19.85536642749055,0.914247722746752,1.338748883895074,46.43174389026173
CONDITIONAL,-5~-3%,5~10,BETWEEN_PREV_HIGH_LOW,RANGE_10M,0.2~0.5%,68,31,4.373251513678743,4.3017655400162145,-1.6346183940926597,-4.0687931313997545,-4.45846888990733,-9.577182862907517,-0.13297797707149253,-0.692944379205802,-421.0970977797748
CONDITIONAL,-5~-3%,5~10,BETWEEN_PREV_HIGH_LOW,PERSISTENCE,MIXED,68,46,4.373251513678743,4.586712135884143,4.88105066762646,-4.0687931313997545,-3.9427749322469396,3.097188652337845,-0.13297797707149253,0.19506550309388174,246.6900816132955
CONDITIONAL,>=5%,5~10,BETWEEN_PREV_HIGH_LOW,DIRECTION,UP,55,32,7.91999884957673,8.30589412008805,4.872415739453587,-3.7939807553446045,-2.5735862746800895,32.1665964948646,1.7800489170868496,3.7698614673896,111.78414992994634
CONDITIONAL,>=5%,5~10,BETWEEN_PREV_HIGH_LOW,PERSISTENCE,UP_PERSISTENT,55,32,7.91999884957673,8.30589412008805,4.872415739453587,-3.7939807553446045,-2.5735862746800895,32.1665964948646,1.7800489170868496,3.7698614673896,111.78414992994634
CONDITIONAL,>=5%,5~10,BETWEEN_PREV_HIGH_LOW,RETURN_10M,0.2~0.5%,55,33,7.91999884957673,8.438158270858377,6.542417885696268,-3.7939807553446045,-2.4277878643974766,36.009483944339024,1.7800489170868496,4.001390415149167,124.79103673721887
CONDITIONAL,>=5%,5~10,BETWEEN_PREV_HIGH_LOW,NIGHT_RETURN,>=2%,55,30,7.91999884957673,7.436449673386195,-6.105419778140213,-3.7939807553446045,-1.5786073719564113,58.391792848906334,1.7800489170868496,4.050332582964296,127.54052116685051
